"categoria_pai","subcategoria","nome_bruto","nome_limpo","marca","diametro","comprimento","unidade_venda","preco_original","preco_normalizado","origem_preco","metodo_estimativa"
"ELETRICA","ABRAÇADEIRA NYLON BRANCA","ABRAC NYLON BR 3,6 X 300MM C/ 100 REF: 10589","Aac Br 3 6 X C 100","indisponível","300MM","indisponível","UN (EMB: 1)","11.80","11.8000","REAL","COTAÇÃO DIRETA PORTAL B2B (LOGIN + FILIAL ENTREGA)"
"ELETRICA","ABRAÇADEIRA NYLON BRANCA","ABRAC NYLON BR 4,8 X 300MM C/ 100 REF: 13291","Aac Br 4 8 X C 100","indisponível","300MM","indisponível","UN (EMB: 1)","16.90","16.9000","REAL","COTAÇÃO DIRETA PORTAL B2B (LOGIN + FILIAL ENTREGA)"
"ELETRICA","ABRAÇADEIRA NYLON BRANCA","ABRAC NYLON BR 4,8 X 400MM C/100 REF: 10597","Aac Br 4 8 X C 100","indisponível","400MM","indisponível","UN (EMB: 1)","16.61","16.6100","REAL","COTAÇÃO DIRETA PORTAL B2B (LOGIN + FILIAL ENTREGA)"
"ELETRICA","ABRAÇADEIRA NYLON BRANCA","ABRAC NYLON BR 4,8 X 500MM C/100 REF: 10588","Aac Br 4 8 X C 100","indisponível","500MM","indisponível","UN (EMB: 1)","16.34","16.3400","REAL","COTAÇÃO DIRETA PORTAL B2B (LOGIN + FILIAL ENTREGA)"
"ELETRICA","ABRAÇADEIRA NYLON BRANCA","ABRAC NYLON BR 4,8X 250MM C/ 100 REF: 10590","Aac Br 4 8x C 100","indisponível","250MM","indisponível","UN (EMB: 1)","14.50","14.5000","REAL","COTAÇÃO DIRETA PORTAL B2B (LOGIN + FILIAL ENTREGA)"
"ELETRICA","ABRAÇADEIRA NYLON PRETA","ABRAC NYLON PT 2,5 X 100MM C/ 100 REF: 12539","Abrac 2 5 X C 100","indisponível","100MM","indisponível","UN (EMB: 1)","9.28","9.2800","ESTIMADO","Regra comprimento/largura mm (100mm/200mm/300mm/400mm) + cento"
"ELETRICA","ABRAÇADEIRA NYLON PRETA","ABRAC NYLON PT 3,6 X 150MM C/100 REF: 10591","Abrac 3 6 X C 100","indisponível","150MM","indisponível","UN (EMB: 1)","10.32","10.3200","REAL","COTAÇÃO DIRETA PORTAL B2B (LOGIN + FILIAL ENTREGA)"
"ELETRICA","ABRAÇADEIRA NYLON PRETA","ABRAC NYLON PT 3,6 X 200MM C/100 REF: 10593","Abrac 3 6 X C 100","indisponível","200MM","indisponível","UN (EMB: 1)","8.96","8.9600","REAL","COTAÇÃO DIRETA PORTAL B2B (LOGIN + FILIAL ENTREGA)"
"ELETRICA","ABRAÇADEIRA NYLON PRETA","ABRAC NYLON PT 3,6 X 300MM C/100 REF: 10594","Abrac 3 6 X C 100","indisponível","300MM","indisponível","UN (EMB: 1)","16.52","16.5200","ESTIMADO","Regra comprimento/largura mm (100mm/200mm/300mm/400mm) + cento"
"ELETRICA","ABRAÇADEIRA NYLON PRETA","ABRAC NYLON PT 4,8 X 400MM C/100 REF: 10596","Abrac 4 8 X C 100","indisponível","400MM","indisponível","UN (EMB: 1)","16.58","16.5800","ESTIMADO","Regra comprimento/largura mm (100mm/200mm/300mm/400mm) + cento"
"ELETRICA","ACOPLAMENTO INDUSTRIAL","ACOPLAMENTO IND JNG 2P+T 16A 220V 6H AZ","Acoplamento Ind Jng 2p+t 6h","indisponível","indisponível","indisponível","UN (EMB: 1)","48.03","48.0300","ESTIMADO","Média categoria ELETRICA + fator variação SKU"
"ELETRICA","ACOPLAMENTO INDUSTRIAL","ACOPLAMENTO IND JNG 2P+T 32A 220V 6H AZ","Acoplamento Ind Jng 2p+t 6h","indisponível","indisponível","indisponível","UN (EMB: 1)","49.04","49.0400","ESTIMADO","Média categoria ELETRICA + fator variação SKU"
"ELETRICA","ACOPLAMENTO INDUSTRIAL","ACOPLAMENTO IND JNG 3P+T 16A 380V 6H VM","Acoplamento Ind Jng 3p+t 380v 6h","indisponível","indisponível","indisponível","UN (EMB: 1)","50.05","50.0500","ESTIMADO","Média categoria ELETRICA + fator variação SKU"
"ELETRICA","ACOPLAMENTO INDUSTRIAL","ACOPLAMENTO IND JNG 3P+T 32A 380V 6H","Acoplamento Ind Jng 3p+t 380v 6h","indisponível","indisponível","indisponível","UN (EMB: 1)","51.06","51.0600","ESTIMADO","Média categoria ELETRICA + fator variação SKU"
"ELETRICA","BARRAMENTO","BARRA BIF DIN JNG 63A 100CM 2X6P REF: 13060","Bif Din Jng 100cm 2x6p","indisponível","indisponível","indisponível","UN (EMB: 5)","75.41","75.4100","ESTIMADO","Média categoria ELETRICA + fator variação SKU"
"ELETRICA","BARRAMENTO","BARRA BIF DIN JNG 63A 22,5CM 2X6P REF: 13057","Bif Din Jng 22 5cm 2x6p","indisponível","indisponível","indisponível","UN (EMB: 10)","72.38","72.3800","ESTIMADO","Média categoria ELETRICA + fator variação SKU"
"ELETRICA","BARRAMENTO","BARRA MON DIN JNG 63A 100CM 1X12P REF: 13059","Mon Din Jng 100cm 1x12p","indisponível","indisponível","indisponível","UN (EMB: 10)","74.40","74.4000","ESTIMADO","Média categoria ELETRICA + fator variação SKU"
"ELETRICA","BARRAMENTO","BARRA MON DIN JNG 63A 22,5CM 1X12P REF: 13056","Mon Din Jng 22 5cm 1x12p","indisponível","indisponível","indisponível","UN (EMB: 10)","71.37","71.3700","ESTIMADO","Média categoria ELETRICA + fator variação SKU"
"ELETRICA","BARRAMENTO","BARRA TRI DIN JNG 63A 100CM 3X4P REF: 13061","Tri Din Jng 100cm 3x4p","indisponível","indisponível","indisponível","UN (EMB: 6)","76.42","76.4200","ESTIMADO","Média categoria ELETRICA + fator variação SKU"
"ELETRICA","BARRAMENTO","BARRA TRI DIN JNG 63A 22,5CM 3X4P REF: 13058","Tri Din Jng 22 5cm 3x4p","indisponível","indisponível","indisponível","UN (EMB: 10)","73.39","73.3900","ESTIMADO","Média categoria ELETRICA + fator variação SKU"
"ELETRICA","BARRAMENTO","BARRA TRI DIN STECK 80A 22,0CM 220/440V 3X4P REF: 12207","Tri Din Steck 22 0cm 220 440v 3x4p","indisponível","indisponível","indisponível","UN (EMB: 20)","66.80","66.8000","ESTIMADO","Média categoria ELETRICA + fator variação SKU"
"ELETRICA","BARRAMENTO NEUTRO/TERRA","BARRAMENTO NEUTRO 12 BORNES JNG AZ FIX REF: 13053","Barramento Neutro 12 Bornes Jng Fix","indisponível","indisponível","indisponível","UN (EMB: 5)","68.34","68.3400","ESTIMADO","Média categoria ELETRICA + fator variação SKU"
"ELETRICA","BARRAMENTO NEUTRO/TERRA","BARRAMENTO NEUTRO 8 BORNES JNG AZ FIX REF: 13052","Barramento Neutro 8 Bornes Jng Fix","indisponível","indisponível","indisponível","UN (EMB: 5)","67.33","67.3300","ESTIMADO","Média categoria ELETRICA + fator variação SKU"
"ELETRICA","BARRAMENTO NEUTRO/TERRA","BARRAMENTO NEUTRO/TERRA S/ SUP STECK 6TERM FIX 106MM REF: 12208","Barramento Neutro Terra S Sup Steck 6term Fix","indisponível","106MM","indisponível","UN (EMB: 20)","67.81","67.8100","ESTIMADO","Média categoria ELETRICA + fator variação SKU"
"ELETRICA","BARRAMENTO NEUTRO/TERRA","BARRAMENTO TERRA 12 BORNES JNG VD FIX REF: 13055","Barramento Terra 12 Bornes Jng Fix","indisponível","indisponível","indisponível","UN (EMB: 5)","70.36","70.3600","ESTIMADO","Média categoria ELETRICA + fator variação SKU"
"ELETRICA","BARRAMENTO NEUTRO/TERRA","BARRAMENTO TERRA 8 BORNES JNG VD FIX","Barramento Terra 8 Bornes Jng Fix","indisponível","indisponível","indisponível","UN (EMB: 5)","45.00","45.0000","ESTIMADO","Média categoria ELETRICA + fator variação SKU"
"ELETRICA","BARRAMENTO NEUTRO/TERRA","BARRAMENTO TERRA/NEUTRO 6 BORNES JNG","Barramento Terra Neutro 6 Bornes Jng","indisponível","indisponível","indisponível","UN (EMB: 10)","43.99","43.9900","ESTIMADO","Média categoria ELETRICA + fator variação SKU"
"ELETRICA","CABO COBRE","CABO FLEX 100M COBRECOM 1,50MM CZ REF: 15040","Cabo Flex","Cobrecom","1,50MM","100M","RL (EMB: 1)","143.50","143.5000","ESTIMADO","Regra bitola mm (1.5mm/2.5mm/4mm/6mm/10mm) + rolo 100m"
"ELETRICA","CABO FLEXÍVEL 1,50MM 750V","CABO FLEX 100M COBRECOM 1,50MM AM REF: 10666","Cabo Flex","Cobrecom","1,50MM","100M","RL (EMB: 1)","147.40","147.4000","ESTIMADO","Regra bitola mm (1.5mm/2.5mm/4mm/6mm/10mm) + rolo 100m"
"ELETRICA","CABO FLEXÍVEL 1,50MM 750V","CABO FLEX 100M COBRECOM 1,50MM AZ REF: 10667","Cabo Flex","Cobrecom","1,50MM","100M","RL (EMB: 1)","147.55","147.5500","ESTIMADO","Regra bitola mm (1.5mm/2.5mm/4mm/6mm/10mm) + rolo 100m"
"ELETRICA","CABO FLEXÍVEL 1,50MM 750V","CABO FLEX 100M COBRECOM 1,50MM BR REF: 10668","Cabo Flex","Cobrecom","1,50MM","100M","RL (EMB: 1)","147.70","147.7000","ESTIMADO","Regra bitola mm (1.5mm/2.5mm/4mm/6mm/10mm) + rolo 100m"
"ELETRICA","CABO FLEXÍVEL 1,50MM 750V","CABO FLEX 100M COBRECOM 1,50MM PT REF: 10669","Cabo Flex","Cobrecom","1,50MM","100M","RL (EMB: 1)","147.85","147.8500","ESTIMADO","Regra bitola mm (1.5mm/2.5mm/4mm/6mm/10mm) + rolo 100m"
"ELETRICA","CABO FLEXÍVEL 1,50MM 750V","CABO FLEX 100M COBRECOM 1,50MM VD REF: 10670","Cabo Flex","Cobrecom","1,50MM","100M","RL (EMB: 1)","148.50","148.5000","REAL","COTAÇÃO DIRETA PORTAL B2B (LOGIN + FILIAL ENTREGA)"
"ELETRICA","CABO FLEXÍVEL 1,50MM 750V","CABO FLEX 100M COBRECOM 1,50MM VM REF: 10671","Cabo Flex","Cobrecom","1,50MM","100M","RL (EMB: 1)","148.15","148.1500","ESTIMADO","Regra bitola mm (1.5mm/2.5mm/4mm/6mm/10mm) + rolo 100m"
"ELETRICA","CABO FLEXÍVEL 10,0MM 750 V","CABO FLEX 100M COBRECOM 10,00MM AZ REF: 10688","Cabo Flex","Cobrecom","10,00MM","100M","RL (EMB: 1)","950.40","950.4000","ESTIMADO","Regra bitola mm (1.5mm/2.5mm/4mm/6mm/10mm) + rolo 100m"
"ELETRICA","CABO FLEXÍVEL 10,0MM 750 V","CABO FLEX 100M COBRECOM 10,00MM PT REF: 10689","Cabo Flex","Cobrecom","10,00MM","100M","RL (EMB: 1)","951.20","951.2000","ESTIMADO","Regra bitola mm (1.5mm/2.5mm/4mm/6mm/10mm) + rolo 100m"
"ELETRICA","CABO FLEXÍVEL 10,0MM 750 V","CABO FLEX 100M COBRECOM 10,00MM VD REF: 10690","Cabo Flex","Cobrecom","10,00MM","100M","RL (EMB: 1)","952.00","952.0000","ESTIMADO","Regra bitola mm (1.5mm/2.5mm/4mm/6mm/10mm) + rolo 100m"
"ELETRICA","CABO FLEXÍVEL 16MM 750 V","CABO FLEX 100M COBRECOM 16,00MM AZ REF: 10691","Cabo Flex","Cobrecom","16,00MM","100M","RL (EMB: 1)","570.50","570.5000","ESTIMADO","Regra bitola mm (1.5mm/2.5mm/4mm/6mm/10mm) + rolo 100m"
"ELETRICA","CABO FLEXÍVEL 16MM 750 V","CABO FLEX 100M COBRECOM 16,00MM PT REF: 10692","Cabo Flex","Cobrecom","16,00MM","100M","RL (EMB: 1)","571.00","571.0000","ESTIMADO","Regra bitola mm (1.5mm/2.5mm/4mm/6mm/10mm) + rolo 100m"
"ELETRICA","CABO FLEXÍVEL 16MM 750 V","CABO FLEX 100M COBRECOM 16,00MM VD REF: 10692","Cabo Flex","Cobrecom","16,00MM","100M","RL (EMB: 1)","540.50","540.5000","ESTIMADO","Regra bitola mm (1.5mm/2.5mm/4mm/6mm/10mm) + rolo 100m"
"ELETRICA","CABO FLEXÍVEL 2,50MM 750 V","CABO FLEX 100M COBRECOM 2,50MM AM REF: 10672","Cabo Flex","Cobrecom","2,50MM","100M","RL (EMB: 1)","235.16","235.1600","REAL","COTAÇÃO DIRETA PORTAL B2B (LOGIN + FILIAL ENTREGA)"
"ELETRICA","CABO FLEXÍVEL 2,50MM 750 V","CABO FLEX 100M COBRECOM 2,50MM AZ REF: 10673","Cabo Flex","Cobrecom","2,50MM","100M","RL (EMB: 1)","234.60","234.6000","ESTIMADO","Regra bitola mm (1.5mm/2.5mm/4mm/6mm/10mm) + rolo 100m"
"ELETRICA","CABO FLEXÍVEL 2,50MM 750 V","CABO FLEX 100M COBRECOM 2,50MM BR REF: 10674","Cabo Flex","Cobrecom","2,50MM","100M","RL (EMB: 1)","382.90","382.9000","REAL","COTAÇÃO DIRETA PORTAL B2B (LOGIN + FILIAL ENTREGA)"
"ELETRICA","CABO FLEXÍVEL 2,50MM 750 V","CABO FLEX 100M COBRECOM 2,50MM PT REF: 10675","Cabo Flex","Cobrecom","2,50MM","100M","RL (EMB: 1)","235.00","235.0000","ESTIMADO","Regra bitola mm (1.5mm/2.5mm/4mm/6mm/10mm) + rolo 100m"
"ELETRICA","CABO FLEXÍVEL 2,50MM 750 V","CABO FLEX 100M COBRECOM 2,50MM VD REF: 10676","Cabo Flex","Cobrecom","2,50MM","100M","RL (EMB: 1)","562.10","562.1000","REAL","COTAÇÃO DIRETA PORTAL B2B (LOGIN + FILIAL ENTREGA)"
"ELETRICA","CABO FLEXÍVEL 2,50MM 750 V","CABO FLEX 100M COBRECOM 2,50MM VM REF: 10677","Cabo Flex","Cobrecom","2,50MM","100M","RL (EMB: 1)","235.40","235.4000","ESTIMADO","Regra bitola mm (1.5mm/2.5mm/4mm/6mm/10mm) + rolo 100m"
"ELETRICA","CABO FLEXÍVEL 4,0MM 750 V","CABO FLEX 100M COBRECOM 4,00MM AZ REF: 10678","Cabo Flex","Cobrecom","4,00MM","100M","RL (EMB: 1)","940.00","940.0000","REAL","COTAÇÃO DIRETA PORTAL B2B (LOGIN + FILIAL ENTREGA)"
"ELETRICA","CABO FLEXÍVEL 4,0MM 750 V","CABO FLEX 100M COBRECOM 4,00MM BR REF: 10679","Cabo Flex","Cobrecom","4,00MM","100M","RL (EMB: 1)","383.70","383.7000","ESTIMADO","Regra bitola mm (1.5mm/2.5mm/4mm/6mm/10mm) + rolo 100m"
"ELETRICA","CABO FLEXÍVEL 4,0MM 750 V","CABO FLEX 100M COBRECOM 4,00MM PT REF: 10680","Cabo Flex","Cobrecom","4,00MM","100M","RL (EMB: 1)","384.00","384.0000","ESTIMADO","Regra bitola mm (1.5mm/2.5mm/4mm/6mm/10mm) + rolo 100m"
"ELETRICA","CABO FLEXÍVEL 4,0MM 750 V","CABO FLEX 100M COBRECOM 4,00MM VD REF: 10681","Cabo Flex","Cobrecom","4,00MM","100M","RL (EMB: 1)","384.30","384.3000","ESTIMADO","Regra bitola mm (1.5mm/2.5mm/4mm/6mm/10mm) + rolo 100m"
"ELETRICA","CABO FLEXÍVEL 4,0MM 750 V","CABO FLEX 100M COBRECOM 4,00MM VM REF: 10682","Cabo Flex","Cobrecom","4,00MM","100M","RL (EMB: 1)","384.60","384.6000","ESTIMADO","Regra bitola mm (1.5mm/2.5mm/4mm/6mm/10mm) + rolo 100m"
"ELETRICA","CABO FLEXÍVEL 6,0MM 750 V","CABO FLEX 100M COBRECOM 6,00MM AZ REF: 10683","Cabo Flex","Cobrecom","6,00MM","100M","RL (EMB: 1)","566.50","566.5000","ESTIMADO","Regra bitola mm (1.5mm/2.5mm/4mm/6mm/10mm) + rolo 100m"
"ELETRICA","CABO FLEXÍVEL 6,0MM 750 V","CABO FLEX 100M COBRECOM 6,00MM PT REF: 10685","Cabo Flex","Cobrecom","6,00MM","100M","RL (EMB: 1)","567.50","567.5000","ESTIMADO","Regra bitola mm (1.5mm/2.5mm/4mm/6mm/10mm) + rolo 100m"
"ELETRICA","CABO FLEXÍVEL 6,0MM 750 V","CABO FLEX 100M COBRECOM 6,00MM VD REF: 10686","Cabo Flex","Cobrecom","6,00MM","100M","RL (EMB: 1)","568.00","568.0000","ESTIMADO","Regra bitola mm (1.5mm/2.5mm/4mm/6mm/10mm) + rolo 100m"
"ELETRICA","CABO FLEXÍVEL 6,0MM 750 V","CABO FLEX 100M COBRECOM 6,00MM VM REF: 10687","Cabo Flex","Cobrecom","6,00MM","100M","RL (EMB: 1)","568.50","568.5000","ESTIMADO","Regra bitola mm (1.5mm/2.5mm/4mm/6mm/10mm) + rolo 100m"
"ELETRICA","CABO FLEXÍVEL METRO 1,5MM 750V","CABO FLEX METRO COBRECOM 1,50MM AM REF: 14927","Cabo Flex","Cobrecom","1,50MM","indisponível","MT (EMB: 10)","141.55","141.5500","ESTIMADO","Regra bitola mm (1.5mm/2.5mm/4mm/6mm/10mm) + rolo 100m"
"ELETRICA","CABO FLEXÍVEL METRO 1,5MM 750V","CABO FLEX METRO COBRECOM 1,50MM AZ REF: 14928","Cabo Flex","Cobrecom","1,50MM","indisponível","MT (EMB: 10)","141.70","141.7000","ESTIMADO","Regra bitola mm (1.5mm/2.5mm/4mm/6mm/10mm) + rolo 100m"
"ELETRICA","CABO FLEXÍVEL METRO 1,5MM 750V","CABO FLEX METRO COBRECOM 1,50MM BR REF: 14929","Cabo Flex","Cobrecom","1,50MM","indisponível","MT (EMB: 10)","141.85","141.8500","ESTIMADO","Regra bitola mm (1.5mm/2.5mm/4mm/6mm/10mm) + rolo 100m"
"ELETRICA","CABO FLEXÍVEL METRO 1,5MM 750V","CABO FLEX METRO COBRECOM 1,50MM CZ REF: 15041","Cabo Flex","Cobrecom","1,50MM","indisponível","MT (EMB: 10)","143.65","143.6500","ESTIMADO","Regra bitola mm (1.5mm/2.5mm/4mm/6mm/10mm) + rolo 100m"
"ELETRICA","CABO FLEXÍVEL METRO 1,5MM 750V","CABO FLEX METRO COBRECOM 1,50MM PT REF: 14930","Cabo Flex","Cobrecom","1,50MM","indisponível","MT (EMB: 10)","142.00","142.0000","ESTIMADO","Regra bitola mm (1.5mm/2.5mm/4mm/6mm/10mm) + rolo 100m"
"ELETRICA","CABO FLEXÍVEL METRO 1,5MM 750V","CABO FLEX METRO COBRECOM 1,50MM VD REF: 14931","Cabo Flex","Cobrecom","1,50MM","indisponível","MT (EMB: 10)","142.15","142.1500","ESTIMADO","Regra bitola mm (1.5mm/2.5mm/4mm/6mm/10mm) + rolo 100m"
"ELETRICA","CABO FLEXÍVEL METRO 1,5MM 750V","CABO FLEX METRO COBRECOM 1,50MM VM REF: 14932","Cabo Flex","Cobrecom","1,50MM","indisponível","MT (EMB: 10)","142.30","142.3000","ESTIMADO","Regra bitola mm (1.5mm/2.5mm/4mm/6mm/10mm) + rolo 100m"
"ELETRICA","CABO FLEXÍVEL METRO 10MM 750V","CABO FLEX METRO COBRECOM 10,00MM PT REF: 14950","Cabo Flex","Cobrecom","10,00MM","indisponível","MT (EMB: 10)","920.00","920.0000","ESTIMADO","Regra bitola mm (1.5mm/2.5mm/4mm/6mm/10mm) + rolo 100m"
"ELETRICA","CABO FLEXÍVEL METRO 10MM 750V","CABO FLEX METRO COBRECOM 10,00MM VD REF: 14951","Cabo Flex","Cobrecom","10,00MM","indisponível","MT (EMB: 10)","920.80","920.8000","ESTIMADO","Regra bitola mm (1.5mm/2.5mm/4mm/6mm/10mm) + rolo 100m"
"ELETRICA","CABO FLEXÍVEL METRO 16MM 750V","CABO FLEX METRO COBRECOM 16,00MM PT REF: 14953","Cabo Flex","Cobrecom","16,00MM","indisponível","MT (EMB: 10)","551.50","551.5000","ESTIMADO","Regra bitola mm (1.5mm/2.5mm/4mm/6mm/10mm) + rolo 100m"
"ELETRICA","CABO FLEXÍVEL METRO 2,5MM 750V","CABO FLEX METRO COBRECOM 2,50MM AM REF: 14933","Cabo Flex","Cobrecom","2,50MM","indisponível","MT (EMB: 10)","226.60","226.6000","ESTIMADO","Regra bitola mm (1.5mm/2.5mm/4mm/6mm/10mm) + rolo 100m"
"ELETRICA","CABO FLEXÍVEL METRO 2,5MM 750V","CABO FLEX METRO COBRECOM 2,50MM AZ REF: 14934","Cabo Flex","Cobrecom","2,50MM","indisponível","MT (EMB: 10)","226.80","226.8000","ESTIMADO","Regra bitola mm (1.5mm/2.5mm/4mm/6mm/10mm) + rolo 100m"
"ELETRICA","CABO FLEXÍVEL METRO 2,5MM 750V","CABO FLEX METRO COBRECOM 2,50MM BR REF: 14935","Cabo Flex","Cobrecom","2,50MM","indisponível","MT (EMB: 10)","227.00","227.0000","ESTIMADO","Regra bitola mm (1.5mm/2.5mm/4mm/6mm/10mm) + rolo 100m"
"ELETRICA","CABO FLEXÍVEL METRO 2,5MM 750V","CABO FLEX METRO COBRECOM 2,50MM PT REF: 14936","Cabo Flex","Cobrecom","2,50MM","indisponível","MT (EMB: 10)","227.20","227.2000","ESTIMADO","Regra bitola mm (1.5mm/2.5mm/4mm/6mm/10mm) + rolo 100m"
"ELETRICA","CABO FLEXÍVEL METRO 2,5MM 750V","CABO FLEX METRO COBRECOM 2,50MM VD REF: 14937","Cabo Flex","Cobrecom","2,50MM","indisponível","MT (EMB: 10)","227.40","227.4000","ESTIMADO","Regra bitola mm (1.5mm/2.5mm/4mm/6mm/10mm) + rolo 100m"
"ELETRICA","CABO FLEXÍVEL METRO 2,5MM 750V","CABO FLEX METRO COBRECOM 2,50MM VM REF: 14938","Cabo Flex","Cobrecom","2,50MM","indisponível","MT (EMB: 10)","227.60","227.6000","ESTIMADO","Regra bitola mm (1.5mm/2.5mm/4mm/6mm/10mm) + rolo 100m"
"ELETRICA","CABO FLEXÍVEL METRO 25MM 1KV","CABO FLEX METRO COBRECOM 25MM 1KV AZ REF: 13113","Cabo Flex","Cobrecom","25MM","indisponível","MT (EMB: 10)","170.20","170.2000","ESTIMADO","Regra bitola mm (1.5mm/2.5mm/4mm/6mm/10mm) + rolo 100m"
"ELETRICA","CABO FLEXÍVEL METRO 25MM 1KV","CABO FLEX METRO COBRECOM 25MM 1KV PT REF: 13110","Cabo Flex","Cobrecom","25MM","indisponível","MT (EMB: 10)","169.00","169.0000","ESTIMADO","Regra bitola mm (1.5mm/2.5mm/4mm/6mm/10mm) + rolo 100m"
"ELETRICA","CABO FLEXÍVEL METRO 25MM 1KV","CABO FLEX METRO COBRECOM 25MM 1KV VD REF: 15178","Cabo Flex","Cobrecom","25MM","indisponível","MT (EMB: 10)","196.20","196.2000","ESTIMADO","Regra bitola mm (1.5mm/2.5mm/4mm/6mm/10mm) + rolo 100m"
"ELETRICA","CABO FLEXÍVEL METRO 35MM 1KV","CABO FLEX METRO COBRECOM 35MM 1KV AZ REF: 13112","Cabo Flex","Cobrecom","35MM","indisponível","MT (EMB: 10)","169.80","169.8000","ESTIMADO","Regra bitola mm (1.5mm/2.5mm/4mm/6mm/10mm) + rolo 100m"
"ELETRICA","CABO FLEXÍVEL METRO 35MM 1KV","CABO FLEX METRO COBRECOM 35MM 1KV PT REF: 13111","Cabo Flex","Cobrecom","35MM","indisponível","MT (EMB: 10)","169.40","169.4000","ESTIMADO","Regra bitola mm (1.5mm/2.5mm/4mm/6mm/10mm) + rolo 100m"
"ELETRICA","CABO FLEXÍVEL METRO 35MM 1KV","CABO FLEX METRO COBRECOM 35MM 1KV VD REF: 15173","Cabo Flex","Cobrecom","35MM","indisponível","MT (EMB: 10)","194.20","194.2000","ESTIMADO","Regra bitola mm (1.5mm/2.5mm/4mm/6mm/10mm) + rolo 100m"
"ELETRICA","CABO FLEXÍVEL METRO 4MM 750V","CABO FLEX METRO COBRECOM 4,00MM AZ REF: 14939","Cabo Flex","Cobrecom","4,00MM","indisponível","MT (EMB: 10)","371.70","371.7000","ESTIMADO","Regra bitola mm (1.5mm/2.5mm/4mm/6mm/10mm) + rolo 100m"
"ELETRICA","CABO FLEXÍVEL METRO 4MM 750V","CABO FLEX METRO COBRECOM 4,00MM BR REF: 14940","Cabo Flex","Cobrecom","4,00MM","indisponível","MT (EMB: 10)","372.00","372.0000","ESTIMADO","Regra bitola mm (1.5mm/2.5mm/4mm/6mm/10mm) + rolo 100m"
"ELETRICA","CABO FLEXÍVEL METRO 4MM 750V","CABO FLEX METRO COBRECOM 4,00MM PT REF: 14941","Cabo Flex","Cobrecom","4,00MM","indisponível","MT (EMB: 10)","372.30","372.3000","ESTIMADO","Regra bitola mm (1.5mm/2.5mm/4mm/6mm/10mm) + rolo 100m"
"ELETRICA","CABO FLEXÍVEL METRO 4MM 750V","CABO FLEX METRO COBRECOM 4,00MM VD REF: 14942","Cabo Flex","Cobrecom","4,00MM","indisponível","MT (EMB: 10)","372.60","372.6000","ESTIMADO","Regra bitola mm (1.5mm/2.5mm/4mm/6mm/10mm) + rolo 100m"
"ELETRICA","CABO FLEXÍVEL METRO 4MM 750V","CABO FLEX METRO COBRECOM 4,00MM VM REF: 14943","Cabo Flex","Cobrecom","4,00MM","indisponível","MT (EMB: 10)","372.90","372.9000","ESTIMADO","Regra bitola mm (1.5mm/2.5mm/4mm/6mm/10mm) + rolo 100m"
"ELETRICA","CABO FLEXÍVEL METRO 50MM 1KV","CABO FLEX METRO COBRECOM 50MM 1KV AZ REF: 15175","Cabo Flex","Cobrecom","50MM","indisponível","MT (EMB: 10)","195.00","195.0000","ESTIMADO","Regra bitola mm (1.5mm/2.5mm/4mm/6mm/10mm) + rolo 100m"
"ELETRICA","CABO FLEXÍVEL METRO 50MM 1KV","CABO FLEX METRO COBRECOM 50MM 1KV PT REF: 15176","Cabo Flex","Cobrecom","50MM","indisponível","MT (EMB: 10)","195.40","195.4000","ESTIMADO","Regra bitola mm (1.5mm/2.5mm/4mm/6mm/10mm) + rolo 100m"
"ELETRICA","CABO FLEXÍVEL METRO 6MM 750V","CABO FLEX METRO COBRECOM 6,00MM AZ REF: 14944","Cabo Flex","Cobrecom","6,00MM","indisponível","MT (EMB: 10)","547.00","547.0000","ESTIMADO","Regra bitola mm (1.5mm/2.5mm/4mm/6mm/10mm) + rolo 100m"
"ELETRICA","CABO FLEXÍVEL METRO 6MM 750V","CABO FLEX METRO COBRECOM 6,00MM BR REF: 14945","Cabo Flex","Cobrecom","6,00MM","indisponível","MT (EMB: 10)","547.50","547.5000","ESTIMADO","Regra bitola mm (1.5mm/2.5mm/4mm/6mm/10mm) + rolo 100m"
"ELETRICA","CABO FLEXÍVEL METRO 6MM 750V","CABO FLEX METRO COBRECOM 6,00MM PT REF: 14946","Cabo Flex","Cobrecom","6,00MM","indisponível","MT (EMB: 10)","548.00","548.0000","ESTIMADO","Regra bitola mm (1.5mm/2.5mm/4mm/6mm/10mm) + rolo 100m"
"ELETRICA","CABO FLEXÍVEL METRO 6MM 750V","CABO FLEX METRO COBRECOM 6,00MM VD REF: 14947","Cabo Flex","Cobrecom","6,00MM","indisponível","MT (EMB: 10)","548.50","548.5000","ESTIMADO","Regra bitola mm (1.5mm/2.5mm/4mm/6mm/10mm) + rolo 100m"
"ELETRICA","CABO FLEXÍVEL METRO 6MM 750V","CABO FLEX METRO COBRECOM 6,00MM VM REF: 14948","Cabo Flex","Cobrecom","6,00MM","indisponível","MT (EMB: 10)","549.00","549.0000","ESTIMADO","Regra bitola mm (1.5mm/2.5mm/4mm/6mm/10mm) + rolo 100m"
"ELETRICA","CABO FLEXÍVEL METRO 70MM 1KV","CABO FLEX METRO COBRECOM 70MM 1KV AZ REF: 15174","Cabo Flex","Cobrecom","70MM","indisponível","MT (EMB: 10)","194.60","194.6000","ESTIMADO","Regra bitola mm (1.5mm/2.5mm/4mm/6mm/10mm) + rolo 100m"
"ELETRICA","CABO PP 500V","CABO PP 100M COBRECOM 2 X 1,50MM REF: 10696","Cabo Pp 2 X","Cobrecom","1,50MM","100M","RL (EMB: 1)","151.90","151.9000","ESTIMADO","Regra bitola mm (1.5mm/2.5mm/4mm/6mm/10mm) + rolo 100m"
"ELETRICA","CABO PP 500V","CABO PP 100M COBRECOM 2 X 2,50MM REF: 10697","Cabo Pp 2 X","Cobrecom","2,50MM","100M","RL (EMB: 1)","239.40","239.4000","ESTIMADO","Regra bitola mm (1.5mm/2.5mm/4mm/6mm/10mm) + rolo 100m"
"ELETRICA","CABO PP 500V","CABO PP METRO COBRECOM 2 X 1,50MM REF: 14954","Cabo Pp 2 X","Cobrecom","1,50MM","indisponível","MT (EMB: 1)","145.60","145.6000","ESTIMADO","Regra bitola mm (1.5mm/2.5mm/4mm/6mm/10mm) + rolo 100m"
"ELETRICA","CABO PP 500V","CABO PP METRO COBRECOM 2 X 2,50MM REF: 14955","Cabo Pp 2 X","Cobrecom","2,50MM","indisponível","MT (EMB: 1)","231.00","231.0000","ESTIMADO","Regra bitola mm (1.5mm/2.5mm/4mm/6mm/10mm) + rolo 100m"
"ELETRICA","CAIXA DE PASSAGEM","CAIXA PASSAGEM ILUMI 15X15 EMBUTIR 620636 REF: 15083","Passagem Embutir 620636","Ilumi","15X15","indisponível","UN (EMB: 10)","17.85","17.8500","ESTIMADO","Média categoria ELETRICA + fator variação SKU"
"ELETRICA","CAIXA DE PASSAGEM","CAIXA PASSAGEM ILUMI 20X20 EMBUTIR 620637 REF: 13168","Passagem Embutir 620637","Ilumi","20X20","indisponível","UN (EMB: 1)","52.51","52.5100","ESTIMADO","Média categoria ELETRICA + fator variação SKU"
"ELETRICA","CAIXA DE PASSAGEM","CAIXA PASSAGEM ILUMI 20X20 SOBREPOR 6206371 REF: 13171","Passagem Sobrepor 6206371","Ilumi","20X20","indisponível","UN (EMB: 1)","55.54","55.5400","ESTIMADO","Média categoria ELETRICA + fator variação SKU"
"ELETRICA","CAIXA DE PASSAGEM","CAIXA PASSAGEM PVC STECK 154 X 110 X 70 CEGA SSX161 REF: 12216","Passagem Steck 154 X 110 X 70 Cega Ssx161","indisponível","indisponível","indisponível","UN (EMB: 1)","75.89","75.8900","ESTIMADO","Média categoria ELETRICA + fator variação SKU"
"ELETRICA","CAIXA DE PASSAGEM","CAIXA PASSAGEM PVC STECK 170 X 145 X 90 S/EMB SEX171 REF: 12217","Passagem Steck 170 X 145 X 90 S Emb Sex171","indisponível","indisponível","indisponível","UN (EMB: 1)","76.90","76.9000","ESTIMADO","Média categoria ELETRICA + fator variação SKU"
"ELETRICA","CAIXINHA DE LUZ PVC","CAIXINHA DE LUZ PVC AM FORTLEV 4X2 EMPILHAVEL REF: 13198","Caixinha De Luz Empilhavel","Fortlev","4X2","indisponível","UN (EMB: 20)","17.81","17.8100","ESTIMADO","Média categoria ELETRICA + fator variação SKU"
"ELETRICA","CAIXINHA DE LUZ PVC","CAIXINHA DE LUZ PVC AM FORTLEV 4X2 EXTRA FORTE REF: 10476","Caixinha De Luz Extra Forte","Fortlev","4X2","indisponível","UN (EMB: 20)","26.31","26.3100","ESTIMADO","Média categoria ELETRICA + fator variação SKU"
"ELETRICA","CAIXINHA DE LUZ PVC","CAIXINHA DE LUZ PVC AM FORTLEV 4X4 REF: 10477","Caixinha De Luz","Fortlev","4X4","indisponível","UN (EMB: 12)","27.32","27.3200","ESTIMADO","Média categoria ELETRICA + fator variação SKU"
"ELETRICA","CAIXINHA DE LUZ PVC","CAIXINHA DE LUZ PVC OCTO AM FORTLEV 4X4 REF: 10478","Caixinha De Luz Octo","Fortlev","4X4","indisponível","UN (EMB: 12)","28.33","28.3300","ESTIMADO","Média categoria ELETRICA + fator variação SKU"
"ELETRICA","CAIXINHA DE LUZ PVC","CAIXINHA DE LUZ PVC OCTO AM TIGRE 3X3 REF: 14926","Caixinha De Luz Octo","Tigre","3X3","indisponível","UN (EMB: 12)","56.26","56.2600","ESTIMADO","Média categoria ELETRICA + fator variação SKU"
"ELETRICA","CAIXINHA DE LUZ PVC","CAIXINHA DE LUZ PVC OCTO AM TIGRE 4X4 FUNDO MOVEL REF: 14734","Caixinha De Luz Octo Fundo Movel","Tigre","4X4","indisponível","UN (EMB: 12)","59.32","59.3200","ESTIMADO","Média categoria ELETRICA + fator variação SKU"
"ELETRICA","CAIXINHA DE LUZ PVC","CAIXINHA DE LUZ PVC OCTO FORTLEV 4X4 LAJE 25CM REF: 11109","Caixinha De Luz Octo Laje 25cm","Fortlev","4X4","indisponível","UN (EMB: 8)","73.71","73.7100","ESTIMADO","Média categoria ELETRICA + fator variação SKU"
"ELETRICA","CAIXINHA DE LUZ PVC","CAIXINHA DE LUZ PVC OCTO FORTLEV 4X4 LAJE 30CM REF: 11110","Caixinha De Luz Octo Laje 30cm","Fortlev","4X4","indisponível","UN (EMB: 8)","74.72","74.7200","ESTIMADO","Média categoria ELETRICA + fator variação SKU"
"ELETRICA","CAIXINHA DE LUZ PVC","CAIXINHA DE LUZ PVC TIGRE AM 4X2 REF: 14735","Caixinha De Luz","Tigre","4X2","indisponível","UN (EMB: 24)","60.33","60.3300","ESTIMADO","Média categoria ELETRICA + fator variação SKU"
"ELETRICA","CAIXINHA DE LUZ PVC","PROLONGADOR CAIXINHA DE LUZ PVC OCTO FORTLEV 4X4 AM REF: 10479","Prolongador Caixinha De Luz Octo","Fortlev","4X4","indisponível","UN (EMB: 12)","5.64","5.6400","ESTIMADO","Regra tipo/marca (Roma/Atlas) + dimensões pintura"
"ELETRICA","CANALETAS","CANALETA PVC ILUMI BR 10X10MM 2M ADE 620913DF REF: 15089","Canaleta 10x10mm Ade 620913df","Ilumi","indisponível","2M","UN (EMB: 25)","23.91","23.9100","ESTIMADO","Média categoria ELETRICA + fator variação SKU"
"ELETRICA","CANALETAS","CANALETA PVC ILUMI BR 20X10MM 2M ADE 6209DF REF: 12126","Canaleta 20x10mm Ade 6209df","Ilumi","indisponível","2M","UN (EMB: 25)","50.98","50.9800","ESTIMADO","Média categoria ELETRICA + fator variação SKU"
"ELETRICA","CANALETAS","CANALETA PVC ILUMI BR 20X10MM 2M DIV/ADE 62091DF REF: 10943","Canaleta 20x10mm Div Ade 62091df","Ilumi","indisponível","2M","UN (EMB: 25)","38.03","38.0300","ESTIMADO","Média categoria ELETRICA + fator variação SKU"
"ELETRICA","CANALETAS","CANALETA PVC ILUMI BR 40X16MM 2M DIV/ADE 62092DF REF: 15090","Canaleta 40x16mm Div Ade 62092df","Ilumi","indisponível","2M","UN (EMB: 10)","24.92","24.9200","ESTIMADO","Média categoria ELETRICA + fator variação SKU"
"ELETRICA","CANALETAS","CANALETA PVC ILUMI BR 50X20MM 2M DIV/ADE 62093DF REF: 15091","Canaleta 50x20mm Div Ade 62093df","Ilumi","indisponível","2M","UN (EMB: 10)","25.93","25.9300","ESTIMADO","Média categoria ELETRICA + fator variação SKU"
"ELETRICA","CENTR.PVC DISJ. S/ BARRAMENTO","CENTRINHO ILUMI PVC EMBUTIR 12 OU 16 DISJ NEMA/DIN S/ BARRAMENTO 620684 REF: 15088","Centrinho Embutir 12 Ou 16 Disj Nema Din S Barramento 620684","Ilumi","indisponível","indisponível","UN (EMB: 4)","22.90","22.9000","ESTIMADO","Média categoria ELETRICA + fator variação SKU"
"ELETRICA","CENTR.PVC DISJ. S/ BARRAMENTO","CENTRINHO ILUMI PVC EMBUTIR 3 OU 4 DISJ S/ BARRAMENTO 620664 REF: 10946","Centrinho Embutir 3 Ou 4 Disj S Barramento 620664","Ilumi","indisponível","indisponível","UN (EMB: 8)","41.06","41.0600","ESTIMADO","Média categoria ELETRICA + fator variação SKU"
"ELETRICA","CENTR.PVC DISJ. S/ BARRAMENTO","CENTRINHO ILUMI PVC EMBUTIR 6 OU 8 DISJ S/ BARRAMENTO 620674 REF: 10947","Centrinho Embutir 6 Ou 8 Disj S Barramento 620674","Ilumi","indisponível","indisponível","UN (EMB: 10)","42.07","42.0700","ESTIMADO","Média categoria ELETRICA + fator variação SKU"
"ELETRICA","CENTR.PVC DISJ. S/ BARRAMENTO","CENTRINHO ILUMI PVC SOBREPOR 1 OU 2 DISJ+TOM 20A 620635 REF: 10945","Centrinho Sobrepor 1 Ou 2 Disj+tom 620635","Ilumi","indisponível","indisponível","UN (EMB: 15)","40.05","40.0500","ESTIMADO","Média categoria ELETRICA + fator variação SKU"
"ELETRICA","CENTR.PVC DISJ. S/ BARRAMENTO","CENTRINHO ILUMI PVC SOBREPOR 12 OU 16 DISJ NEMA/DIN S/ BARRAMENTO 620654 REF: 15087","Centrinho Sobrepor 12 Ou 16 Disj Nema Din S Barramento 620654","Ilumi","indisponível","indisponível","UN (EMB: 5)","21.89","21.8900","ESTIMADO","Média categoria ELETRICA + fator variação SKU"
"ELETRICA","CENTR.PVC DISJ. S/ BARRAMENTO","CENTRINHO ILUMI PVC SOBREPOR 2 DISJ 620650 REF: 10944","Centrinho Sobrepor 2 Disj 620650","Ilumi","indisponível","indisponível","UN (EMB: 12)","39.04","39.0400","ESTIMADO","Média categoria ELETRICA + fator variação SKU"
"ELETRICA","CENTR.PVC DISJ. S/ BARRAMENTO","CENTRINHO ILUMI PVC SOBREPOR 3 OU 4 DISJ NEMA/DIN S/ BARRAMENTO 620652 REF: 15085","Centrinho Sobrepor 3 Ou 4 Disj Nema Din S Barramento 620652","Ilumi","indisponível","indisponível","UN (EMB: 8)","19.87","19.8700","ESTIMADO","Média categoria ELETRICA + fator variação SKU"
"ELETRICA","CENTR.PVC DISJ. S/ BARRAMENTO","CENTRINHO ILUMI PVC SOBREPOR 6 OU 8 DISJ NEMA/DIN S/ BARRAMENTO 620653 REF: 15086","Centrinho Sobrepor 6 Ou 8 Disj Nema Din S Barramento 620653","Ilumi","indisponível","indisponível","UN (EMB: 8)","20.88","20.8800","ESTIMADO","Média categoria ELETRICA + fator variação SKU"
"ELETRICA","CHAVE MAGNÉTICA","CHAVE MAG (QCX2-093) 0,5CV/220V JNG","Chave Mag (qcx2 093) 0 5cv Jng","indisponível","indisponível","indisponível","UN (EMB: 1)","46.01","46.0100","ESTIMADO","Média categoria ELETRICA + fator variação SKU"
"ELETRICA","CHAVE MAGNÉTICA","CHAVE MAG (QCX2-093) 1CV/220V JNG","Chave Mag (qcx2 093) 1cv Jng","indisponível","indisponível","indisponível","UN (EMB: 1)","47.02","47.0200","ESTIMADO","Média categoria ELETRICA + fator variação SKU"
"ELETRICA","CONDUITES CORRUGADO","CONDUITE CORR AM FORTLEV 20MM 50M REF: 10465","Conduite Corr","Fortlev","20MM","50M","UN (EMB: 1)","29.20","29.2000","ESTIMADO","Regra tubulação (PVC/Eletroduto) + diâmetro polegadas"
"ELETRICA","CONDUITES CORRUGADO","CONDUITE CORR AM FORTLEV 25MM 50M REF: 10466","Conduite Corr","Fortlev","25MM","50M","UN (EMB: 1)","29.28","29.2800","ESTIMADO","Regra tubulação (PVC/Eletroduto) + diâmetro polegadas"
"ELETRICA","CONDUITES CORRUGADO","CONDUITE CORR AM FORTLEV 32MM 25M REF: 10467","Conduite Corr","Fortlev","32MM","25M","UN (EMB: 1)","29.36","29.3600","ESTIMADO","Regra tubulação (PVC/Eletroduto) + diâmetro polegadas"
"ELETRICA","CONDUITES CORRUGADO","CONDUITE CORR AM TIGRE 25MM 25M REF: 14738","Conduite Corr M 25m","Tigre","indisponível","25M","UN (EMB: 1)","27.04","27.0400","ESTIMADO","Regra tubulação (PVC/Eletroduto) + diâmetro polegadas"
"ELETRICA","CONDUITES CORRUGADO","CONDUITE CORR AM TIGRE 25MM 50M REF: 14770","Conduite Corr","Tigre","25MM","50M","UN (EMB: 1)","29.60","29.6000","ESTIMADO","Regra tubulação (PVC/Eletroduto) + diâmetro polegadas"
"ELETRICA","CONDUITES CORRUGADO","CONDUITE CORR AM TIGRE 32MM 25M REF: 14732","Conduite Corr","Tigre","32MM","25M","UN (EMB: 1)","26.56","26.5600","ESTIMADO","Regra tubulação (PVC/Eletroduto) + diâmetro polegadas"
"ELETRICA","CONDUITES CORRUGADO","CONDUITE CORR AM TIGRE 32MM 50M REF: 14742","Conduite Corr","Tigre","32MM","50M","UN (EMB: 1)","27.36","27.3600","ESTIMADO","Regra tubulação (PVC/Eletroduto) + diâmetro polegadas"
"ELETRICA","CONDUITES CORRUGADO","CONDUITE CORR LAR REFOR FORTLEV 25MM 50M REF: 10471","Conduite Corr Lar Refor","Fortlev","25MM","50M","UN (EMB: 1)","29.68","29.6800","ESTIMADO","Regra tubulação (PVC/Eletroduto) + diâmetro polegadas"
"ELETRICA","CONDUITES CORRUGADO","CONDUITE CORR LAR REFOR FORTLEV 32MM 25M REF: 10472","Conduite Corr Lar Refor","Fortlev","32MM","25M","UN (EMB: 1)","29.76","29.7600","ESTIMADO","Regra tubulação (PVC/Eletroduto) + diâmetro polegadas"
"ELETRICA","CONDUITES CORRUGADO","CONDUITE CORR LAR REFOR TIGRE 25MM 50M REF: 14731","Conduite Corr Lar Refor","Tigre","25MM","50M","UN (EMB: 1)","26.48","26.4800","ESTIMADO","Regra tubulação (PVC/Eletroduto) + diâmetro polegadas"
"ELETRICA","CONDUITES CORRUGADO","CONDUITE CORR LAR REFOR TIGRE 32MM 25M REF: 14753","Conduite Corr Lar Refor","Tigre","32MM","25M","RL (EMB: 1)","28.24","28.2400","ESTIMADO","Regra tubulação (PVC/Eletroduto) + diâmetro polegadas"
"ELETRICA","CONDUITES CORRUGADO","CONDUITE CORR PVC CZ ECO FLEX TUBOS BRAVO 1 25MTS REF: 12838","Conduite Corr Eco Flex Tubos Bravo 1","indisponível","indisponível","25MTS","UN (EMB: 1)","27.04","27.0400","ESTIMADO","Regra tubulação (PVC/Eletroduto) + diâmetro polegadas"
"ELETRICA","CONECTOR DE PORCELANA","CONECTOR DE PORCELANA INTERNEED BIPOLAR 10MM REF: 14323","Conector De Porcelana Interneed Bipolar","indisponível","10MM","indisponível","UN (EMB: 10)","75.33","75.3300","ESTIMADO","Média categoria ELETRICA + fator variação SKU"
"ELETRICA","CONECTOR DE PORCELANA","CONECTOR DE PORCELANA INTERNEED BIPOLAR 16MM REF: 14324","Conector De Porcelana Interneed Bipolar","indisponível","16MM","indisponível","UN (EMB: 10)","39.18","39.1800","ESTIMADO","Média categoria ELETRICA + fator variação SKU"
"ELETRICA","CONECTOR DE PORCELANA","CONECTOR DE PORCELANA INTERNEED TRIPOLAR 10MM REF: 14323","Conector De Porcelana Interneed Tripolar","indisponível","10MM","indisponível","UN (EMB: 10)","38.17","38.1700","ESTIMADO","Média categoria ELETRICA + fator variação SKU"
"ELETRICA","CONECTOR DE PORCELANA","CONECTOR DE PORCELANA INTERNEED TRIPOLAR 16MM REF: 14578","Conector De Porcelana Interneed Tripolar","indisponível","16MM","indisponível","UN (EMB: 10)","32.75","32.7500","ESTIMADO","Média categoria ELETRICA + fator variação SKU"
"ELETRICA","CONECTOR EMENDA DERIVAÇÃO","CONECTOR EMENDA JNG DERIV 2COND 4MM REF: 13063","Conector Emenda Jng Deriv 2cond","indisponível","4MM","indisponível","UN (EMB: 10)","78.44","78.4400","ESTIMADO","Média categoria ELETRICA + fator variação SKU"
"ELETRICA","CONECTOR EMENDA DERIVAÇÃO","CONECTOR EMENDA JNG DERIV 2COND DUPLO 4MM","Conector Emenda Jng Deriv 2cond Duplo","indisponível","4MM","indisponível","UN (EMB: 5)","62.17","62.1700","ESTIMADO","Média categoria ELETRICA + fator variação SKU"
"ELETRICA","CONECTOR EMENDA DERIVAÇÃO","CONECTOR EMENDA JNG DERIV 3COND 4MM REF: 13064","Conector Emenda Jng Deriv 3cond","indisponível","4MM","indisponível","UN (EMB: 10)","79.45","79.4500","ESTIMADO","Média categoria ELETRICA + fator variação SKU"
"ELETRICA","CONECTOR EMENDA DERIVAÇÃO","CONECTOR EMENDA JNG DERIV 3COND DUPLO 4MM","Conector Emenda Jng Deriv 3cond Duplo","indisponível","4MM","indisponível","UN (EMB: 5)","63.18","63.1800","ESTIMADO","Média categoria ELETRICA + fator variação SKU"
"ELETRICA","CONECTOR EMENDA DERIVAÇÃO","CONECTOR EMENDA JNG DERIV 5COND 4MM REF: 13065","Conector Emenda Jng Deriv 5cond","indisponível","4MM","indisponível","UN (EMB: 10)","15.46","15.4600","ESTIMADO","Média categoria ELETRICA + fator variação SKU"
"ELETRICA","CONECTOR GENÉRICO","CONECTOR GENERICO FRONTAL JNG 8-50MM 125A","Conector Generico Frontal Jng 8","indisponível","50MM","indisponível","UN (EMB: 5)","61.16","61.1600","ESTIMADO","Média categoria ELETRICA + fator variação SKU"
"ELETRICA","CONECTOR GENÉRICO","CONECTOR GENERICO FRONTAL JNG ATE 25MM 80A","Conector Generico Frontal Jng Ate","indisponível","25MM","indisponível","UN (EMB: 5)","70.25","70.2500","ESTIMADO","Média categoria ELETRICA + fator variação SKU"
"ELETRICA","CONECTOR GENÉRICO","CONECTOR GENERICO LATERAL JNG ATE 25MM 80A","Conector Generico Lateral Jng Ate","indisponível","25MM","indisponível","UN (EMB: 5)","60.15","60.1500","ESTIMADO","Média categoria ELETRICA + fator variação SKU"
"ELETRICA","CONECTOR PARA HASTE","CONECTOR P/ HASTE TERRA FERRARI 1/2 REF: 14499","Conector P Haste Terra Ferrari","indisponível","1/2","indisponível","UN (EMB: 1)","18.95","18.9500","ESTIMADO","Média categoria ELETRICA + fator variação SKU"
"ELETRICA","CONJUNTO ILUMI LEV","CONJ ILUMI LEV 4X2 BR - 1INT PAR 8722 REF: 10908","Conj Lev 1int Par 8722","Ilumi","4X2","indisponível","UN (EMB: 20)","67.68","67.6800","ESTIMADO","Média categoria ELETRICA + fator variação SKU"
"ELETRICA","CONJUNTO ILUMI LEV","CONJ ILUMI LEV 4X2 BR - 1INT SIM + 1TOM 10A 87200 REF: 10905","Conj Lev 1int Sim + 1tom 87200","Ilumi","4X2","indisponível","UN (EMB: 15)","64.65","64.6500","ESTIMADO","Média categoria ELETRICA + fator variação SKU"
"ELETRICA","CONJUNTO ILUMI LEV","CONJ ILUMI LEV 4X2 BR - 1INT SIM 10A+ 1TOM 20A 87201 REF: 13066","Conj Lev 1int Sim + 1tom 20a 87201","Ilumi","4X2","indisponível","UN (EMB: 15)","16.47","16.4700","ESTIMADO","Média categoria ELETRICA + fator variação SKU"
"ELETRICA","CONJUNTO ILUMI LEV","CONJ ILUMI LEV 4X2 BR - 1INT SIM 8717 REF: 10904","Conj Lev 1int Sim 8717","Ilumi","4X2","indisponível","UN (EMB: 20)","63.64","63.6400","ESTIMADO","Média categoria ELETRICA + fator variação SKU"
"ELETRICA","CONJUNTO ILUMI LEV","CONJ ILUMI LEV 4X2 BR - 1TOM 10A 87140 REF: 10906","Conj Lev 1tom 87140","Ilumi","4X2","indisponível","UN (EMB: 20)","65.66","65.6600","ESTIMADO","Média categoria ELETRICA + fator variação SKU"
"ELETRICA","CONJUNTO ILUMI LEV","CONJ ILUMI LEV 4X2 BR - 2INT SIM 8718 REF: 10907","Conj Lev 2int Sim 8718","Ilumi","4X2","indisponível","UN (EMB: 20)","66.67","66.6700","ESTIMADO","Média categoria ELETRICA + fator variação SKU"
"ELETRICA","CONJUNTO ILUMI LEV","CONJ ILUMI LEV 4X2 BR - 2TOM 10A MONOB 87120 REF: 10909","Conj Lev 2tom Monob 87120","Ilumi","4X2","indisponível","UN (EMB: 15)","68.69","68.6900","ESTIMADO","Média categoria ELETRICA + fator variação SKU"
"ELETRICA","CONJUNTO ILUMI LEV","CONJ ILUMI LEV 4X2 BR - 2TOM 20A MONOB 87121 REF: 10910","Conj Lev 2tom Monob 87121","Ilumi","4X2","indisponível","UN (EMB: 15)","69.70","69.7000","ESTIMADO","Média categoria ELETRICA + fator variação SKU"
"ELETRICA","CONJUNTO ILUMI LEV","CONJ ILUMI LEV 4X2 BR - 3TOM 10A MONOB 87123 REF: 10911","Conj Lev 3tom Monob 87123","Ilumi","4X2","indisponível","UN (EMB: 10)","70.71","70.7100","ESTIMADO","Média categoria ELETRICA + fator variação SKU"
"ELETRICA","CONJUNTO ILUMI LEV","CONJ ILUMI LEV 4X2 BR - 3TOM 20A MONOB 87124 REF: 10912","Conj Lev 3tom Monob 87124","Ilumi","4X2","indisponível","UN (EMB: 10)","71.72","71.7200","ESTIMADO","Média categoria ELETRICA + fator variação SKU"
"ELETRICA","CONJUNTO ILUMI LEV","CONJ ILUMI LEV 4X2 BR-1TOM 20A 87141 REF: 13067","Conj Lev 1tom 87141","Ilumi","4X2","indisponível","UN (EMB: 20)","17.48","17.4800","ESTIMADO","Média categoria ELETRICA + fator variação SKU"
"ELETRICA","CONJUNTO ILUMI LEV","PLACA ILUMI LEV 4X2 BR - 1MOD 8707 REF: 10915","Placa Lev 1mod 8707","Ilumi","4X2","indisponível","UN (EMB: 20)","9.10","9.1000","ESTIMADO","Regra módulos/placa (Interruptor/Tomada) + série"
"ELETRICA","CONJUNTO ILUMI LEV","PLACA ILUMI LEV 4X2 BR - 2MOD SEPAR 8708 REF: 10916","Placa Lev 2mod Separ 8708","Ilumi","4X2","indisponível","UN (EMB: 20)","9.12","9.1200","ESTIMADO","Regra módulos/placa (Interruptor/Tomada) + série"
"ELETRICA","CONJUNTO ILUMI LEV","PLACA ILUMI LEV 4X2 BR - 3MOD 8710  REF: 10917","Placa Lev 3mod 8710","Ilumi","4X2","indisponível","UN (EMB: 20)","9.14","9.1400","ESTIMADO","Regra módulos/placa (Interruptor/Tomada) + série"
"ELETRICA","CONJUNTO ILUMI LEV","PLACA ILUMI LEV 4X2 BR - CEGA 8705 REF: 10914","Placa Lev Cega 8705","Ilumi","4X2","indisponível","UN (EMB: 20)","9.08","9.0800","ESTIMADO","Regra módulos/placa (Interruptor/Tomada) + série"
"ELETRICA","CONJUNTO ILUMI LEV","PLACA ILUMI LEV 4X4 BR - 2 + 2MOD SEPAR 8907 REF: 10920","Placa Lev 2 + 2mod Separ 8907","Ilumi","4X4","indisponível","UN (EMB: 20)","9.20","9.2000","ESTIMADO","Regra módulos/placa (Interruptor/Tomada) + série"
"ELETRICA","CONJUNTO ILUMI LEV","PLACA ILUMI LEV 4X4 BR - 3 + 3MOD 8909 REF: 10921","Placa Lev 3 + 3mod 8909","Ilumi","4X4","indisponível","UN (EMB: 20)","9.22","9.2200","ESTIMADO","Regra módulos/placa (Interruptor/Tomada) + série"
"ELETRICA","CONJUNTO ILUMI SLIM","CONJ ILUMI SLIM 4X2 BR - 1 INT SIM 80173 REF: 12100","Conj Slim 1 Int Sim 80173","Ilumi","4X2","indisponível","UN (EMB: 20)","24.72","24.7200","ESTIMADO","Média categoria ELETRICA + fator variação SKU"
"ELETRICA","CONJUNTO ILUMI SLIM","CONJ ILUMI SLIM 4X2 BR - 1TOM 10A 80150 REF: 12068","Conj Slim 1tom 80150","Ilumi","4X2","indisponível","UN (EMB: 20)","58.39","58.3900","ESTIMADO","Média categoria ELETRICA + fator variação SKU"
"ELETRICA","CONJUNTO ILUMI SLIM","CONJ ILUMI SLIM 4X2 BR - 1TOM 20A 80151 REF: 12069","Conj Slim 1tom 80151","Ilumi","4X2","indisponível","UN (EMB: 20)","59.40","59.4000","ESTIMADO","Média categoria ELETRICA + fator variação SKU"
"ELETRICA","CONJUNTO ILUMI SLIM","CONJ ILUMI SLIM 4X2 BR - 2 INT SIM 10A 8018 REF: 12062","Conj Slim 2 Int Sim 8018","Ilumi","4X2","indisponível","UN (EMB: 20)","52.33","52.3300","ESTIMADO","Média categoria ELETRICA + fator variação SKU"
"ELETRICA","CONJUNTO ILUMI SLIM","CONJ ILUMI SLIM 4X2 BR - 2TOM 10A MONOB 80120 REF: 12063","Conj Slim 2tom Monob 80120","Ilumi","4X2","indisponível","UN (EMB: 15)","53.34","53.3400","ESTIMADO","Média categoria ELETRICA + fator variação SKU"
"ELETRICA","CONJUNTO ILUMI SLIM","CONJ ILUMI SLIM 4X2 BR - 2TOM 20A MONOB 80121 REF: 12064","Conj Slim 2tom Monob 80121","Ilumi","4X2","indisponível","UN (EMB: 15)","54.35","54.3500","ESTIMADO","Média categoria ELETRICA + fator variação SKU"
"ELETRICA","CONJUNTO ILUMI SLIM","CONJ ILUMI SLIM 4X2 BR - 3TOM 20A MONOB 80124 REF: 12066","Conj Slim 3tom Monob 80124","Ilumi","4X2","indisponível","UN (EMB: 10)","56.37","56.3700","ESTIMADO","Média categoria ELETRICA + fator variação SKU"
"ELETRICA","CONJUNTO ILUMI SLIM","MODULO ILUMI SLIM BR - 1INT PAR 8122 REF: 10923","Modulo Slim 1int Par 8122","Ilumi","indisponível","indisponível","UN (EMB: 20)","17.83","17.8300","ESTIMADO","Média categoria ELETRICA + fator variação SKU"
"ELETRICA","CONJUNTO ILUMI SLIM","MODULO ILUMI SLIM BR - 1INT SIM 8117 REF: 10922","Modulo Slim 1int Sim 8117","Ilumi","indisponível","indisponível","UN (EMB: 20)","16.82","16.8200","ESTIMADO","Média categoria ELETRICA + fator variação SKU"
"ELETRICA","CONJUNTO ILUMI SLIM","MODULO ILUMI SLIM BR - 1TOM 10A 81140 REF: 10924","Modulo Slim 1tom 81140","Ilumi","indisponível","indisponível","UN (EMB: 20)","18.84","18.8400","ESTIMADO","Média categoria ELETRICA + fator variação SKU"
"ELETRICA","CONJUNTO ILUMI SLIM","MODULO ILUMI SLIM BR - 1TOM 20A 81141 REF: 10925","Modulo Slim 1tom 81141","Ilumi","indisponível","indisponível","UN (EMB: 20)","19.85","19.8500","ESTIMADO","Média categoria ELETRICA + fator variação SKU"
"ELETRICA","CONJUNTO ILUMI SLIM","MODULO ILUMI SLIM BR - 1TOM 20A VM 81142 REF: 10926","Modulo Slim 1tom Vm 81142","Ilumi","indisponível","indisponível","UN (EMB: 20)","20.86","20.8600","ESTIMADO","Média categoria ELETRICA + fator variação SKU"
"ELETRICA","CONJUNTO ILUMI SLIM","MODULO ILUMI SLIM BR - CONECTOR ANT TV 8163 REF: 10928","Modulo Slim Conector Ant Tv 8163","Ilumi","indisponível","indisponível","UN (EMB: 10)","22.88","22.8800","ESTIMADO","Média categoria ELETRICA + fator variação SKU"
"ELETRICA","CONJUNTO ILUMI SLIM","MODULO ILUMI SLIM BR - MOD CEGO 8104 REF: 10931","Modulo Slim Mod Cego 8104","Ilumi","indisponível","indisponível","UN (EMB: 20)","25.91","25.9100","ESTIMADO","Média categoria ELETRICA + fator variação SKU"
"ELETRICA","CONJUNTO ILUMI SLIM","MODULO ILUMI SLIM BR - PULSADOR CAMP 8113 REF: 10932","Modulo Slim Pulsador Camp 8113","Ilumi","indisponível","indisponível","UN (EMB: 10)","26.92","26.9200","ESTIMADO","Média categoria ELETRICA + fator variação SKU"
"ELETRICA","CONJUNTO ILUMI SLIM","MODULO ILUMI SLIM BR - SAIDA FIO 8103 REF: 10927","Modulo Slim Saida Fio 8103","Ilumi","indisponível","indisponível","UN (EMB: 20)","175.80","175.8000","ESTIMADO","Regra bitola mm (1.5mm/2.5mm/4mm/6mm/10mm) + rolo 100m"
"ELETRICA","CONJUNTO ILUMI SLIM","PLACA ILUMI SLIM 4X2 BR - 1MOD HOR C/ SUP 82070 REF: 12072","Placa Slim 1mod Hor C Sup 82070","Ilumi","4X2","indisponível","UN (EMB: 20)","10.24","10.2400","ESTIMADO","Regra módulos/placa (Interruptor/Tomada) + série"
"ELETRICA","CONJUNTO ILUMI SLIM","PLACA ILUMI SLIM 4X2 BR - 1MOD VER C/ SUP 82060 REF: 13069","Placa Slim 1mod Ver C Sup 82060","Ilumi","4X2","indisponível","UN (EMB: 20)","10.18","10.1800","ESTIMADO","Regra módulos/placa (Interruptor/Tomada) + série"
"ELETRICA","CONJUNTO ILUMI SLIM","PLACA ILUMI SLIM 4X2 BR - 2MOD HOR C/ SUP 82080 REF: 12073","Placa Slim 2mod Hor C Sup 82080","Ilumi","4X2","indisponível","UN (EMB: 20)","10.26","10.2600","ESTIMADO","Regra módulos/placa (Interruptor/Tomada) + série"
"ELETRICA","CONJUNTO ILUMI SLIM","PLACA ILUMI SLIM 4X2 BR - 3MOD C/ SUP 82100 REF: 12074","Placa Slim 3mod C Sup 82100","Ilumi","4X2","indisponível","UN (EMB: 20)","10.28","10.2800","ESTIMADO","Regra módulos/placa (Interruptor/Tomada) + série"
"ELETRICA","CONJUNTO ILUMI SLIM","PLACA ILUMI SLIM 4X2 BR - CEGA C/ SUP 82050 REF: 12071","Placa Slim Cega C Sup 82050","Ilumi","4X2","indisponível","UN (EMB: 20)","10.22","10.2200","ESTIMADO","Regra módulos/placa (Interruptor/Tomada) + série"
"ELETRICA","CONJUNTO ILUMI SLIM","PLACA ILUMI SLIM 4X4 - 2 + 2 MOD SEPAR C/ SUP 83070 REF: 12077","Placa Slim 2 + 2 Mod Separ C Sup 83070","Ilumi","4X4","indisponível","UN (EMB: 20)","10.34","10.3400","ESTIMADO","Regra módulos/placa (Interruptor/Tomada) + série"
"ELETRICA","CONJUNTO ILUMI SLIM","PLACA ILUMI SLIM 4X4 - 3 + 3 MOD SEPAR C/ SUP 83090 REF: 12078","Placa Slim 3 + 3 Mod Separ C Sup 83090","Ilumi","4X4","indisponível","UN (EMB: 20)","10.36","10.3600","ESTIMADO","Regra módulos/placa (Interruptor/Tomada) + série"
"ELETRICA","CONJUNTO ILUMI SLIM","PLACA ILUMI SLIM 4X4 BR - 2MOD SEPAR  C/ SUP 83060 REF: 12076","Placa Slim 2mod Separ C Sup 83060","Ilumi","4X4","indisponível","UN (EMB: 20)","10.32","10.3200","ESTIMADO","Regra módulos/placa (Interruptor/Tomada) + série"
"ELETRICA","CONJUNTO ILUMI SLIM","PLACA ILUMI SLIM 4X4 BR - CEGA C/ SUP 83050 REF: 12075","Placa Slim Cega C Sup 83050","Ilumi","4X4","indisponível","UN (EMB: 20)","10.30","10.3000","ESTIMADO","Regra módulos/placa (Interruptor/Tomada) + série"
"ELETRICA","CONJUNTO ILUMI STYLUS","CONJ ILUMI STYLUS 4X2 BR - 1INT PAR + 1TOM 10A 20280 REF: 10870","Conj Stylus 1int Par + 1tom 20280","Ilumi","4X2","indisponível","UN (EMB: 10)","30.29","30.2900","ESTIMADO","Média categoria ELETRICA + fator variação SKU"
"ELETRICA","CONJUNTO ILUMI STYLUS","CONJ ILUMI STYLUS 4X2 BR - 1INT PAR 2022 REF: 10866","Conj Stylus 1int Par 2022","Ilumi","4X2","indisponível","UN (EMB: 25)","26.25","26.2500","ESTIMADO","Média categoria ELETRICA + fator variação SKU"
"ELETRICA","CONJUNTO ILUMI STYLUS","CONJ ILUMI STYLUS 4X2 BR - 1INT SIM + 1TOM 10A 20200 REF: 10869","Conj Stylus 1int Sim + 1tom 20200","Ilumi","4X2","indisponível","UN (EMB: 20)","29.28","29.2800","ESTIMADO","Média categoria ELETRICA + fator variação SKU"
"ELETRICA","CONJUNTO ILUMI STYLUS","CONJ ILUMI STYLUS 4X2 BR - 1INT SIM 2017  REF: 10865","Conj Stylus 1int Sim 2017","Ilumi","4X2","indisponível","UN (EMB: 25)","25.24","25.2400","ESTIMADO","Média categoria ELETRICA + fator variação SKU"
"ELETRICA","CONJUNTO ILUMI STYLUS","CONJ ILUMI STYLUS 4X2 BR - 1INT SIM 6A + 2P TOM 20A 20201 REF: 13070","Conj Stylus 1int Sim + 2p Tom 20a 20201","Ilumi","4X2","indisponível","UN (EMB: 20)","19.52","19.5200","ESTIMADO","Média categoria ELETRICA + fator variação SKU"
"ELETRICA","CONJUNTO ILUMI STYLUS","CONJ ILUMI STYLUS 4X2 BR - 1TOM 10A 20140 REF: 10858","Conj Stylus 1tom 20140","Ilumi","4X2","indisponível","UN (EMB: 25)","18.17","18.1700","ESTIMADO","Média categoria ELETRICA + fator variação SKU"
"ELETRICA","CONJUNTO ILUMI STYLUS","CONJ ILUMI STYLUS 4X2 BR - 1TOM 20A VM 20143 REF: 10864","Conj Stylus 1tom Vm 20143","Ilumi","4X2","indisponível","UN (EMB: 25)","24.23","24.2300","ESTIMADO","Média categoria ELETRICA + fator variação SKU"
"ELETRICA","CONJUNTO ILUMI STYLUS","CONJ ILUMI STYLUS 4X2 BR - 2INT PAR 2024 REF: 10872","Conj Stylus 2int Par 2024","Ilumi","4X2","indisponível","UN (EMB: 10)","32.31","32.3100","ESTIMADO","Média categoria ELETRICA + fator variação SKU"
"ELETRICA","CONJUNTO ILUMI STYLUS","CONJ ILUMI STYLUS 4X2 BR - 2INT SIM + 1TOM 10A 20210 REF: 10871","Conj Stylus 2int Sim + 1tom 20210","Ilumi","4X2","indisponível","UN (EMB: 20)","31.30","31.3000","ESTIMADO","Média categoria ELETRICA + fator variação SKU"
"ELETRICA","CONJUNTO ILUMI STYLUS","CONJ ILUMI STYLUS 4X2 BR - 2INT SIM 2018 REF: 10867","Conj Stylus 2int Sim 2018","Ilumi","4X2","indisponível","UN (EMB: 25)","27.26","27.2600","ESTIMADO","Média categoria ELETRICA + fator variação SKU"
"ELETRICA","CONJUNTO ILUMI STYLUS","CONJ ILUMI STYLUS 4X2 BR - 2TOM 10A MONOB 201200 REF: 10860","Conj Stylus 2tom Monob 201200","Ilumi","4X2","indisponível","UN (EMB: 20)","20.19","20.1900","ESTIMADO","Média categoria ELETRICA + fator variação SKU"
"ELETRICA","CONJUNTO ILUMI STYLUS","CONJ ILUMI STYLUS 4X2 BR - 2TOM 20A MONOB 201210 REF: 10861","Conj Stylus 2tom Monob 201210","Ilumi","4X2","indisponível","UN (EMB: 20)","21.20","21.2000","ESTIMADO","Média categoria ELETRICA + fator variação SKU"
"ELETRICA","CONJUNTO ILUMI STYLUS","CONJ ILUMI STYLUS 4X2 BR - 3INT PAR 2027 REF: 10873","Conj Stylus 3int Par 2027","Ilumi","4X2","indisponível","UN (EMB: 10)","33.32","33.3200","ESTIMADO","Média categoria ELETRICA + fator variação SKU"
"ELETRICA","CONJUNTO ILUMI STYLUS","CONJ ILUMI STYLUS 4X2 BR - 3INT SIM 2019 REF: 10868","Conj Stylus 3int Sim 2019","Ilumi","4X2","indisponível","UN (EMB: 10)","28.27","28.2700","ESTIMADO","Média categoria ELETRICA + fator variação SKU"
"ELETRICA","CONJUNTO ILUMI STYLUS","CONJ ILUMI STYLUS 4X2 BR - 3TOM 10A MONOB 201201 REF: 10862","Conj Stylus 3tom Monob 201201","Ilumi","4X2","indisponível","UN (EMB: 10)","22.21","22.2100","ESTIMADO","Média categoria ELETRICA + fator variação SKU"
"ELETRICA","CONJUNTO ILUMI STYLUS","CONJ ILUMI STYLUS 4X2 BR - 3TOM 20A MONOB 201211 REF: 10863","Conj Stylus 3tom Monob 201211","Ilumi","4X2","indisponível","UN (EMB: 10)","23.22","23.2200","ESTIMADO","Média categoria ELETRICA + fator variação SKU"
"ELETRICA","CONJUNTO ILUMI STYLUS","CONJ ILUMI STYLUS 4X2 BR - CONECTOR ANT TV 2553 REF: 10877","Conj Stylus Conector Ant Tv 2553","Ilumi","4X2","indisponível","UN (EMB: 20)","37.36","37.3600","ESTIMADO","Média categoria ELETRICA + fator variação SKU"
"ELETRICA","CONJUNTO ILUMI STYLUS","PLACA ILUMI STYLUS 4X2 BR - 1TOM 20400 REF: 12103","Placa Stylus 1tom 20400","Ilumi","4X2","indisponível","UN (EMB: 20)","8.86","8.8600","ESTIMADO","Regra módulos/placa (Interruptor/Tomada) + série"
"ELETRICA","CONJUNTO ILUMI STYLUS","PLACA ILUMI STYLUS 4X2 BR - 1TOM REDONDA 2048 REF: 12105","Placa Stylus 1tom Redonda 2048","Ilumi","4X2","indisponível","UN (EMB: 20)","8.90","8.9000","ESTIMADO","Regra módulos/placa (Interruptor/Tomada) + série"
"ELETRICA","CONJUNTO ILUMI STYLUS","PLACA ILUMI STYLUS 4X2 BR - 2INT 2050 REF: 12104","Placa Stylus 2int 2050","Ilumi","4X2","indisponível","UN (EMB: 20)","8.88","8.8800","ESTIMADO","Regra módulos/placa (Interruptor/Tomada) + série"
"ELETRICA","CONJUNTO ILUMI STYLUS","PLACA ILUMI STYLUS 4X2 BR - CEGA 2054 REF: 10880","Placa Stylus Cega 2054","Ilumi","4X2","indisponível","UN (EMB: 20)","10.40","10.4000","ESTIMADO","Regra módulos/placa (Interruptor/Tomada) + série"
"ELETRICA","CONJUNTO ILUMI STYLUS","PLACA ILUMI STYLUS 4X2 BR - SAIDA FIO 2053 REF: 10881","Placa Stylus Saida Fio 2053","Ilumi","4X2","indisponível","UN (EMB: 20)","197.40","197.4000","ESTIMADO","Regra bitola mm (1.5mm/2.5mm/4mm/6mm/10mm) + rolo 100m"
"ELETRICA","CONJUNTO ILUMI STYLUS","PLACA ILUMI STYLUS 4X4 BR - CEGA 244A REF: 10883","Placa Stylus Cega","Ilumi","4X4","indisponível","UN (EMB: 20)","10.46","10.4600","ESTIMADO","Regra módulos/placa (Interruptor/Tomada) + série"
"ELETRICA","CONJUNTO ILUMI STYLUS","PLACA ILUMI STYLUS 4X4 BR - SAIDA FIO 245B REF: 10884","Placa Stylus Saida Fio 245b","Ilumi","4X4","indisponível","UN (EMB: 20)","198.60","198.6000","ESTIMADO","Regra bitola mm (1.5mm/2.5mm/4mm/6mm/10mm) + rolo 100m"
"ELETRICA","CONJUNTO WEG COMPOSÉ","SUPORTE PLAST WEG COMPOSE 4X2 REF: 10999","Suporte Plast Compose","Weg","4X2","indisponível","UN (EMB: 30)","28.60","28.6000","ESTIMADO","Média categoria ELETRICA + fator variação SKU"
"ELETRICA","CORDÃO PARALELO","CABO CORDAO 100M COBRECOM 2 X 1,00 MM BR REF: 15295","Cabo Cordao 2 X","Cobrecom","1,00 MM","100M","RL (EMB: 1)","203.00","203.0000","ESTIMADO","Regra bitola mm (1.5mm/2.5mm/4mm/6mm/10mm) + rolo 100m"
"ELETRICA","CORDÃO PARALELO","CABO CORDAO 100M COBRECOM 2 X 1,50 MM BR REF: 10694","Cabo Cordao 2 X","Cobrecom","1,50 MM","100M","RL (EMB: 1)","151.60","151.6000","ESTIMADO","Regra bitola mm (1.5mm/2.5mm/4mm/6mm/10mm) + rolo 100m"
"ELETRICA","CORDÃO PARALELO","CABO CORDAO 100M COBRECOM 2 X 2,50 MM BR REF: 10695","Cabo Cordao 2 X","Cobrecom","2,50 MM","100M","RL (EMB: 1)","239.00","239.0000","ESTIMADO","Regra bitola mm (1.5mm/2.5mm/4mm/6mm/10mm) + rolo 100m"
"ELETRICA","CORDÃO PARALELO","CABO CORDAO METRO COBRECOM 2 X 1,50 MM BR REF: 14956","Cabo Cordao 2 X","Cobrecom","1,50 MM","indisponível","MT (EMB: 10)","145.90","145.9000","ESTIMADO","Regra bitola mm (1.5mm/2.5mm/4mm/6mm/10mm) + rolo 100m"
"ELETRICA","DISJUNTOR BIPOLAR DIN","DISJ BIPO JNG 10A C REF: 13034","Disj Bipo Jng C","indisponível","indisponível","indisponível","UN (EMB: 6)","49.15","49.1500","ESTIMADO","Média categoria ELETRICA + fator variação SKU"
"ELETRICA","DISJUNTOR BIPOLAR DIN","DISJ BIPO JNG 16A C REF: 13035","Disj Bipo Jng C","indisponível","indisponível","indisponível","UN (EMB: 6)","50.16","50.1600","ESTIMADO","Média categoria ELETRICA + fator variação SKU"
"ELETRICA","DISJUNTOR BIPOLAR DIN","DISJ BIPO JNG 20A C REF: 13036","Disj Bipo Jng C","indisponível","indisponível","indisponível","UN (EMB: 6)","51.17","51.1700","ESTIMADO","Média categoria ELETRICA + fator variação SKU"
"ELETRICA","DISJUNTOR BIPOLAR DIN","DISJ BIPO JNG 25A C REF: 13037","Disj Bipo Jng C","indisponível","indisponível","indisponível","UN (EMB: 6)","52.18","52.1800","ESTIMADO","Média categoria ELETRICA + fator variação SKU"
"ELETRICA","DISJUNTOR BIPOLAR DIN","DISJ BIPO JNG 32A C REF: 13038","Disj Bipo Jng C","indisponível","indisponível","indisponível","UN (EMB: 6)","53.19","53.1900","ESTIMADO","Média categoria ELETRICA + fator variação SKU"
"ELETRICA","DISJUNTOR BIPOLAR DIN","DISJ BIPO JNG 40A C REF: 13039","Disj Bipo Jng C","indisponível","indisponível","indisponível","UN (EMB: 6)","54.20","54.2000","ESTIMADO","Média categoria ELETRICA + fator variação SKU"
"ELETRICA","DISJUNTOR BIPOLAR DIN","DISJ BIPO JNG 50A C REF: 13040","Disj Bipo Jng C","indisponível","indisponível","indisponível","UN (EMB: 6)","55.21","55.2100","ESTIMADO","Média categoria ELETRICA + fator variação SKU"
"ELETRICA","DISJUNTOR BIPOLAR DIN","DISJ BIPO JNG 63A C REF: 13041","Disj Bipo Jng C","indisponível","indisponível","indisponível","UN (EMB: 6)","56.22","56.2200","ESTIMADO","Média categoria ELETRICA + fator variação SKU"
"ELETRICA","DISJUNTOR BIPOLAR DIN","DISJ BIPO JNG 70A C REF: 14186","Disj Bipo Jng C","indisponível","indisponível","indisponível","UN (EMB: 6)","30.79","30.7900","ESTIMADO","Média categoria ELETRICA + fator variação SKU"
"ELETRICA","DISJUNTOR BIPOLAR DIN","DISJ BIPO STECK 10A C REF: 10766","Disj Bipo Steck C","indisponível","indisponível","indisponível","UN (EMB: 6)","56.24","56.2400","ESTIMADO","Média categoria ELETRICA + fator variação SKU"
"ELETRICA","DISJUNTOR BIPOLAR DIN","DISJ BIPO STECK 16A C REF: 10767","Disj Bipo Steck C","indisponível","indisponível","indisponível","UN (EMB: 6)","57.25","57.2500","ESTIMADO","Média categoria ELETRICA + fator variação SKU"
"ELETRICA","DISJUNTOR BIPOLAR DIN","DISJ BIPO STECK 20A C REF: 10768","Disj Bipo Steck C","indisponível","indisponível","indisponível","UN (EMB: 6)","58.26","58.2600","ESTIMADO","Média categoria ELETRICA + fator variação SKU"
"ELETRICA","DISJUNTOR BIPOLAR DIN","DISJ BIPO STECK 32A C REF: 10770","Disj Bipo Steck C","indisponível","indisponível","indisponível","UN (EMB: 6)","60.28","60.2800","ESTIMADO","Média categoria ELETRICA + fator variação SKU"
"ELETRICA","DISJUNTOR BIPOLAR DIN","DISJ BIPO STECK 40A C REF: 10771","Disj Bipo Steck C","indisponível","indisponível","indisponível","UN (EMB: 6)","61.29","61.2900","ESTIMADO","Média categoria ELETRICA + fator variação SKU"
"ELETRICA","DISJUNTOR BIPOLAR DIN","DISJ BIPO STECK 50A C REF: 10772","Disj Bipo Steck C","indisponível","indisponível","indisponível","UN (EMB: 6)","62.30","62.3000","ESTIMADO","Média categoria ELETRICA + fator variação SKU"
"ELETRICA","DISJUNTOR BIPOLAR DIN","DISJ TRIP JNG 70A C","Disj Trip Jng C","indisponível","indisponível","indisponível","UN (EMB: 4)","39.95","39.9500","ESTIMADO","Média categoria ELETRICA + fator variação SKU"
"ELETRICA","DISJUNTOR TRIPOLAR DIN","DISJ TRIP JNG 10A C REF: 13042","Disj Trip Jng C","indisponível","indisponível","indisponível","UN (EMB: 4)","57.23","57.2300","ESTIMADO","Média categoria ELETRICA + fator variação SKU"
"ELETRICA","DISJUNTOR TRIPOLAR DIN","DISJ TRIP JNG 16A C REF: 13043","Disj Trip Jng C","indisponível","indisponível","indisponível","UN (EMB: 4)","58.24","58.2400","ESTIMADO","Média categoria ELETRICA + fator variação SKU"
"ELETRICA","DISJUNTOR TRIPOLAR DIN","DISJ TRIP JNG 20A C REF: 13044","Disj Trip Jng C","indisponível","indisponível","indisponível","UN (EMB: 4)","59.25","59.2500","ESTIMADO","Média categoria ELETRICA + fator variação SKU"
"ELETRICA","DISJUNTOR TRIPOLAR DIN","DISJ TRIP JNG 32A C REF: 13046","Disj Trip Jng C","indisponível","indisponível","indisponível","UN (EMB: 4)","61.27","61.2700","ESTIMADO","Média categoria ELETRICA + fator variação SKU"
"ELETRICA","DISJUNTOR TRIPOLAR DIN","DISJ TRIP JNG 40A C REF: 13047","Disj Trip Jng C","indisponível","indisponível","indisponível","UN (EMB: 4)","62.28","62.2800","ESTIMADO","Média categoria ELETRICA + fator variação SKU"
"ELETRICA","DISJUNTOR TRIPOLAR DIN","DISJ TRIP JNG 50A C REF: 13048","Disj Trip Jng C","indisponível","indisponível","indisponível","UN (EMB: 4)","63.29","63.2900","ESTIMADO","Média categoria ELETRICA + fator variação SKU"
"ELETRICA","DISJUNTOR TRIPOLAR DIN","DISJ TRIP JNG 63A C REF: 13049","Disj Trip Jng C","indisponível","indisponível","indisponível","UN (EMB: 4)","64.30","64.3000","ESTIMADO","Média categoria ELETRICA + fator variação SKU"
"ELETRICA","DISJUNTOR TRIPOLAR DIN","DISJ TRIP STECK 25A C REF: 10777","Disj Trip Steck C","indisponível","indisponível","indisponível","UN (EMB: 4)","67.35","67.3500","ESTIMADO","Média categoria ELETRICA + fator variação SKU"
"ELETRICA","DISJUNTOR TRIPOLAR DIN","DISJ TRIP STECK 63A C REF: 10781","Disj Trip Steck C","indisponível","indisponível","indisponível","UN (EMB: 4)","71.39","71.3900","ESTIMADO","Média categoria ELETRICA + fator variação SKU"
"ELETRICA","DISJUNTOR UNIPOLAR DIN","DISJ UNIP JNG 10A C REF: 13026","Disj Unip Jng C","indisponível","indisponível","indisponível","UN (EMB: 12)","41.07","41.0700","ESTIMADO","Média categoria ELETRICA + fator variação SKU"
"ELETRICA","DISJUNTOR UNIPOLAR DIN","DISJ UNIP JNG 16A C REF: 13027","Disj Unip Jng C","indisponível","indisponível","indisponível","UN (EMB: 12)","42.08","42.0800","ESTIMADO","Média categoria ELETRICA + fator variação SKU"
"ELETRICA","DISJUNTOR UNIPOLAR DIN","DISJ UNIP JNG 20A C REF: 13028","Disj Unip Jng C","indisponível","indisponível","indisponível","UN (EMB: 12)","43.09","43.0900","ESTIMADO","Média categoria ELETRICA + fator variação SKU"
"ELETRICA","DISJUNTOR UNIPOLAR DIN","DISJ UNIP JNG 32A C REF: 13030","Disj Unip Jng C","indisponível","indisponível","indisponível","UN (EMB: 12)","45.11","45.1100","ESTIMADO","Média categoria ELETRICA + fator variação SKU"
"ELETRICA","DISJUNTOR UNIPOLAR DIN","DISJ UNIP JNG 40A C REF: 13031","Disj Unip Jng C","indisponível","indisponível","indisponível","UN (EMB: 12)","46.12","46.1200","ESTIMADO","Média categoria ELETRICA + fator variação SKU"
"ELETRICA","DISJUNTOR UNIPOLAR DIN","DISJ UNIP JNG 50A C REF: 13032","Disj Unip Jng C","indisponível","indisponível","indisponível","UN (EMB: 12)","47.13","47.1300","ESTIMADO","Média categoria ELETRICA + fator variação SKU"
"ELETRICA","DISJUNTOR UNIPOLAR DIN","DISJ UNIP JNG 63A C REF: 13033","Disj Unip Jng C","indisponível","indisponível","indisponível","UN (EMB: 12)","48.14","48.1400","ESTIMADO","Média categoria ELETRICA + fator variação SKU"
"ELETRICA","DISJUNTOR UNIPOLAR DIN","DISJ UNIP JNG 70A C REF: 14187","Disj Unip Jng C","indisponível","indisponível","indisponível","UN (EMB: 12)","31.80","31.8000","ESTIMADO","Média categoria ELETRICA + fator variação SKU"
"ELETRICA","DISJUNTOR UNIPOLAR DIN","DISJ UNIP STECK 20A C REF: 10760","Disj Unip Steck C","indisponível","indisponível","indisponível","UN (EMB: 12)","50.18","50.1800","ESTIMADO","Média categoria ELETRICA + fator variação SKU"
"ELETRICA","DISJUNTOR UNIPOLAR DIN","DISJ UNIP STECK 25A C REF: 10761","Disj Unip Steck C","indisponível","indisponível","indisponível","UN (EMB: 12)","51.19","51.1900","ESTIMADO","Média categoria ELETRICA + fator variação SKU"
"ELETRICA","DISJUNTOR UNIPOLAR DIN","DISJ UNIP STECK 32A C REF: 10762","Disj Unip Steck C","indisponível","indisponível","indisponível","UN (EMB: 12)","52.20","52.2000","ESTIMADO","Média categoria ELETRICA + fator variação SKU"
"ELETRICA","DISJUNTOR UNIPOLAR DIN","DISJ UNIP STECK 63A C REF: 10765","Disj Unip Steck C","indisponível","indisponível","indisponível","UN (EMB: 12)","55.23","55.2300","ESTIMADO","Média categoria ELETRICA + fator variação SKU"
"ELETRICA","DISPOS. DE SURTO E PROTEÇÃO","DISP PROT SURTO JNG 15KA REF: 13050","Disp Prot Surto Jng 15ka","indisponível","indisponível","indisponível","UN (EMB: 12)","65.31","65.3100","ESTIMADO","Média categoria ELETRICA + fator variação SKU"
"ELETRICA","DISPOS. DE SURTO E PROTEÇÃO","DISP PROT SURTO JNG 40KA","Disp Prot Surto Jng 40ka","indisponível","indisponível","indisponível","UN (EMB: 10)","40.96","40.9600","ESTIMADO","Média categoria ELETRICA + fator variação SKU"
"ELETRICA","DISPOS. DE SURTO E PROTEÇÃO","DISP PROT SURTO JNG 45KA","Disp Prot Surto Jng 45ka","indisponível","indisponível","indisponível","UN (EMB: 10)","41.97","41.9700","ESTIMADO","Média categoria ELETRICA + fator variação SKU"
"ELETRICA","DISPOS. DE SURTO E PROTEÇÃO","DISP PROT SURTO STECK 20KA REF: 12024","Disp Prot Surto Steck 20ka","indisponível","indisponível","indisponível","UN (EMB: 12)","78.95","78.9500","ESTIMADO","Média categoria ELETRICA + fator variação SKU"
"ELETRICA","DISPOS. DE SURTO E PROTEÇÃO","PROTETOR DE PENTE BARRAMENTO JNG 4MM 5 POLOS","Protetor De Pente Barramento Jng 5 Polos","indisponível","4MM","indisponível","UN (EMB: 1)","42.98","42.9800","ESTIMADO","Média categoria ELETRICA + fator variação SKU"
"ELETRICA","DUCHA BELLA DUCHA","DUCHA LORENZETTI BELLA DUCHA 127V 5500W REF: 11239","Ducha Bella Ducha 5500w","Lorenzetti","indisponível","indisponível","UN (EMB: 22)","84.29","84.2900","REAL","COTAÇÃO DIRETA PORTAL B2B (LOGIN + FILIAL ENTREGA)"
"ELETRICA","DUCHA BELLA DUCHA","DUCHA LORENZETTI BELLA DUCHA 220V 6800W REF: 11240","Ducha Bella Ducha 6800w","Lorenzetti","indisponível","indisponível","UN (EMB: 22)","84.00","84.0000","ESTIMADO","Regra modelo/marca (Lorenzetti/Bella/Maxi) + potência 5500W"
"ELETRICA","DUCHA LOREN SHOWER ELETRÔNICA","DUCHA LORENZETTI LOREN SHOWER ELETR 127V 5500W REF: 12741","Ducha Loren Shower Eletr 5500w","Lorenzetti","indisponível","indisponível","UN (EMB: 5)","67.10","67.1000","ESTIMADO","Regra modelo/marca (Lorenzetti/Bella/Maxi) + potência 5500W"
"ELETRICA","DUCHA LOREN SHOWER ELETRÔNICA","DUCHA LORENZETTI LOREN SHOWER ELETR 220V 7500W REF: 12742","Ducha Loren Shower Eletr 7500w","Lorenzetti","indisponível","indisponível","UN (EMB: 5)","67.20","67.2000","ESTIMADO","Regra modelo/marca (Lorenzetti/Bella/Maxi) + potência 5500W"
"ELETRICA","DUCHA LOREN SHOWER MULTI","DUCHA LORENZETTI LOREN SHOWER MULTI 127V 5500W REF: 13123","Ducha Loren Shower Multi 5500w","Lorenzetti","indisponível","indisponível","UN (EMB: 5)","65.30","65.3000","ESTIMADO","Regra modelo/marca (Lorenzetti/Bella/Maxi) + potência 5500W"
"ELETRICA","DUCHA LOREN SHOWER MULTI","DUCHA LORENZETTI LOREN SHOWER MULTI 220V 7500W REF: 13124","Ducha Loren Shower Multi 7500w","Lorenzetti","indisponível","indisponível","UN (EMB: 5)","65.40","65.4000","ESTIMADO","Regra modelo/marca (Lorenzetti/Bella/Maxi) + potência 5500W"
"ELETRICA","DUCHA MAXI DUCHA","DUCHA LORENZETTI MAXI DUCHA 127V 5500W REF: 11137","Ducha Maxi Ducha 5500w","Lorenzetti","indisponível","indisponível","UN (EMB: 21)","84.67","84.6700","REAL","COTAÇÃO DIRETA PORTAL B2B (LOGIN + FILIAL ENTREGA)"
"ELETRICA","DUCHA MAXI DUCHA","DUCHA LORENZETTI MAXI DUCHA 220V 5500W REF: 11138","Ducha Maxi Ducha 5500w","Lorenzetti","indisponível","indisponível","UN (EMB: 21)","83.90","83.9000","ESTIMADO","Regra modelo/marca (Lorenzetti/Bella/Maxi) + potência 5500W"
"ELETRICA","DUCHA TOP JET MULTI","DUCHA LORENZETTI TOP JET MULTI 127V 5500W REF: 11145","Ducha Top Jet Multi 5500w","Lorenzetti","indisponível","indisponível","UN (EMB: 4)","67.50","67.5000","ESTIMADO","Regra modelo/marca (Lorenzetti/Bella/Maxi) + potência 5500W"
"ELETRICA","DUCHA TOP JET MULTI","DUCHA LORENZETTI TOP JET MULTI 220V 7500W REF: 11146","Ducha Top Jet Multi 7500w","Lorenzetti","indisponível","indisponível","UN (EMB: 4)","67.60","67.6000","ESTIMADO","Regra modelo/marca (Lorenzetti/Bella/Maxi) + potência 5500W"
"ELETRICA","ELETRODUTO CORRUGADO","ELETRODUTO CORR TUBOS BRAVO 1 1/2 PT 50MTS REF: 12675","Eletroduto Corr Tubos Bravo 1","indisponível","1/2","50MTS","UN (EMB: 1)","30.00","30.0000","ESTIMADO","Regra tubulação (PVC/Eletroduto) + diâmetro polegadas"
"ELETRICA","ELETRODUTO CORRUGADO","ELETRODUTO CORR TUBOS BRAVO 1 1/4 PT 50MTS REF: 12674","Eletroduto Corr Tubos Bravo 1","indisponível","1/4","50MTS","UN (EMB: 1)","29.92","29.9200","ESTIMADO","Regra tubulação (PVC/Eletroduto) + diâmetro polegadas"
"ELETRICA","ELETRODUTO CORRUGADO","ELETRODUTO CORR TUBOS BRAVO 1 PT 50MTS REF: 12681","Eletroduto Corr Tubos Bravo 1","indisponível","indisponível","50MTS","UN (EMB: 1)","30.48","30.4800","ESTIMADO","Regra tubulação (PVC/Eletroduto) + diâmetro polegadas"
"ELETRICA","ELETRODUTO CORRUGADO","ELETRODUTO CORR TUBOS BRAVO 2 PT 50MTS REF: 12676","Eletroduto Corr Tubos Bravo 2","indisponível","indisponível","50MTS","UN (EMB: 1)","30.08","30.0800","ESTIMADO","Regra tubulação (PVC/Eletroduto) + diâmetro polegadas"
"ELETRICA","EXTENSÃO ELÉTRICA","EXTEN ENROLAVEL ILUMI BR 2P 10A 5M 16973 REF: 10958","Exten Enrolavel 2p 16973","Ilumi","indisponível","5M","UN (EMB: 10)","69.27","69.2700","ESTIMADO","Média categoria ELETRICA + fator variação SKU"
"ELETRICA","EXTENSÃO ELÉTRICA","EXTEN ENROLAVEL ILUMI BR 2P+T 10A 3M 16880 REF: 10958","Exten Enrolavel 2p+t 16880","Ilumi","indisponível","3M","UN (EMB: 10)","71.29","71.2900","ESTIMADO","Média categoria ELETRICA + fator variação SKU"
"ELETRICA","EXTENSÃO ELÉTRICA","EXTEN ENROLAVEL ILUMI PT 2P 10A 5M 16974 REF: 10958","Exten Enrolavel 2p 16974","Ilumi","indisponível","5M","UN (EMB: 10)","70.28","70.2800","ESTIMADO","Média categoria ELETRICA + fator variação SKU"
"ELETRICA","EXTENSÃO ELÉTRICA","EXTEN ENROLAVEL ILUMI PT 2P+T 10A 3M 16890 REF: 10958","Exten Enrolavel 2p+t 16890","Ilumi","indisponível","3M","UN (EMB: 10)","72.30","72.3000","ESTIMADO","Média categoria ELETRICA + fator variação SKU"
"ELETRICA","EXTENSÃO ELÉTRICA","EXTEN TRIPLA ILUMI PL BR 2P 10A 10M 17931 REF: 12307","Exten Tripla Pl 2p 17931","Ilumi","indisponível","10M","UN (EMB: 10)","36.81","36.8100","ESTIMADO","Média categoria ELETRICA + fator variação SKU"
"ELETRICA","EXTENSÃO ELÉTRICA","EXTEN TRIPLA ILUMI PL BR 2P 10A 3M 17911 REF: 12305","Exten Tripla Pl 2p 17911","Ilumi","indisponível","3M","UN (EMB: 10)","34.79","34.7900","ESTIMADO","Média categoria ELETRICA + fator variação SKU"
"ELETRICA","EXTENSÃO ELÉTRICA","EXTEN TRIPLA ILUMI PL BR 2P 10A 5M 17921 REF: 12306","Exten Tripla Pl 2p 17921","Ilumi","indisponível","5M","UN (EMB: 10)","35.80","35.8000","ESTIMADO","Média categoria ELETRICA + fator variação SKU"
"ELETRICA","EXTENSÃO ELÉTRICA","EXTEN TRIPLA ILUMI PL CZ 2P 10A 5M 1792 REF: 10954","Exten Tripla Pl 2p 1792","Ilumi","indisponível","5M","UN (EMB: 10)","49.14","49.1400","ESTIMADO","Média categoria ELETRICA + fator variação SKU"
"ELETRICA","EXTENSÃO ELÉTRICA","EXTEN TRIPLA ILUMI PL PT 2P 10A 1,5M 17902 REF: 15081","Exten Tripla Pl 2p 17902","Ilumi","indisponível","1,5M","UN (EMB: 10)","61.19","61.1900","ESTIMADO","Média categoria ELETRICA + fator variação SKU"
"ELETRICA","EXTENSÃO ELÉTRICA","EXTEN TRIPLA ILUMI PL PT 2P 10A 3M 17912 REF: 12305","Exten Tripla Pl 2p 17912","Ilumi","indisponível","3M","UN (EMB: 10)","62.20","62.2000","ESTIMADO","Média categoria ELETRICA + fator variação SKU"
"ELETRICA","EXTENSÃO ELÉTRICA","EXTEN TRIPLA ILUMI PP BR 2P+T 10A 1,5M 17981 REF: 15082","Exten Tripla Pp 2p+t 17981","Ilumi","indisponível","1,5M","UN (EMB: 10)","16.84","16.8400","ESTIMADO","Média categoria ELETRICA + fator variação SKU"
"ELETRICA","EXTENSÃO ELÉTRICA","EXTEN TRIPLA ILUMI PP BR 2P+T 10A 3M 17991 REF: 12308","Exten Tripla Pp 2p+t 17991","Ilumi","indisponível","3M","UN (EMB: 10)","37.82","37.8200","ESTIMADO","Média categoria ELETRICA + fator variação SKU"
"ELETRICA","EXTENSÃO ELÉTRICA","EXTEN TRIPLA ILUMI PP BR 2P+T 10A 5M 171001 REF: 12304","Exten Tripla Pp 2p+t 171001","Ilumi","indisponível","5M","UN (EMB: 10)","33.78","33.7800","ESTIMADO","Média categoria ELETRICA + fator variação SKU"
"ELETRICA","EXTENSÃO ELÉTRICA","EXTEN TRIPLA ILUMI PP CZ 2P+T 10A 10M 17200 REF: 10958","Exten Tripla Pp 2p+t 17200","Ilumi","indisponível","10M","UN (EMB: 10)","53.18","53.1800","ESTIMADO","Média categoria ELETRICA + fator variação SKU"
"ELETRICA","EXTENSÃO ELÉTRICA","EXTEN TRIPLA ILUMI PP CZ 2P+T 10A 3M 1799  REF: 10956","Exten Tripla Pp 2p+t 1799","Ilumi","indisponível","3M","UN (EMB: 10)","51.16","51.1600","ESTIMADO","Média categoria ELETRICA + fator variação SKU"
"ELETRICA","EXTENSÃO ELÉTRICA","EXTEN TRIPLA ILUMI PP CZ 2P+T 10A 5M 17100  REF: 10957","Exten Tripla Pp 2p+t 17100","Ilumi","indisponível","5M","UN (EMB: 10)","52.17","52.1700","ESTIMADO","Média categoria ELETRICA + fator variação SKU"
"ELETRICA","EXTENSÃO ELÉTRICA","EXTEN TRIPLA ILUMI PP PT 2P+T 10A 1,5M 17982 REF: 15082","Exten Tripla Pp 2p+t 17982","Ilumi","indisponível","1,5M","UN (EMB: 10)","65.23","65.2300","ESTIMADO","Média categoria ELETRICA + fator variação SKU"
"ELETRICA","EXTENSÃO ELÉTRICA","EXTEN TRIPLA ILUMI PP PT 2P+T 10A 3M 17992 REF: 12308","Exten Tripla Pp 2p+t 17992","Ilumi","indisponível","3M","UN (EMB: 10)","66.24","66.2400","ESTIMADO","Média categoria ELETRICA + fator variação SKU"
"ELETRICA","EXTENSÃO ELÉTRICA","FILTRO DE LINHA ILUMI BR 5 TOM C/ FUS BIV 34019","Filtro De Linha 5 Tom C Fus Biv 34019","Ilumi","indisponível","indisponível","PC (EMB: 1)","74.32","74.3200","ESTIMADO","Média categoria ELETRICA + fator variação SKU"
"ELETRICA","EXTENSÃO ELÉTRICA","FILTRO DE LINHA ILUMI PT 5 TOM C/ FUS BIV 34018","Filtro De Linha 5 Tom C Fus Biv 34018","Ilumi","indisponível","indisponível","PC (EMB: 1)","73.31","73.3100","ESTIMADO","Média categoria ELETRICA + fator variação SKU"
"ELETRICA","FITA ISOLANTE","FITA ISOLANTE 3M IMPERIAL 10M REF: 10638","Fita Isolante Imperial 10m","indisponível","indisponível","3M","UN (EMB: 10)","6.32","6.3200","ESTIMADO","Regra tipo fita (Isolante/Veda Rosca) + metragem"
"ELETRICA","FITA ISOLANTE","FITA ISOLANTE 3M IMPERIAL 20M REF: 10639","Fita Isolante Imperial 20m","indisponível","indisponível","3M","UN (EMB: 10)","6.34","6.3400","ESTIMADO","Regra tipo fita (Isolante/Veda Rosca) + metragem"
"ELETRICA","FITA ISOLANTE","FITA ISOLANTE 3M IMPERIAL 5M REF: 10637","Fita Isolante Imperial 5m","indisponível","indisponível","3M","UN (EMB: 10)","6.31","6.3100","ESTIMADO","Regra tipo fita (Isolante/Veda Rosca) + metragem"
"ELETRICA","FITA ISOLANTE","FITA ISOLANTE 3M SCOTH 33+ 20M REF: 10641","Fita Isolante Scoth 33+ 20m","indisponível","indisponível","3M","UN (EMB: 1)","6.37","6.3700","ESTIMADO","Regra tipo fita (Isolante/Veda Rosca) + metragem"
"ELETRICA","FITA ISOLANTE","FITA ISOLANTE TIGRE 10M","Fita Isolante","Tigre","indisponível","10M","UN (EMB: 10)","6.38","6.3800","ESTIMADO","Regra tipo fita (Isolante/Veda Rosca) + metragem"
"ELETRICA","FITA ISOLANTE","FITA ISOLANTE TIGRE 20M","Fita Isolante","Tigre","indisponível","20M","UN (EMB: 1)","6.52","6.5200","ESTIMADO","Regra tipo fita (Isolante/Veda Rosca) + metragem"
"ELETRICA","FITA ISOLANTE","FITA ISOLANTE TIGRE 5M","Fita Isolante","Tigre","indisponível","5M","UN (EMB: 60)","6.40","6.4000","ESTIMADO","Regra tipo fita (Isolante/Veda Rosca) + metragem"
"ELETRICA","FITA ISOLANTE AUTOFUSÃO","FITA ISOLANTE 3M AUTOFUSAO 5M REF: 10642","Fita Isolante Autofusao 5m","indisponível","indisponível","3M","UN (EMB: 1)","6.38","6.3800","ESTIMADO","Regra tipo fita (Isolante/Veda Rosca) + metragem"
"ELETRICA","GRAMPO FIXA FIO","FIXA FIO 14/16 BR C/100 SFOR REF: 14396","Fixa Fio C 100 Sfor","indisponível","14/16","indisponível","UN (EMB: 1)","203.40","203.4000","ESTIMADO","Regra bitola mm (1.5mm/2.5mm/4mm/6mm/10mm) + rolo 100m"
"ELETRICA","GRAMPO FIXA FIO","FIXA FIO 18/20 BR C/100 SFOR REF: 14395","Fixa Fio C 100 Sfor","indisponível","18/20","indisponível","UN (EMB: 1)","203.00","203.0000","ESTIMADO","Regra bitola mm (1.5mm/2.5mm/4mm/6mm/10mm) + rolo 100m"
"ELETRICA","INTERRUPTOR EXTERNO","INTERRUPTOR EXTERNO SOB RED SIMPLES CZ ILUMI 6A 1755PCT REF: 15080","Interruptor Externo Sob Red Simples 1755pct","Ilumi","indisponível","indisponível","UN (EMB: 10)","10.40","10.4000","ESTIMADO","Regra módulos/placa (Interruptor/Tomada) + série"
"ELETRICA","INTERRUPTOR MEIO CORDÃO","INTERRUPTOR MEIO CORDAO ILUMI CZ 1647PCT REF: 10939","Interruptor Meio Cordao 1647pct","Ilumi","indisponível","indisponível","UN (EMB: 10)","9.58","9.5800","ESTIMADO","Regra módulos/placa (Interruptor/Tomada) + série"
"ELETRICA","LÂMPADA LED BULBO","LAMP LED BULBO TASCHIBRA BIV/6500 100W REF: 15231","Lamp Led Bulbo Taschibra Biv 6500 100w","indisponível","indisponível","indisponível","UN (EMB: 6)","36.34","36.3400","ESTIMADO","Média categoria ELETRICA + fator variação SKU"
"ELETRICA","LÂMPADA LED BULBO","LAMP LED BULBO TASCHIBRA BIV/6500 12W REF: 12725","Lamp Led Bulbo Taschibra Biv 6500 12w","indisponível","indisponível","indisponível","UN (EMB: 10)","65.03","65.0300","ESTIMADO","Média categoria ELETRICA + fator variação SKU"
"ELETRICA","LÂMPADA LED BULBO","LAMP LED BULBO TASCHIBRA BIV/6500 15W REF: 15228","Lamp Led Bulbo Taschibra Biv 6500 15w","indisponível","indisponível","indisponível","UN (EMB: 10)","33.31","33.3100","ESTIMADO","Média categoria ELETRICA + fator variação SKU"
"ELETRICA","LÂMPADA LED BULBO","LAMP LED BULBO TASCHIBRA BIV/6500 20W REF: 15226","Lamp Led Bulbo Taschibra Biv 6500 20w","indisponível","indisponível","indisponível","UN (EMB: 10)","31.29","31.2900","ESTIMADO","Média categoria ELETRICA + fator variação SKU"
"ELETRICA","LÂMPADA LED BULBO","LAMP LED BULBO TASCHIBRA BIV/6500 30W REF: 15227","Lamp Led Bulbo Taschibra Biv 6500 30w","indisponível","indisponível","indisponível","UN (EMB: 10)","32.30","32.3000","ESTIMADO","Média categoria ELETRICA + fator variação SKU"
"ELETRICA","LÂMPADA LED BULBO","LAMP LED BULBO TASCHIBRA BIV/6500 40W REF: 15226","Lamp Led Bulbo Taschibra Biv 6500 40w","indisponível","indisponível","indisponível","UN (EMB: 10)","43.68","43.6800","ESTIMADO","Média categoria ELETRICA + fator variação SKU"
"ELETRICA","LÂMPADA LED BULBO","LAMP LED BULBO TASCHIBRA BIV/6500 50W REF: 15230","Lamp Led Bulbo Taschibra Biv 6500 50w","indisponível","indisponível","indisponível","UN (EMB: 6)","35.33","35.3300","ESTIMADO","Média categoria ELETRICA + fator variação SKU"
"ELETRICA","LÂMPADA LED BULBO","LAMP LED BULBO TASCHIBRA BIV/6500 61W REF: 15229","Lamp Led Bulbo Taschibra Biv 6500 61w","indisponível","indisponível","indisponível","UN (EMB: 6)","34.32","34.3200","ESTIMADO","Média categoria ELETRICA + fator variação SKU"
"ELETRICA","LÂMPADA LED BULBO","LAMP LED BULBO TASCHIBRA BIV/6500 9W REF: 12723","Lamp Led Bulbo Taschibra Biv 6500 9w","indisponível","indisponível","indisponível","UN (EMB: 10)","63.01","63.0100","ESTIMADO","Média categoria ELETRICA + fator variação SKU"
"ELETRICA","LÂMPADA LED TUBULAR","LAMP LED T8 TASCHIBRA 120CM BIV/6500 20,5W REF: 12727","Lamp Led T8 Taschibra 120cm Biv 6500 20 5w","indisponível","indisponível","indisponível","UN (EMB: 10)","67.05","67.0500","ESTIMADO","Média categoria ELETRICA + fator variação SKU"
"ELETRICA","LÂMPADA LED TUBULAR","LAMP LED T8 TASCHIBRA 60CM BIV/6500 9,9W REF: 12728","Lamp Led T8 Taschibra 60cm Biv 6500 9 9w","indisponível","indisponível","indisponível","UN (EMB: 10)","68.06","68.0600","ESTIMADO","Média categoria ELETRICA + fator variação SKU"
"ELETRICA","LUMINARIA","LUMINARIA LED EMBUTIR QUAD TASCHIBRA 6500 18W REF: 15238","Luminaria Led Embutir Quad Taschibra 6500 18w","indisponível","indisponível","indisponível","UN (EMB: 10)","43.41","43.4100","ESTIMADO","Média categoria ELETRICA + fator variação SKU"
"ELETRICA","LUMINARIA","LUMINARIA LED EMBUTIR QUAD TASCHIBRA 6500 24W REF: 15239","Luminaria Led Embutir Quad Taschibra 6500 24w","indisponível","indisponível","indisponível","UN (EMB: 10)","44.42","44.4200","ESTIMADO","Média categoria ELETRICA + fator variação SKU"
"ELETRICA","LUMINARIA","LUMINARIA LED SOBREPOR LINE TASCHIBRA 100CM 6500 36W REF: 15241","Luminaria Led Sobrepor Line Taschibra 100cm 6500 36w","indisponível","indisponível","indisponível","UN (EMB: 10)","46.44","46.4400","ESTIMADO","Média categoria ELETRICA + fator variação SKU"
"ELETRICA","LUMINARIA","LUMINARIA LED SOBREPOR LINE TASCHIBRA 50CM 6500 18W REF: 15240","Luminaria Led Sobrepor Line Taschibra 50cm 6500 18w","indisponível","indisponível","indisponível","UN (EMB: 10)","45.43","45.4300","ESTIMADO","Média categoria ELETRICA + fator variação SKU"
"ELETRICA","LUMINARIA","LUMINARIA LED SOBREPOR QUAD TASCHIBRA 6500 18W REF: 15236","Luminaria Led Sobrepor Quad Taschibra 6500 18w","indisponível","indisponível","indisponível","UN (EMB: 10)","41.39","41.3900","ESTIMADO","Média categoria ELETRICA + fator variação SKU"
"ELETRICA","LUMINÁRIA TARTARUGA","LUMINARIA TARTARUGA ILUMI DECOR BR 16112 REF: 12079","Luminaria Tartaruga Decor 16112","Ilumi","indisponível","indisponível","UN (EMB: 1)","68.51","68.5100","ESTIMADO","Média categoria ELETRICA + fator variação SKU"
"ELETRICA","LUVAS P/ CONDUITE CORRUGADO","LUVA P/CONDUITE CORRUGADO FORTLEV 20MM REF: 10473","Luva P Conduite Corrugado","Fortlev","20MM","indisponível","UN (EMB: 50)","29.84","29.8400","ESTIMADO","Regra tubulação (PVC/Eletroduto) + diâmetro polegadas"
"ELETRICA","LUVAS P/ CONDUITE CORRUGADO","LUVA P/CONDUITE CORRUGADO FORTLEV 25MM REF: 10474","Luva P Conduite Corrugado","Fortlev","25MM","indisponível","UN (EMB: 50)","29.92","29.9200","ESTIMADO","Regra tubulação (PVC/Eletroduto) + diâmetro polegadas"
"ELETRICA","LUVAS P/ CONDUITE CORRUGADO","LUVA P/CONDUITE CORRUGADO FORTLEV 32MM REF: 10475","Luva P Conduite Corrugado","Fortlev","32MM","indisponível","UN (EMB: 30)","30.00","30.0000","ESTIMADO","Regra tubulação (PVC/Eletroduto) + diâmetro polegadas"
"ELETRICA","LUVAS P/ CONDUITE CORRUGADO","LUVA P/CONDUITE CORRUGADO PRESSAO LAR TIGRE 25MM REF: 14741","Luva P Conduite Corrugado Pressao Lar","Tigre","25MM","indisponível","UN (EMB: 50)","27.28","27.2800","ESTIMADO","Regra tubulação (PVC/Eletroduto) + diâmetro polegadas"
"ELETRICA","LUVAS P/ CONDUITE CORRUGADO","LUVA P/CONDUITE CORRUGADO PRESSAO TIGRE 20MM REF: 14737","Luva P Conduite Corrugado Pressao","Tigre","20MM","indisponível","UN (EMB: 50)","26.96","26.9600","ESTIMADO","Regra tubulação (PVC/Eletroduto) + diâmetro polegadas"
"ELETRICA","LUVAS P/ CONDUITE CORRUGADO","LUVA P/CONDUITE CORRUGADO PRESSAO TIGRE 32MM REF: 14736","Luva P Conduite Corrugado Pressao","Tigre","32MM","indisponível","UN (EMB: 50)","26.88","26.8800","ESTIMADO","Regra tubulação (PVC/Eletroduto) + diâmetro polegadas"
"ELETRICA","MANGUEIRA POLIETILENO","MANGUEIRA POLIETILENO TUBOS BRAVO 1X2,0MM VM 100MTS REF: 12678","Mangueira Polietileno Tubos Bravo 0mm","indisponível","1X2","100MTS","UN (EMB: 1)","30.24","30.2400","ESTIMADO","Regra tubulação (PVC/Eletroduto) + diâmetro polegadas"
"ELETRICA","MANGUEIRA POLIETILENO","MANGUEIRA POLIETILENO TUBOS BRAVO 1X3,0MM AM 100MTS REF: 12680","Mangueira Polietileno Tubos Bravo 0mm","indisponível","1X3","100MTS","UN (EMB: 1)","30.40","30.4000","ESTIMADO","Regra tubulação (PVC/Eletroduto) + diâmetro polegadas"
"ELETRICA","MANGUEIRA POLIETILENO","MANGUEIRA POLIETILENO TUBOS BRAVO 3/4X2,1MM AM 100MTS REF: 12679","Mangueira Polietileno Tubos Bravo 3 1mm","indisponível","4X2","100MTS","UN (EMB: 1)","30.32","30.3200","ESTIMADO","Regra tubulação (PVC/Eletroduto) + diâmetro polegadas"
"ELETRICA","PASSA FIO","PASSA FIO ALMA ACO ART VARAL 10M REF: 13414","Passa Fio Alma Aco Art Varal","indisponível","indisponível","10M","UN (EMB: 30)","170.60","170.6000","ESTIMADO","Regra bitola mm (1.5mm/2.5mm/4mm/6mm/10mm) + rolo 100m"
"ELETRICA","PASSA FIO","PASSA FIO ALMA ACO ART VARAL 15M REF: 13415","Passa Fio Alma Aco Art Varal","indisponível","indisponível","15M","UN (EMB: 30)","171.00","171.0000","ESTIMADO","Regra bitola mm (1.5mm/2.5mm/4mm/6mm/10mm) + rolo 100m"
"ELETRICA","PASSA FIO","PASSA FIO ALMA ACO ART VARAL 20M REF: 13416","Passa Fio Alma Aco Art Varal","indisponível","indisponível","20M","UN (EMB: 30)","171.40","171.4000","ESTIMADO","Regra bitola mm (1.5mm/2.5mm/4mm/6mm/10mm) + rolo 100m"
"ELETRICA","PILHA","PILHA ALC AA DURACELL BLISTER C/2 REF: 14509","Pilha Alc Aa Duracell Blister C 2","indisponível","indisponível","indisponível","UN (EMB: 1)","29.05","29.0500","ESTIMADO","Média categoria ELETRICA + fator variação SKU"
"ELETRICA","PILHA","PILHA ALC AAA PALITO DURACELL BLISTER C/2 REF: 14508","Pilha Alc Aaa Palito Duracell Blister C 2","indisponível","indisponível","indisponível","UN (EMB: 1)","28.04","28.0400","ESTIMADO","Média categoria ELETRICA + fator variação SKU"
"ELETRICA","PILHA","PILHA TASCHIBRA ALCALINA AA BLISTER C/ 2","Pilha Taschibra Alcalina Aa Blister C 2","indisponível","indisponível","indisponível","PC (EMB: 10)","23.12","23.1200","ESTIMADO","Média categoria ELETRICA + fator variação SKU"
"ELETRICA","PILHA","PILHA TASCHIBRA ALCALINA AA BLISTER C/ 4","Pilha Taschibra Alcalina Aa Blister C 4","indisponível","indisponível","indisponível","PC (EMB: 10)","24.13","24.1300","ESTIMADO","Média categoria ELETRICA + fator variação SKU"
"ELETRICA","PILHA","PILHA TASCHIBRA ALCALINA AAA BLISTER C/ 2","Pilha Taschibra Alcalina Aaa Blister C 2","indisponível","indisponível","indisponível","PC (EMB: 10)","21.10","21.1000","ESTIMADO","Média categoria ELETRICA + fator variação SKU"
"ELETRICA","PILHA","PILHA TASCHIBRA ALCALINA AAA BLISTER C/ 4","Pilha Taschibra Alcalina Aaa Blister C 4","indisponível","indisponível","indisponível","PC (EMB: 10)","22.11","22.1100","ESTIMADO","Média categoria ELETRICA + fator variação SKU"
"ELETRICA","PINO 3 SAÍDAS","PINO 3 SAIDAS ILUMI CZ 2P+T 10A 12250 REF: 10942","Pino 3 Saidas 2p+t 12250","Ilumi","indisponível","indisponível","UN (EMB: 20)","37.02","37.0200","ESTIMADO","Média categoria ELETRICA + fator variação SKU"
"ELETRICA","PINO ADAPTADOR","PINO ADAPT ILUMI CZ 2P+T 10A 1209PCT REF: 10940","Pino Adapt 2p+t 1209pct","Ilumi","indisponível","indisponível","UN (EMB: 10)","35.00","35.0000","ESTIMADO","Média categoria ELETRICA + fator variação SKU"
"ELETRICA","PINO FÊMEA","PINO FEMEA ILUMI BR 2P+T 10A 1433PCT REF: 13165","Pino Femea 2p+t 1433pct","Ilumi","indisponível","indisponível","UN (EMB: 10)","50.47","50.4700","ESTIMADO","Média categoria ELETRICA + fator variação SKU"
"ELETRICA","PINO FÊMEA","PINO FEMEA ILUMI CZ 2P 10A 1429PCT REF: 10937","Pino Femea 2p 1429pct","Ilumi","indisponível","indisponível","UN (EMB: 10)","31.97","31.9700","ESTIMADO","Média categoria ELETRICA + fator variação SKU"
"ELETRICA","PINO FÊMEA","PINO FEMEA ILUMI CZ 2P+T 20A 1422PCT  REF: 10938","Pino Femea 2p+t 1422pct","Ilumi","indisponível","indisponível","UN (EMB: 10)","32.98","32.9800","ESTIMADO","Média categoria ELETRICA + fator variação SKU"
"ELETRICA","PINO FÊMEA","PINO FEMEA ILUMI PT 2P 10A 1430PCT REF: 14284","Pino Femea 2p 1430pct","Ilumi","indisponível","indisponível","UN (EMB: 10)","63.78","63.7800","ESTIMADO","Média categoria ELETRICA + fator variação SKU"
"ELETRICA","PINO FÊMEA","PINO FEMEA ILUMI PT 2P+T 20A 1423PCT REF: 14283","Pino Femea 2p+t 1423pct","Ilumi","indisponível","indisponível","UN (EMB: 10)","62.77","62.7700","ESTIMADO","Média categoria ELETRICA + fator variação SKU"
"ELETRICA","PINO PORTA LAMPADA","PINO PORTA LAMP ILUMI PT 4A 1701PCT REF: 10949","Pino Porta Lamp 1701pct","Ilumi","indisponível","indisponível","UN (EMB: 10)","44.09","44.0900","ESTIMADO","Média categoria ELETRICA + fator variação SKU"
"ELETRICA","PINO PRENSA CABO","PINO PRENSA MACHO CABO GIGANTE ILUMI CZ 2P 10A 1412PCT REF: 14281","Pino Prensa Macho Cabo Gigante 2p 1412pct","Ilumi","indisponível","indisponível","UN (EMB: 10)","197.40","197.4000","ESTIMADO","Regra bitola mm (1.5mm/2.5mm/4mm/6mm/10mm) + rolo 100m"
"ELETRICA","PINO PRENSA CABO","PINO PRENSA MACHO CABO GIGANTE ILUMI CZ 2P+T 10A 1416PCT REF: 14282","Pino Prensa Macho Cabo Gigante 2p+t 1416pct","Ilumi","indisponível","indisponível","UN (EMB: 10)","197.80","197.8000","ESTIMADO","Regra bitola mm (1.5mm/2.5mm/4mm/6mm/10mm) + rolo 100m"
"ELETRICA","PINO PRENSA CABO","PINO PRENSA MACHO CABO ILUMI CZ 2P 10A 14010PCT REF: 10933","Pino Prensa Macho Cabo 2p 14010pct","Ilumi","indisponível","indisponível","UN (EMB: 10)","178.20","178.2000","ESTIMADO","Regra bitola mm (1.5mm/2.5mm/4mm/6mm/10mm) + rolo 100m"
"ELETRICA","PINO PRENSA CABO","PINO PRENSA MACHO CABO ILUMI CZ 2P 20A 14011PCT REF: 10936","Pino Prensa Macho Cabo 2p 14011pct","Ilumi","indisponível","indisponível","UN (EMB: 10)","179.40","179.4000","ESTIMADO","Regra bitola mm (1.5mm/2.5mm/4mm/6mm/10mm) + rolo 100m"
"ELETRICA","PINO PRENSA CABO","PINO PRENSA MACHO CABO ILUMI CZ 2P+T 10A 14050PCT REF: 10934","Pino Prensa Macho Cabo 2p+t 14050pct","Ilumi","indisponível","indisponível","UN (EMB: 10)","178.60","178.6000","ESTIMADO","Regra bitola mm (1.5mm/2.5mm/4mm/6mm/10mm) + rolo 100m"
"ELETRICA","PINO PRENSA CABO","PINO PRENSA MACHO CABO ILUMI CZ 2P+T 20A 14051PCT REF: 10935","Pino Prensa Macho Cabo 2p+t 14051pct","Ilumi","indisponível","indisponível","UN (EMB: 10)","179.00","179.0000","ESTIMADO","Regra bitola mm (1.5mm/2.5mm/4mm/6mm/10mm) + rolo 100m"
"ELETRICA","PINO PRENSA CABO","PINO PRENSA MACHO CABO ILUMI PT 2P 10A 14030PCT REF: 14277","Pino Prensa Macho Cabo 2p 14030pct","Ilumi","indisponível","indisponível","UN (EMB: 10)","195.80","195.8000","ESTIMADO","Regra bitola mm (1.5mm/2.5mm/4mm/6mm/10mm) + rolo 100m"
"ELETRICA","PINO PRENSA CABO","PINO PRENSA MACHO CABO ILUMI PT 2P 20A 14031PCT  REF: 14278","Pino Prensa Macho Cabo 2p 14031pct","Ilumi","indisponível","indisponível","UN (EMB: 10)","196.20","196.2000","ESTIMADO","Regra bitola mm (1.5mm/2.5mm/4mm/6mm/10mm) + rolo 100m"
"ELETRICA","PINO PRENSA CABO","PINO PRENSA MACHO CABO ILUMI PT 2P+T 10A 14070PCT REF: 14279","Pino Prensa Macho Cabo 2p+t 14070pct","Ilumi","indisponível","indisponível","UN (EMB: 10)","196.60","196.6000","ESTIMADO","Regra bitola mm (1.5mm/2.5mm/4mm/6mm/10mm) + rolo 100m"
"ELETRICA","PINO PRENSA CABO","PINO PRENSA MACHO CABO ILUMI PT 2P+T 20A 14071PCT REF: 14280","Pino Prensa Macho Cabo 2p+t 14071pct","Ilumi","indisponível","indisponível","UN (EMB: 10)","197.00","197.0000","ESTIMADO","Regra bitola mm (1.5mm/2.5mm/4mm/6mm/10mm) + rolo 100m"
"ELETRICA","PLAFON PVC","PLAFON PVC ILUMI BR SOQ 180931 REF: 10950","Plafon Soq 180931","Ilumi","indisponível","indisponível","UN (EMB: 100)","45.10","45.1000","ESTIMADO","Média categoria ELETRICA + fator variação SKU"
"ELETRICA","PLAFON PVC","PLAFON PVC TASCHIBRA BR SOQ PORCELANA REF: 15225","Plafon Taschia Br Soq Porcelana","indisponível","indisponível","indisponível","UN (EMB: 10)","30.28","30.2800","ESTIMADO","Média categoria ELETRICA + fator variação SKU"
"ELETRICA","PLUGUE INDUSTRIAL","PLUG IND JNG 2P+T 16A 220V 6H AZ","Plug Ind Jng 2p+t 6h","indisponível","indisponível","indisponível","UN (EMB: 1)","52.07","52.0700","ESTIMADO","Média categoria ELETRICA + fator variação SKU"
"ELETRICA","PLUGUE INDUSTRIAL","PLUG IND JNG 2P+T 32A 220V 6H AZ","Plug Ind Jng 2p+t 6h","indisponível","indisponível","indisponível","UN (EMB: 1)","53.08","53.0800","ESTIMADO","Média categoria ELETRICA + fator variação SKU"
"ELETRICA","PLUGUE INDUSTRIAL","PLUG IND JNG 3P+T 16A 380V 6H VM","Plug Ind Jng 3p+t 380v 6h","indisponível","indisponível","indisponível","UN (EMB: 1)","54.09","54.0900","ESTIMADO","Média categoria ELETRICA + fator variação SKU"
"ELETRICA","PLUGUE INDUSTRIAL","PLUG IND JNG 3P+T 32A 380V 6H VM","Plug Ind Jng 3p+t 380v 6h","indisponível","indisponível","indisponível","UN (EMB: 1)","55.10","55.1000","ESTIMADO","Média categoria ELETRICA + fator variação SKU"
"ELETRICA","PORTA LAMPADA","PORTA LAMPADA TASCHIBRA E-27 PORC DER/03 REF: 15406","Porta Lampada Taschibra E 27 Porc Der 03","indisponível","indisponível","indisponível","UN (EMB: 1)","8.02","8.0200","ESTIMADO","Regra iluminação (LED/Painel/Refletor) + potência Watts"
"ELETRICA","REFLETOR LED","REFLETOR LED TASCHIBRA PT SLIM BIV/6500 10W REF: 15233","Refletor Led Taschibra Slim Biv 6500 10w","indisponível","indisponível","indisponível","UN (EMB: 6)","32.98","32.9800","ESTIMADO","Regra iluminação (LED/Painel/Refletor) + potência Watts"
"ELETRICA","REFLETOR LED","REFLETOR LED TASCHIBRA PT SLIM BIV/6500 50W REF: 15235","Refletor Led Taschibra Slim Biv 6500 50w","indisponível","indisponível","indisponível","UN (EMB: 6)","33.10","33.1000","ESTIMADO","Regra iluminação (LED/Painel/Refletor) + potência Watts"
"ELETRICA","RESISTENCIA BELLA DUCHA","RESIST ELETR LORENZETTI BELLA DUCHA ULTRA 127V 5500W 3065F REF: 12438","Resist Eletr Bella Ducha Ultra 5500w 3065f","Lorenzetti","indisponível","indisponível","UN (EMB: 24)","83.90","83.9000","ESTIMADO","Regra modelo/marca (Lorenzetti/Bella/Maxi) + potência 5500W"
"ELETRICA","RESISTENCIA BELLA DUCHA","RESIST ELETR LORENZETTI BELLA DUCHA ULTRA 220V 6800W 3065E REF: 12437","Resist Eletr Bella Ducha Ultra 6800w 3065e","Lorenzetti","indisponível","indisponível","UN (EMB: 24)","83.85","83.8500","ESTIMADO","Regra modelo/marca (Lorenzetti/Bella/Maxi) + potência 5500W"
"ELETRICA","RESISTENCIA BELLA/FASH","RESIST ELETR LORENZETTI BELLA/FASH 127V 5500W 3056B REF: 11245","Resist Eletr Bella Fash 5500w 3056b","Lorenzetti","indisponível","indisponível","UN (EMB: 16)","15.08","15.0800","ESTIMADO","Média categoria ELETRICA + fator variação SKU"
"ELETRICA","RESISTENCIA BELLA/FASH","RESIST ELETR LORENZETTI BELLA/FASH 220V 6800W 3056A REF: 11246","Resist Eletr Bella Fash 6800w","Lorenzetti","indisponível","indisponível","UN (EMB: 16)","16.09","16.0900","ESTIMADO","Média categoria ELETRICA + fator variação SKU"
"ELETRICA","RESISTENCIA DUO SHOWER/FUTURA","RESIST ELETR LORENZETTI DUO SHOWER/FUTURA 127V 5500W 3060A REF: 11249","Resist Eletr Duo Shower Futura 5500w","Lorenzetti","indisponível","indisponível","UN (EMB: 25)","19.12","19.1200","ESTIMADO","Média categoria ELETRICA + fator variação SKU"
"ELETRICA","RESISTENCIA DUO SHOWER/FUTURA","RESIST ELETR LORENZETTI DUO SHOWER/FUTURA 220V 7500W 3060C REF: 11250","Resist Eletr Duo Shower Futura 7500w 3060c","Lorenzetti","indisponível","indisponível","UN (EMB: 25)","20.13","20.1300","ESTIMADO","Média categoria ELETRICA + fator variação SKU"
"ELETRICA","RESISTÊNCIA ELÉTRICA","RESIST ELETR LORENZETTI ELE TOPJ/TURBO 220V 6800W 3056G REF: 15203","Resist Eletr Ele Topj Turbo 6800w 3056g","Lorenzetti","indisponível","indisponível","UN (EMB: 16)","73.06","73.0600","ESTIMADO","Média categoria ELETRICA + fator variação SKU"
"ELETRICA","RESISTÊNCIA ELÉTRICA","RESIST ELETR PRATIMIX MAXI/BELLO 127V 5500W 3T0155 REF: 14698","Resist Eletr Pratimix Maxi Bello 5500w 3t0155","indisponível","indisponível","indisponível","UN (EMB: 1)","22.96","22.9600","ESTIMADO","Média categoria ELETRICA + fator variação SKU"
"ELETRICA","RESISTÊNCIA ELÉTRICA","RESIST ELETR ZAGONEL LINEA 220V 5500W REF: 14417","Resist Eletr Zagonel Linea 5500w","indisponível","indisponível","indisponível","UN (EMB: 12)","67.12","67.1200","ESTIMADO","Média categoria ELETRICA + fator variação SKU"
"ELETRICA","RESISTENCIA ELETRONICA ADV/TOP","RESIST ELETR LORENZETTI ELE ADV/TOPJ 127V 5500W 3056E REF: 11247","Resist Eletr Ele Adv Topj 5500w 3056e","Lorenzetti","indisponível","indisponível","UN (EMB: 16)","17.10","17.1000","ESTIMADO","Média categoria ELETRICA + fator variação SKU"
"ELETRICA","RESISTENCIA ELETRONICA ADV/TOP","RESIST ELETR LORENZETTI ELE ADV/TOPJ 220V 7500W 3056F REF: 11248","Resist Eletr Ele Adv Topj 7500w 3056f","Lorenzetti","indisponível","indisponível","UN (EMB: 16)","18.11","18.1100","ESTIMADO","Média categoria ELETRICA + fator variação SKU"
"ELETRICA","RESISTENCIA LOREN SHOWER","RESIST ELETR LORENZETTI LOREN SHOWER 127V 5500W 3065I REF: 12744","Resist Eletr Loren Shower 5500w 3065i","Lorenzetti","indisponível","indisponível","UN (EMB: 25)","19.22","19.2200","ESTIMADO","Média categoria ELETRICA + fator variação SKU"
"ELETRICA","RESISTENCIA LOREN SHOWER","RESIST ELETR LORENZETTI LOREN SHOWER 220V 7500W 3065M REF: 12745","Resist Eletr Loren Shower 7500w","Lorenzetti","indisponível","3065M","UN (EMB: 25)","20.23","20.2300","ESTIMADO","Média categoria ELETRICA + fator variação SKU"
"ELETRICA","RESISTENCIA MAXI/BELLO","RESIST ELETR LORENZETTI MAXI/BELLO 127V 5500W 055J REF: 11149","Resist Eletr Maxi Bello 5500w 055j","Lorenzetti","indisponível","indisponível","UN (EMB: 25)","49.11","49.1100","ESTIMADO","Média categoria ELETRICA + fator variação SKU"
"ELETRICA","RESISTENCIA MAXI/BELLO","RESIST ELETR LORENZETTI MAXI/BELLO 220V 5500W 055A REF: 11150","Resist Eletr Maxi Bello 5500w","Lorenzetti","indisponível","indisponível","UN (EMB: 25)","50.12","50.1200","ESTIMADO","Média categoria ELETRICA + fator variação SKU"
"ELETRICA","RESISTENCIA MAXI/BELLO/ULTRA","RESIST ELETR LORENZETTI MAXI/BELLO/ULTRA 127V 5500W 065J REF: 11251","Resist Eletr Maxi Bello Ultra 5500w 065j","Lorenzetti","indisponível","indisponível","UN (EMB: 24)","21.14","21.1400","ESTIMADO","Média categoria ELETRICA + fator variação SKU"
"ELETRICA","RESISTENCIA MAXI/BELLO/ULTRA","RESIST ELETR LORENZETTI MAXI/BELLO/ULTRA 220V 5500W 065A REF: 11252","Resist Eletr Maxi Bello Ultra 5500w","Lorenzetti","indisponível","indisponível","UN (EMB: 24)","22.15","22.1500","ESTIMADO","Média categoria ELETRICA + fator variação SKU"
"ELETRICA","RESISTENCIA MULTI ADV/TOPJ","RESIST ELETR LORENZETTI MULTI ADV/TOPJ 127V 5500W 3055Q REF: 11243","Resist Eletr Multi Adv Topj 5500w 3055q","Lorenzetti","indisponível","indisponível","UN (EMB: 16)","78.06","78.0600","ESTIMADO","Média categoria ELETRICA + fator variação SKU"
"ELETRICA","RESISTENCIA MULTI ADV/TOPJ","RESIST ELETR LORENZETTI MULTI ADV/TOPJ 220V 6400W 3055P REF: 13882","Resist Eletr Multi Adv Topj 6400w 3055p","Lorenzetti","indisponível","indisponível","UN (EMB: 16)","51.72","51.7200","ESTIMADO","Média categoria ELETRICA + fator variação SKU"
"ELETRICA","RESISTENCIA MULTI ADV/TOPJ","RESIST ELETR LORENZETTI MULTI ADV/TOPJ 220V 7500W 3055O REF: 11244","Resist Eletr Multi Adv Topj 7500w 3055o","Lorenzetti","indisponível","indisponível","UN (EMB: 16)","79.07","79.0700","ESTIMADO","Média categoria ELETRICA + fator variação SKU"
"ELETRICA","RESISTENCIA STAR/STORM","RESIST ELETR LORENZETTI ACQUA STAR/STORM 127V 5500W 3065 REF: 11253","Resist Eletr Acqua Star Storm 5500w 3065","Lorenzetti","indisponível","indisponível","UN (EMB: 12)","23.16","23.1600","ESTIMADO","Média categoria ELETRICA + fator variação SKU"
"ELETRICA","RESISTENCIA STAR/STORM","RESIST ELETR LORENZETTI ACQUA STAR/STORM 220V 7800W 3065B REF: 11254","Resist Eletr Acqua Star Storm 7800w 3065b","Lorenzetti","indisponível","indisponível","UN (EMB: 12)","24.17","24.1700","ESTIMADO","Média categoria ELETRICA + fator variação SKU"
"ELETRICA","SISTEMA X ILUMI","CONJ ILUMI BOX SOBR BR - 1INT PAR 6322 REF: 10890","Conj Box So Br 1int Par 6322","Ilumi","indisponível","indisponível","UN (EMB: 10)","49.50","49.5000","ESTIMADO","Média categoria ELETRICA + fator variação SKU"
"ELETRICA","SISTEMA X ILUMI","CONJ ILUMI BOX SOBR BR - 1INT SIM + 1TOM 10A 63200 REF: 10893","Conj Box So Br 1int Sim + 1tom 63200","Ilumi","indisponível","indisponível","UN (EMB: 20)","52.53","52.5300","ESTIMADO","Média categoria ELETRICA + fator variação SKU"
"ELETRICA","SISTEMA X ILUMI","CONJ ILUMI BOX SOBR BR - 1INT SIM 6317 REF: 10889","Conj Box So Br 1int Sim 6317","Ilumi","indisponível","indisponível","UN (EMB: 20)","49.48","49.4800","ESTIMADO","Média categoria ELETRICA + fator variação SKU"
"ELETRICA","SISTEMA X ILUMI","CONJ ILUMI BOX SOBR BR - 1TOM 10A 63140 REF: 10885","Conj Box So Br 1tom 63140","Ilumi","indisponível","indisponível","UN (EMB: 20)","45.44","45.4400","ESTIMADO","Média categoria ELETRICA + fator variação SKU"
"ELETRICA","SISTEMA X ILUMI","CONJ ILUMI BOX SOBR BR - 1TOM 20A 63141 REF: 10886","Conj Box So Br 1tom 63141","Ilumi","indisponível","indisponível","UN (EMB: 20)","46.45","46.4500","ESTIMADO","Média categoria ELETRICA + fator variação SKU"
"ELETRICA","SISTEMA X ILUMI","CONJ ILUMI BOX SOBR BR - 1TOM 20A VM 63143 REF: 12080","Conj Box So Br 1tom Vm 63143","Ilumi","indisponível","indisponível","UN (EMB: 20)","69.52","69.5200","ESTIMADO","Média categoria ELETRICA + fator variação SKU"
"ELETRICA","SISTEMA X ILUMI","CONJ ILUMI BOX SOBR BR - 1TOM RJ11 TEL 6361 REF: 10896","Conj Box So Br 1tom Rj11 Tel 6361","Ilumi","indisponível","indisponível","UN (EMB: 10)","55.56","55.5600","ESTIMADO","Média categoria ELETRICA + fator variação SKU"
"ELETRICA","SISTEMA X ILUMI","CONJ ILUMI BOX SOBR BR - 2INT SIM 6318 REF: 10891","Conj Box So Br 2int Sim 6318","Ilumi","indisponível","indisponível","UN (EMB: 10)","50.51","50.5100","ESTIMADO","Média categoria ELETRICA + fator variação SKU"
"ELETRICA","SISTEMA X ILUMI","CONJ ILUMI BOX SOBR BR - 2TOM 10A 63120 REF: 10887","Conj Box So Br 2tom 63120","Ilumi","indisponível","indisponível","UN (EMB: 10)","47.46","47.4600","ESTIMADO","Média categoria ELETRICA + fator variação SKU"
"ELETRICA","SISTEMA X ILUMI","CONJ ILUMI BOX SOBR BR - 2TOM 20A 63121 REF: 10888","Conj Box So Br 2tom 63121","Ilumi","indisponível","indisponível","UN (EMB: 10)","48.47","48.4700","ESTIMADO","Média categoria ELETRICA + fator variação SKU"
"ELETRICA","SISTEMA X ILUMI","CONJ ILUMI BOX SOBR BR - 3INT SIM 6319 REF: 10892","Conj Box So Br 3int Sim 6319","Ilumi","indisponível","indisponível","UN (EMB: 10)","51.52","51.5200","ESTIMADO","Média categoria ELETRICA + fator variação SKU"
"ELETRICA","SISTEMA X ILUMI","COTOVELO LAT ILUMI 90º 20PCS 20X10 BR 6201PCT REF: 12493","Cotovelo Lat 90º 20pcs 6201pct","Ilumi","20X10","indisponível","UN (EMB: 20)","27.69","27.6900","ESTIMADO","Média categoria ELETRICA + fator variação SKU"
"ELETRICA","SISTEMA X ILUMI","PLACA ILUMI BOX SOBR BR - CEGA 6254 REF: 10897","Placa Box So Br Cega 6254","Ilumi","indisponível","indisponível","UN (EMB: 20)","10.74","10.7400","ESTIMADO","Regra módulos/placa (Interruptor/Tomada) + série"
"ELETRICA","SISTEMA X ILUMI RETANGULAR","CONJ ILUMI RET SOBR BR - 1INT SIM + 1TOM 10A 16544PCT REF: 10902","Conj Ret So Br 1int Sim + 1tom 16544pct","Ilumi","indisponível","indisponível","UN (EMB: 10)","61.62","61.6200","ESTIMADO","Média categoria ELETRICA + fator variação SKU"
"ELETRICA","SISTEMA X ILUMI RETANGULAR","CONJ ILUMI RET SOBR BR - 1INT SIM 16553PCT REF: 10901","Conj Ret So Br 1int Sim 16553pct","Ilumi","indisponível","indisponível","UN (EMB: 10)","60.61","60.6100","ESTIMADO","Média categoria ELETRICA + fator variação SKU"
"ELETRICA","SISTEMA X ILUMI RETANGULAR","CONJ ILUMI RET SOBR BR - 1TOM 10A 16516PCT REF: 10899","Conj Ret So Br 1tom 16516pct","Ilumi","indisponível","indisponível","PT (EMB: 10)","58.59","58.5900","ESTIMADO","Média categoria ELETRICA + fator variação SKU"
"ELETRICA","SISTEMA X ILUMI RETANGULAR","CONJ ILUMI RET SOBR BR - 1TOM 20A 16517PCT REF: 10900","Conj Ret So Br 1tom 16517pct","Ilumi","indisponível","indisponível","UN (EMB: 10)","59.60","59.6000","ESTIMADO","Média categoria ELETRICA + fator variação SKU"
"ELETRICA","SISTEMA X ILUMI RETANGULAR","CONJ ILUMI RET SOBR BR - 2TOM 10A 16518PCT REF: 10903","Conj Ret So Br 2tom 16518pct","Ilumi","indisponível","indisponível","UN (EMB: 10)","62.63","62.6300","ESTIMADO","Média categoria ELETRICA + fator variação SKU"
"ELETRICA","SOQUETE COM RABICHO","SOQUETE RABICHO ILUMI POP PT 2A 16103PCT REF: 10948","Soquete Rabicho Pop 16103pct","Ilumi","indisponível","indisponível","UN (EMB: 10)","43.08","43.0800","ESTIMADO","Média categoria ELETRICA + fator variação SKU"
"ELETRICA","SOQUETE COM RABICHO","SOQUETE RABICHO ILUMI PT 2A 1620PCT REF: 12423","Soquete Rabicho 1620pct","Ilumi","indisponível","indisponível","UN (EMB: 10)","22.98","22.9800","ESTIMADO","Média categoria ELETRICA + fator variação SKU"
"ELETRICA","TERMINAL COMPRESSÃO","TERMINAL COMPRESSAO JNG 1,5MM 1F 4MM","Terminal Compressao Jng 1f 4mm","indisponível","1,5MM","indisponível","UN (EMB: 100)","64.19","64.1900","ESTIMADO","Média categoria ELETRICA + fator variação SKU"
"ELETRICA","TERMINAL COMPRESSÃO","TERMINAL COMPRESSAO JNG 16MM 1F 8MM","Terminal Compressao Jng 1f 8mm","indisponível","16MM","indisponível","UN (EMB: 100)","68.23","68.2300","ESTIMADO","Média categoria ELETRICA + fator variação SKU"
"ELETRICA","TERMINAL COMPRESSÃO","TERMINAL COMPRESSAO JNG 2,5MM 1F 4MM","Terminal Compressao Jng 1f 4mm","indisponível","2,5MM","indisponível","UN (EMB: 10)","65.20","65.2000","ESTIMADO","Média categoria ELETRICA + fator variação SKU"
"ELETRICA","TERMINAL COMPRESSÃO","TERMINAL COMPRESSAO JNG 25MM 1F 10MM","Terminal Compressao Jng 1f 10mm","indisponível","25MM","indisponível","UN (EMB: 100)","69.24","69.2400","ESTIMADO","Média categoria ELETRICA + fator variação SKU"
"ELETRICA","TERMINAL COMPRESSÃO","TERMINAL COMPRESSAO JNG 4MM 1F 5MM","Terminal Compressao Jng 1f 5mm","indisponível","4MM","indisponível","UN (EMB: 10)","66.21","66.2100","ESTIMADO","Média categoria ELETRICA + fator variação SKU"
"ELETRICA","TOMADA EM BARRA","TOMADA BARRA QUADR ILUMI 2P CZ 10A 1634 REF: 10960","Tomada Quadr 2p 1634","Ilumi","indisponível","indisponível","UN (EMB: 15)","10.00","10.0000","ESTIMADO","Regra módulos/placa (Interruptor/Tomada) + série"
"ELETRICA","TOMADA EM BARRA","TOMADA BARRA QUADR ILUMI 2P+T CZ 10A 16340 REF: 10962","Tomada Quadr 2p+t 16340","Ilumi","indisponível","indisponível","UN (EMB: 15)","10.04","10.0400","ESTIMADO","Regra módulos/placa (Interruptor/Tomada) + série"
"ELETRICA","TOMADA EM BARRA","TOMADA BARRA TRIPLA ILUMI 2P+T BR 10A 26330 REF: 12510","Tomada Tripla 2p+t 26330","Ilumi","indisponível","indisponível","UN (EMB: 15)","9.00","9.0000","ESTIMADO","Regra módulos/placa (Interruptor/Tomada) + série"
"ELETRICA","TOMADA EM BARRA","TOMADA BARRA TRIPLA ILUMI 2P+T BR 20A 26331 REF: 14519","Tomada Tripla 2p+t 26331","Ilumi","indisponível","indisponível","UN (EMB: 1)","9.18","9.1800","ESTIMADO","Regra módulos/placa (Interruptor/Tomada) + série"
"ELETRICA","TOMADA EM BARRA","TOMADA BARRA TRIPLA ILUMI 2P+T CZ 10A 16330 REF: 10961","Tomada Tripla 2p+t 16330","Ilumi","indisponível","indisponível","UN (EMB: 15)","10.02","10.0200","ESTIMADO","Regra módulos/placa (Interruptor/Tomada) + série"
"ELETRICA","TOMADA EXTERNA","TOMADA C/  RABICHO 2A 250V P/ LAMP TUBULAR 15795","Tomada C Rabicho 250v P Lamp Tubular 15795","indisponível","indisponível","indisponível","UN (EMB: 50)","10.70","10.7000","ESTIMADO","Regra módulos/placa (Interruptor/Tomada) + série"
"ELETRICA","TOMADA EXTERNA","TOMADA EXTERNA SOB ILUMI CZ 2P+T 20A 16511PCT REF: 15078","Tomada Externa Sob 2p+t 16511pct","Ilumi","indisponível","indisponível","UN (EMB: 10)","10.36","10.3600","ESTIMADO","Regra módulos/placa (Interruptor/Tomada) + série"
"ELETRICA","TOMADA INDUSTRIAL","TOMADA IND JNG 2P+T 16A 220V 6H AZ","Tomada Ind Jng 2p+t 6h","indisponível","indisponível","indisponível","UN (EMB: 1)","8.82","8.8200","ESTIMADO","Regra módulos/placa (Interruptor/Tomada) + série"
"ELETRICA","TOMADA INDUSTRIAL","TOMADA IND JNG 2P+T 32A 220V 6H AZ","Tomada Ind Jng 2p+t 6h","indisponível","indisponível","indisponível","UN (EMB: 1)","8.84","8.8400","ESTIMADO","Regra módulos/placa (Interruptor/Tomada) + série"
"ELETRICA","TOMADA INDUSTRIAL","TOMADA IND JNG 3P+T 16A 380V 6H VM","Tomada Ind Jng 3p+t 380v 6h","indisponível","indisponível","indisponível","UN (EMB: 1)","8.86","8.8600","ESTIMADO","Regra módulos/placa (Interruptor/Tomada) + série"
"ELETRICA","TOMADA INDUSTRIAL","TOMADA IND JNG 3P+T 32A 380V 6H","Tomada Ind Jng 3p+t 380v 6h","indisponível","indisponível","indisponível","UN (EMB: 1)","8.88","8.8800","ESTIMADO","Regra módulos/placa (Interruptor/Tomada) + série"
"ELETRICA","TRILHO FERRO","TRILHO FERRO FUND 100CMX35MM JNG REF: 13062","Trilho Ferro Fund 100cmx35mm Jng","indisponível","indisponível","indisponível","UN (EMB: 1)","77.43","77.4300","ESTIMADO","Média categoria ELETRICA + fator variação SKU"
"FERRAGENS","ABRAÇADEIRA ROSCA SEM FIM","ABRAC RSF INCA 2 X 2.1/2 9MM (51 X 64) C/50 REF: 13312","Abrac Rsf Inca 2 X 2.9mm (51 X 64) C 50","indisponível","1/2","indisponível","UN (EMB: 1)","8.74","8.7400","ESTIMADO","Regra comprimento/largura mm (100mm/200mm/300mm/400mm) + cento"
"FERRAGENS","ABRAÇADEIRA ROSCA SEM FIM","ABRAC RSFM INCA 3/4 X 1 9MM (19X25) C/100 REF: 13309","Abrac Rsfm Inca X 1 9mm (19x25) C 100","indisponível","3/4","indisponível","UN (EMB: 1)","8.68","8.6800","ESTIMADO","Regra comprimento/largura mm (100mm/200mm/300mm/400mm) + cento"
"FERRAGENS","ABRAÇADEIRA ROSCA SEM FIM","ABRAC RSFM INCA 3/8 X 1/2 9MM (10 X 13) C/100 REF: 13305","Abrac Rsfm Inca X 1 2 9mm (10 X 13) C 100","indisponível","3/8","indisponível","UN (EMB: 1)","8.60","8.6000","ESTIMADO","Regra comprimento/largura mm (100mm/200mm/300mm/400mm) + cento"
"FERRAGENS","ABRAÇADEIRA ROSCA SEM FIM","ABRAC RSFM INCA 9/16 X 7/8 9MM (14 X 22) C/100 REF: 13313","Abrac Rsfm Inca X 7 8 9mm (14 X 22) C 100","indisponível","9/16","indisponível","UN (EMB: 1)","8.76","8.7600","ESTIMADO","Regra comprimento/largura mm (100mm/200mm/300mm/400mm) + cento"
"FERRAGENS","ABRAÇADEIRA ROSCA SEM FIM","ABRAC RSFM SPARTA 11 X 20MM C/ 5 REF: 15425","Abrac Rsfm 11 X C 5","Sparta","20MM","indisponível","UN (EMB: 1)","9.00","9.0000","ESTIMADO","Regra comprimento/largura mm (100mm/200mm/300mm/400mm) + cento"
"FERRAGENS","ABRAÇADEIRA ROSCA SEM FIM","ABRAC RSFM SPARTA 13 X 23MM C/ 5 REF: 15426","Abrac Rsfm 13 X C 5","Sparta","23MM","indisponível","UN (EMB: 1)","9.02","9.0200","ESTIMADO","Regra comprimento/largura mm (100mm/200mm/300mm/400mm) + cento"
"FERRAGENS","ABRAÇADEIRA ROSCA SEM FIM","ABRAC RSFM SPARTA 14 X 27MM C/ 5 REF: 15427","Abrac Rsfm 14 X C 5","Sparta","27MM","indisponível","UN (EMB: 1)","9.04","9.0400","ESTIMADO","Regra comprimento/largura mm (100mm/200mm/300mm/400mm) + cento"
"FERRAGENS","ABRAÇADEIRA ROSCA SEM FIM","ABRAC RSFM SPARTA 18 X 25MM C/ 5 REF: 15428","Abrac Rsfm 18 X C 5","Sparta","25MM","indisponível","UN (EMB: 1)","9.06","9.0600","ESTIMADO","Regra comprimento/largura mm (100mm/200mm/300mm/400mm) + cento"
"FERRAGENS","ABRAÇADEIRA ROSCA SEM FIM","ABRAC RSFM SPARTA 8 X 18MM C/ 5 REF: 15429","Abrac Rsfm 8 X C 5","Sparta","18MM","indisponível","UN (EMB: 1)","9.08","9.0800","ESTIMADO","Regra comprimento/largura mm (100mm/200mm/300mm/400mm) + cento"
"FERRAGENS","ABRAÇADEIRA TIPO D","ABRAC ZIN INCA TIP D C/ CUN 1 32MM C/50 REF: 13315","Abrac Zin Inca Tip D C Cun 1 C 50","indisponível","32MM","indisponível","UN (EMB: 1)","8.80","8.8000","ESTIMADO","Regra comprimento/largura mm (100mm/200mm/300mm/400mm) + cento"
"FERRAGENS","ABRAÇADEIRA TIPO D","ABRAC ZIN INCA TIP D C/ CUN 1.1/2 50MM C/50 REF: 13317","Abrac Zin Inca Tip D C Cun 1.50mm C 50","indisponível","1/2","indisponível","UN (EMB: 1)","8.84","8.8400","ESTIMADO","Regra comprimento/largura mm (100mm/200mm/300mm/400mm) + cento"
"FERRAGENS","ABRAÇADEIRA TIPO D","ABRAC ZIN INCA TIP D C/ CUN 1.1/4 40MM C/50 REF: 13316","Abrac Zin Inca Tip D C Cun 1.40mm C 50","indisponível","1/4","indisponível","UN (EMB: 1)","8.82","8.8200","ESTIMADO","Regra comprimento/largura mm (100mm/200mm/300mm/400mm) + cento"
"FERRAGENS","ABRAÇADEIRA TIPO D","ABRAC ZIN INCA TIP D C/ CUN 3/4 25MM C/100 REF: 13314","Abrac Zin Inca Tip D C Cun 25mm C 100","indisponível","3/4","indisponível","UN (EMB: 1)","8.78","8.7800","ESTIMADO","Regra comprimento/largura mm (100mm/200mm/300mm/400mm) + cento"
"FERRAGENS","ABRAÇADEIRA TIPO U","ABRAC ZIN INCA TIP U 1 32MM C/100 REF: 13320","Abrac Zin Inca Tip U 1 C 100","indisponível","32MM","indisponível","UN (EMB: 1)","8.90","8.9000","ESTIMADO","Regra comprimento/largura mm (100mm/200mm/300mm/400mm) + cento"
"FERRAGENS","ABRAÇADEIRA TIPO U","ABRAC ZIN INCA TIP U 1.1/2 50MM C/50 REF: 13322","Abrac Zin Inca Tip U 1.50mm C 50","indisponível","1/2","indisponível","UN (EMB: 1)","8.94","8.9400","ESTIMADO","Regra comprimento/largura mm (100mm/200mm/300mm/400mm) + cento"
"FERRAGENS","ABRAÇADEIRA TIPO U","ABRAC ZIN INCA TIP U 1.1/4 40MM C/50 REF: 13321","Abrac Zin Inca Tip U 1.40mm C 50","indisponível","1/4","indisponível","UN (EMB: 1)","8.92","8.9200","ESTIMADO","Regra comprimento/largura mm (100mm/200mm/300mm/400mm) + cento"
"FERRAGENS","ABRAÇADEIRA TIPO U","ABRAC ZIN INCA TIP U 2.1/2 75MM C/50 REF: 13324","Abrac Zin Inca Tip U 2.75mm C 50","indisponível","1/2","indisponível","UN (EMB: 1)","8.98","8.9800","ESTIMADO","Regra comprimento/largura mm (100mm/200mm/300mm/400mm) + cento"
"FERRAGENS","ABRAÇADEIRA TIPO U","ABRAC ZIN INCA TIP U 3 85MM C/50 REF: 13325","Abrac Zin Inca Tip U 3 C 50","indisponível","85MM","indisponível","UN (EMB: 1)","9.00","9.0000","ESTIMADO","Regra comprimento/largura mm (100mm/200mm/300mm/400mm) + cento"
"FERRAGENS","ABRAÇADEIRA TIPO U","ABRAC ZIN INCA TIP U 3.1/2 C/50 REF: 13326","Abrac Zin Inca Tip U 3.c 50","indisponível","1/2","indisponível","UN (EMB: 1)","9.02","9.0200","ESTIMADO","Regra comprimento/largura mm (100mm/200mm/300mm/400mm) + cento"
"FERRAGENS","ARAME GALVANIZADO","ARAME GALV. 1,24MM BWG Nº18 KG REF: 12840","Arame Galv. Bwg Nº18 Kg","indisponível","1,24MM","indisponível","UN (EMB: 10)","50.19","50.1900","ESTIMADO","Média categoria FERRAGENS + fator variação SKU"
"FERRAGENS","ARAME GALVANIZADO","ARAME GALV. 1,65MM BWG Nº16 KG REF: 12841","Arame Galv. Bwg Nº16 Kg","indisponível","1,65MM","indisponível","UN (EMB: 10)","51.20","51.2000","ESTIMADO","Média categoria FERRAGENS + fator variação SKU"
"FERRAGENS","ARAME GALVANIZADO","ARAME GALV. 2,10MM BWG Nº14 KG REF: 12842","Arame Galv. Bwg Nº14 Kg","indisponível","2,10MM","indisponível","UN (EMB: 10)","52.21","52.2100","ESTIMADO","Média categoria FERRAGENS + fator variação SKU"
"FERRAGENS","ARAME GALVANIZADO","ARAME GALV. 2,76MM BWG Nº12 KG REF: 12843","Arame Galv. Bwg Nº12 Kg","indisponível","2,76MM","indisponível","UN (EMB: 10)","53.22","53.2200","ESTIMADO","Média categoria FERRAGENS + fator variação SKU"
"FERRAGENS","ARAME RECOZIDO","ARAME RECOZ LISO BWG 12 KG REF: AR004","Arame Recoz Liso Bwg 12 Kg","indisponível","indisponível","indisponível","UN (EMB: 10)","38.02","38.0200","ESTIMADO","Média categoria FERRAGENS + fator variação SKU"
"FERRAGENS","ARAME RECOZIDO","ARAME RECOZ TORC BWG 18 KG REF: AR003","Arame Recoz Torc Bwg 18 Kg","indisponível","indisponível","indisponível","UN (EMB: 10)","37.01","37.0100","ESTIMADO","Média categoria FERRAGENS + fator variação SKU"
"FERRAGENS","BALDE","BALDE ASTRA PT MULTIUSO 12L REF: 11112","Astra Multiuso 12l","indisponível","indisponível","indisponível","UN (EMB: 6)","76.74","76.7400","ESTIMADO","Média categoria FERRAGENS + fator variação SKU"
"FERRAGENS","BALDE DOMÉSTICO","BALDE ROMA RX DOMESTICO 14L REF: 15261","Roma Rx Domestico 14l","indisponível","indisponível","indisponível","UN (EMB: 1)","65.65","65.6500","ESTIMADO","Média categoria FERRAGENS + fator variação SKU"
"FERRAGENS","BALDE MULTIUSO","BALDE ROMA CZ MULTIUSO 10L REF: 15254","Roma Multiuso 10l","indisponível","indisponível","indisponível","UN (EMB: 1)","58.58","58.5800","ESTIMADO","Média categoria FERRAGENS + fator variação SKU"
"FERRAGENS","BOTINA ELASTICO CARTOM","BOTINA ELASTICO CARTOM 38 BICO PVC PR REF: 13191","Botina Elastico Cartom 38 Bico Pr","indisponível","indisponível","indisponível","UN (EMB: 20)","75.74","75.7400","ESTIMADO","Média categoria FERRAGENS + fator variação SKU"
"FERRAGENS","BOTINA ELASTICO CARTOM","BOTINA ELASTICO CARTOM 39 BICO PVC PR REF: 13192","Botina Elastico Cartom 39 Bico Pr","indisponível","indisponível","indisponível","UN (EMB: 20)","76.75","76.7500","ESTIMADO","Média categoria FERRAGENS + fator variação SKU"
"FERRAGENS","BOTINA ELASTICO CARTOM","BOTINA ELASTICO CARTOM 40 BICO PVC PR REF: 13193","Botina Elastico Cartom 40 Bico Pr","indisponível","indisponível","indisponível","UN (EMB: 1)","77.76","77.7600","ESTIMADO","Média categoria FERRAGENS + fator variação SKU"
"FERRAGENS","BOTINA ELASTICO CARTOM","BOTINA ELASTICO CARTOM 41 BICO PVC PR REF: 13194","Botina Elastico Cartom 41 Bico Pr","indisponível","indisponível","indisponível","UN (EMB: 20)","78.77","78.7700","ESTIMADO","Média categoria FERRAGENS + fator variação SKU"
"FERRAGENS","BOTINA ELASTICO CARTOM","BOTINA ELASTICO CARTOM 42 BICO PVC PR REF: 13195","Botina Elastico Cartom 42 Bico Pr","indisponível","indisponível","indisponível","UN (EMB: 20)","14.78","14.7800","ESTIMADO","Média categoria FERRAGENS + fator variação SKU"
"FERRAGENS","BOTINA ELASTICO CARTOM","BOTINA ELASTICO CARTOM 43 BICO PVC PR REF: 13196","Botina Elastico Cartom 43 Bico Pr","indisponível","indisponível","indisponível","UN (EMB: 20)","15.79","15.7900","ESTIMADO","Média categoria FERRAGENS + fator variação SKU"
"FERRAGENS","BOTINA ELASTICO CARTOM","BOTINA ELASTICO CARTOM 44 BICO PVC PR REF: 13197","Botina Elastico Cartom 44 Bico Pr","indisponível","indisponível","indisponível","UN (EMB: 1)","16.80","16.8000","ESTIMADO","Média categoria FERRAGENS + fator variação SKU"
"FERRAGENS","BRILHO INOX","BRILHO INOX SPRAY LEV&UZE 300ML REF: 14559","Brilho Spray Lev&uze 300ml","indisponível","indisponível","indisponível","UN (EMB: 6)","78.56","78.5600","ESTIMADO","Média categoria FERRAGENS + fator variação SKU"
"FERRAGENS","BUCHA FIXAÇÃO","BUCHA FIX 06 IVPLAST C/1000 REF: 13526","Bucha Fix 06 Ivplast C 1000","indisponível","indisponível","indisponível","UN (EMB: 24)","21.12","21.1200","ESTIMADO","Média categoria FERRAGENS + fator variação SKU"
"FERRAGENS","BUCHA FIXAÇÃO","BUCHA FIX 12 IVPLAST C/250 REF: 13529","Bucha Fix 12 Ivplast C 250","indisponível","indisponível","indisponível","UN (EMB: 12)","24.15","24.1500","ESTIMADO","Média categoria FERRAGENS + fator variação SKU"
"FERRAGENS","BUCHA FIXAÇÃO COM ANEL","BUCHA FIX 12 ANEL IVPLAST C/250 REF: 13534","Bucha Fix 12 Anel Ivplast C 250","indisponível","indisponível","indisponível","UN (EMB: 8)","29.20","29.2000","ESTIMADO","Média categoria FERRAGENS + fator variação SKU"
"FERRAGENS","BUCHA FIXAÇÃO COM ANEL","BUCHA PLAST 08 ANEL SFOR C/100 REF: 15386","Bucha Plast 08 Anel Sfor C 100","indisponível","indisponível","indisponível","UN (EMB: 1)","60.91","60.9100","ESTIMADO","Média categoria FERRAGENS + fator variação SKU"
"FERRAGENS","BUCHA FLY","BUCHA DRYFIX C/500 SFOR REF: 13523","Bucha Dryfix C 500 Sfor","indisponível","indisponível","indisponível","UN (EMB: 1)","18.09","18.0900","ESTIMADO","Média categoria FERRAGENS + fator variação SKU"
"FERRAGENS","BUCHA FLY","BUCHA FLY 3 C/250 SFOR REF: 13522","Bucha Fly 3 C 250 Sfor","indisponível","indisponível","indisponível","UN (EMB: 1)","17.08","17.0800","ESTIMADO","Média categoria FERRAGENS + fator variação SKU"
"FERRAGENS","BUCHA FLY","BUCHA FLY 4 C/250 SFOR REF: 13520","Bucha Fly 4 C 250 Sfor","indisponível","indisponível","indisponível","UN (EMB: 1)","15.06","15.0600","ESTIMADO","Média categoria FERRAGENS + fator variação SKU"
"FERRAGENS","CADEADO","CADEADO PADO 20MM REF: 10740","Cadeado","Pado","20MM","indisponível","UN (EMB: 10)","29.98","29.9800","ESTIMADO","Média categoria FERRAGENS + fator variação SKU"
"FERRAGENS","CADEADO","CADEADO PADO 25MM REF: 10741","Cadeado","Pado","25MM","indisponível","UN (EMB: 10)","30.99","30.9900","ESTIMADO","Média categoria FERRAGENS + fator variação SKU"
"FERRAGENS","CADEADO","CADEADO PADO 30MM REF: 10742","Cadeado","Pado","30MM","indisponível","UN (EMB: 10)","32.00","32.0000","ESTIMADO","Média categoria FERRAGENS + fator variação SKU"
"FERRAGENS","CADEADO","CADEADO PADO 35MM REF: 10743","Cadeado","Pado","35MM","indisponível","UN (EMB: 5)","33.01","33.0100","ESTIMADO","Média categoria FERRAGENS + fator variação SKU"
"FERRAGENS","CADEADO","CADEADO PADO 40MM REF: 10744","Cadeado","Pado","40MM","indisponível","UN (EMB: 5)","34.02","34.0200","ESTIMADO","Média categoria FERRAGENS + fator variação SKU"
"FERRAGENS","CADEADO","CADEADO PADO 45MM REF: 10745","Cadeado","Pado","45MM","indisponível","UN (EMB: 5)","35.03","35.0300","ESTIMADO","Média categoria FERRAGENS + fator variação SKU"
"FERRAGENS","CADEADO","CADEADO PADO 50MM REF: 10746","Cadeado","Pado","50MM","indisponível","UN (EMB: 5)","36.04","36.0400","ESTIMADO","Média categoria FERRAGENS + fator variação SKU"
"FERRAGENS","CADEADO","CADEADO PADO 60MM REF: 10747","Cadeado","Pado","60MM","indisponível","UN (EMB: 5)","37.05","37.0500","ESTIMADO","Média categoria FERRAGENS + fator variação SKU"
"FERRAGENS","CADEADO HASTE LONGA","CADEADO HASTE LONGA PADO 30/50MM REF: 13079","Cadeado Haste Longa 30","Pado","50MM","indisponível","UN (EMB: 5)","28.61","28.6100","ESTIMADO","Média categoria FERRAGENS + fator variação SKU"
"FERRAGENS","CADEADO HASTE LONGA","CADEADO HASTE LONGA PADO 35/75MM REF: 13080","Cadeado Haste Longa 35","Pado","75MM","indisponível","UN (EMB: 5)","29.62","29.6200","ESTIMADO","Média categoria FERRAGENS + fator variação SKU"
"FERRAGENS","CAIXA PARA MASSA","CAIXA P/ MASSA 40L NOVA","P Massa 40l Nova","indisponível","indisponível","indisponível","UN (EMB: 1)","75.69","75.6900","ESTIMADO","Média categoria FERRAGENS + fator variação SKU"
"FERRAGENS","CAPACETE PLASTCOR","CAPACETE S/ CARNEIRA PLASTCOR VD REF: 14842","Capacete S Carneira Plastcor","indisponível","indisponível","indisponível","UN (EMB: 1)","37.41","37.4100","ESTIMADO","Média categoria FERRAGENS + fator variação SKU"
"FERRAGENS","CAPACETE PLASTCOR","CAPACETE S/ CARNEIRA PLASTCOR VM REF: 14843","Capacete S Carneira Plastcor","indisponível","indisponível","indisponível","UN (EMB: 1)","38.42","38.4200","ESTIMADO","Média categoria FERRAGENS + fator variação SKU"
"FERRAGENS","COLA BRANCA","COLA EXTRA TEKBOND BR 1KG REF: 12182","Cola Extra 1kg","Tekbond","indisponível","indisponível","UN (EMB: 12)","41.55","41.5500","ESTIMADO","Média categoria FERRAGENS + fator variação SKU"
"FERRAGENS","COLA BRANCA","COLA EXTRA TEKBOND BR 500GR REF: 12181","Cola Extra 500gr","Tekbond","indisponível","indisponível","UN (EMB: 12)","40.54","40.5400","ESTIMADO","Média categoria FERRAGENS + fator variação SKU"
"FERRAGENS","COLA CONTATO","COLA DE CONTATO TEKBOND 200G REF: 12230","Cola De Contato 200g","Tekbond","indisponível","indisponível","UN (EMB: 24)","25.03","25.0300","ESTIMADO","Média categoria FERRAGENS + fator variação SKU"
"FERRAGENS","COLA CONTATO","COLA DE CONTATO TEKBOND 30G C/ BLISTER REF: 12229","Cola De Contato 30g C Blister","Tekbond","indisponível","indisponível","UN (EMB: 12)","24.02","24.0200","ESTIMADO","Média categoria FERRAGENS + fator variação SKU"
"FERRAGENS","COLA EPOXI LÍQUIDA","COLA EPOXI ARALDITE HOBBY 10MIN 16GR REF: 10650","Cola Epoxi Araldite Hobby 10min 16gr","indisponível","indisponível","indisponível","UN (EMB: 6)","70.07","70.0700","ESTIMADO","Média categoria FERRAGENS + fator variação SKU"
"FERRAGENS","COLA EPOXI LÍQUIDA","COLA EPOXI ARALDITE PROFI 90MIN 23GR REF: 10651","Cola Epoxi Araldite Profi 90min 23gr","indisponível","indisponível","indisponível","UN (EMB: 6)","71.08","71.0800","ESTIMADO","Média categoria FERRAGENS + fator variação SKU"
"FERRAGENS","COLA FIXA TUDO","COLA FIXA TUDO TEKBOND 20GR REF: 11914","Cola Fixa Tudo 20gr","Tekbond","indisponível","indisponível","UN (EMB: 12)","33.84","33.8400","ESTIMADO","Média categoria FERRAGENS + fator variação SKU"
"FERRAGENS","COLA INSTANTÂNEA","COLA INST 793 TEKBOND 100GR REF: 13267","Cola Inst 793 100gr","Tekbond","indisponível","indisponível","UN (EMB: 10)","21.51","21.5100","ESTIMADO","Média categoria FERRAGENS + fator variação SKU"
"FERRAGENS","COLA INSTANTÂNEA","COLA INST 793 TEKBOND 20GR NA CAIXA REF: 10653","Cola Inst 793 20gr Na","Tekbond","indisponível","indisponível","UN (EMB: 10)","73.10","73.1000","ESTIMADO","Média categoria FERRAGENS + fator variação SKU"
"FERRAGENS","COLA INSTANTÂNEA","COLA INST 793 TEKBOND 20GR UNIT REF: 14756","Cola Inst 793 20gr Unit","Tekbond","indisponível","indisponível","UN (EMB: 1)","15.55","15.5500","ESTIMADO","Média categoria FERRAGENS + fator variação SKU"
"FERRAGENS","COLA INSTANTÂNEA","COLA INST SUPER COLA TEKBOND 2GR REF: 10652","Cola Inst Super Cola 2gr","Tekbond","indisponível","indisponível","UN (EMB: 12)","72.09","72.0900","ESTIMADO","Média categoria FERRAGENS + fator variação SKU"
"FERRAGENS","COLA MADEIRA","COLA MADEIRA TEKBOND 250GR REF: 12178","Cola Madeira 250gr","Tekbond","indisponível","indisponível","UN (EMB: 12)","37.51","37.5100","ESTIMADO","Média categoria FERRAGENS + fator variação SKU"
"FERRAGENS","COLA VEDACALHA","VEDACALHA TEKBOND ALUMINIO 387GR REF: 10700","Vedacalha 387gr","Tekbond","indisponível","indisponível","UN (EMB: 12)","54.58","54.5800","ESTIMADO","Média categoria FERRAGENS + fator variação SKU"
"FERRAGENS","CONJUNTO IRRIGAÇÃO","CONJUNTO TRAMONTINA IRRIGACAO C/4 PCS REF: 13254","Conjunto Irrigacao C 4 Pcs","Tramontina","indisponível","indisponível","UN (EMB: 12)","74.37","74.3700","ESTIMADO","Média categoria FERRAGENS + fator variação SKU"
"FERRAGENS","CORDA POLIESTER CARRETEL","CORDA POL FIRMEZA CARRET COR 12MM/105M REF: 12847","Corda Pol Firmeza Carret Cor","indisponível","12MM","105M","UN (EMB: 2)","57.26","57.2600","ESTIMADO","Média categoria FERRAGENS + fator variação SKU"
"FERRAGENS","CORDA POLIESTER CARRETEL","CORDA POL FIRMEZA CARRET COR 14MM/70M REF: 12848","Corda Pol Firmeza Carret Cor","indisponível","14MM","70M","UN (EMB: 2)","58.27","58.2700","ESTIMADO","Média categoria FERRAGENS + fator variação SKU"
"FERRAGENS","CUNHA P/ NIVELADOR","CUNHA NIV CORTAG C/50 REF: 13222","Cunha Niv Cortag C 50","indisponível","indisponível","indisponível","UN (EMB: 24)","42.05","42.0500","ESTIMADO","Média categoria FERRAGENS + fator variação SKU"
"FERRAGENS","CUNHA P/ NIVELADOR","CUNHA NIV ECO CORTAG C/50 REF: 13223","Cunha Niv Eco Cortag C 50","indisponível","indisponível","indisponível","UN (EMB: 24)","43.06","43.0600","ESTIMADO","Média categoria FERRAGENS + fator variação SKU"
"FERRAGENS","CUNHA P/ NIVELADOR","CUNHA NIV MASTER AQUAPLAS C/50","Cunha Niv Master Aquaplas C 50","indisponível","indisponível","indisponível","UN (EMB: 1)","71.26","71.2600","ESTIMADO","Média categoria FERRAGENS + fator variação SKU"
"FERRAGENS","CUNHA P/ NIVELADOR","CUNHA NIV SLIM AQUAPLAS C/100","Cunha Niv Slim Aquaplas C 100","indisponível","indisponível","indisponível","PT (EMB: 1)","72.27","72.2700","ESTIMADO","Média categoria FERRAGENS + fator variação SKU"
"FERRAGENS","CUNHA P/ NIVELADOR","CUNHA NIV SLIM CORTAG C/100 REF: 13224","Cunha Niv Slim Cortag C 100","indisponível","indisponível","indisponível","UN (EMB: 12)","44.07","44.0700","ESTIMADO","Média categoria FERRAGENS + fator variação SKU"
"FERRAGENS","DESENGRIPANTE ANTICORROSIVO","OLEO DESENGRIPANTE ANTICORROSIVO ETANIZ 300ML REF: 14548","Oleo Desengripante Anticorrosivo Etaniz 300ml","indisponível","indisponível","indisponível","UN (EMB: 6)","68.44","68.4400","ESTIMADO","Média categoria FERRAGENS + fator variação SKU"
"FERRAGENS","ESCADA ALUMINIO","ESCADA DE ALUMINIO MOR 03 DEGRAUS REF: 12692","Escada De Mor 03 Degraus","indisponível","indisponível","indisponível","UN (EMB: 1)","31.70","31.7000","ESTIMADO","Média categoria FERRAGENS + fator variação SKU"
"FERRAGENS","ESCADA ALUMINIO","ESCADA DE ALUMINIO MOR 04 DEGRAUS REF: 12693","Escada De Mor 04 Degraus","indisponível","indisponível","indisponível","UN (EMB: 1)","32.71","32.7100","ESTIMADO","Média categoria FERRAGENS + fator variação SKU"
"FERRAGENS","ESCADA ALUMINIO","ESCADA DE ALUMINIO MOR 05 DEGRAUS REF: 12694","Escada De Mor 05 Degraus","indisponível","indisponível","indisponível","UN (EMB: 1)","33.72","33.7200","ESTIMADO","Média categoria FERRAGENS + fator variação SKU"
"FERRAGENS","ESCADA ALUMINIO","ESCADA DE ALUMINIO MOR 06 DEGRAUS REF: 12695","Escada De Mor 06 Degraus","indisponível","indisponível","indisponível","UN (EMB: 1)","34.73","34.7300","ESTIMADO","Média categoria FERRAGENS + fator variação SKU"
"FERRAGENS","ESCADA ALUMINIO","ESCADA DE ALUMINIO MOR 07 DEGRAUS REF: 12696","Escada De Mor 07 Degraus","indisponível","indisponível","indisponível","UN (EMB: 1)","35.74","35.7400","ESTIMADO","Média categoria FERRAGENS + fator variação SKU"
"FERRAGENS","ESCOVA PARA LIMPEZA","ESCOVA DE LIMPEZA MULTIUSO ROMA REF: 15072","Escova De Limpeza Multiuso Roma","indisponível","indisponível","indisponível","UN (EMB: 12)","71.74","71.7400","ESTIMADO","Média categoria FERRAGENS + fator variação SKU"
"FERRAGENS","ESCOVÃO","ESCOVAO ROMA LIMPEZA PESADA C/CABO REF: 15258","Escovao Roma Limpeza Pesada C Cabo","indisponível","indisponível","indisponível","UN (EMB: 1)","188.20","188.2000","ESTIMADO","Regra bitola mm (1.5mm/2.5mm/4mm/6mm/10mm) + rolo 100m"
"FERRAGENS","ESPAÇADOR NIVELADOR","ESPACADOR NIV 1,0MM CORTAG C/50 REF: 13225","Espacador Niv Cortag C 50","indisponível","1,0MM","indisponível","UN (EMB: 12)","45.08","45.0800","ESTIMADO","Média categoria FERRAGENS + fator variação SKU"
"FERRAGENS","ESPAÇADOR NIVELADOR","ESPACADOR NIV 1,0MM CORTAG C/500 REF: 13226","Espacador Niv Cortag C 500","indisponível","1,0MM","indisponível","UN (EMB: 1)","46.09","46.0900","ESTIMADO","Média categoria FERRAGENS + fator variação SKU"
"FERRAGENS","ESPAÇADOR NIVELADOR","ESPACADOR NIV 1,5MM CORTAG C/50 REF: 13228","Espacador Niv Cortag C 50","indisponível","1,5MM","indisponível","UN (EMB: 12)","48.11","48.1100","ESTIMADO","Média categoria FERRAGENS + fator variação SKU"
"FERRAGENS","ESPAÇADOR NIVELADOR","ESPACADOR NIV 1,5MM CORTAG C/500 REF: 13229","Espacador Niv Cortag C 500","indisponível","1,5MM","indisponível","UN (EMB: 1)","49.12","49.1200","ESTIMADO","Média categoria FERRAGENS + fator variação SKU"
"FERRAGENS","ESPAÇADOR NIVELADOR","ESPACADOR NIV 2,0MM CORTAG C/50 REF: 13231","Espacador Niv Cortag C 50","indisponível","2,0MM","indisponível","UN (EMB: 12)","51.14","51.1400","ESTIMADO","Média categoria FERRAGENS + fator variação SKU"
"FERRAGENS","ESPAÇADOR NIVELADOR","ESPACADOR NIV 2,0MM CORTAG C/500 REF: 13232","Espacador Niv Cortag C 500","indisponível","2,0MM","indisponível","UN (EMB: 1)","52.15","52.1500","ESTIMADO","Média categoria FERRAGENS + fator variação SKU"
"FERRAGENS","ESPAÇADOR NIVELADOR","ESPACADOR NIV ECO AZ 1,0MM CORTAG C/50 REF: 13227","Espacador Niv Eco Cortag C 50","indisponível","1,0MM","indisponível","UN (EMB: 12)","47.10","47.1000","ESTIMADO","Média categoria FERRAGENS + fator variação SKU"
"FERRAGENS","ESPAÇADOR NIVELADOR","ESPACADOR NIV ECO VD 2,0MM CORTAG C/50 REF: 13233","Espacador Niv Eco Cortag C 50","indisponível","2,0MM","indisponível","UN (EMB: 12)","53.16","53.1600","ESTIMADO","Média categoria FERRAGENS + fator variação SKU"
"FERRAGENS","ESPAÇADOR NIVELADOR","ESPACADOR NIV ECO VM 1,5MM CORTAG C/50 REF: 13230","Espacador Niv Eco Cortag C 50","indisponível","1,5MM","indisponível","UN (EMB: 12)","50.13","50.1300","ESTIMADO","Média categoria FERRAGENS + fator variação SKU"
"FERRAGENS","ESPAÇADOR NIVELADOR","ESPACADOR NIV MASTER TRANSP 1,0MM AQUAPLAS C/50","Espacador Niv Master Transp Aquaplas C 50","indisponível","1,0MM","indisponível","PT (EMB: 1)","73.28","73.2800","ESTIMADO","Média categoria FERRAGENS + fator variação SKU"
"FERRAGENS","ESPAÇADOR NIVELADOR","ESPACADOR NIV MASTER TRANSP 1,0MM AQUAPLAS C/500","Espacador Niv Master Transp Aquaplas C 500","indisponível","1,0MM","indisponível","PT (EMB: 1)","74.29","74.2900","ESTIMADO","Média categoria FERRAGENS + fator variação SKU"
"FERRAGENS","ESPAÇADOR NIVELADOR","ESPACADOR NIV MASTER TRANSP 1,5MM AQUAPLAS C/50","Espacador Niv Master Transp Aquaplas C 50","indisponível","1,5MM","indisponível","PT (EMB: 1)","75.30","75.3000","ESTIMADO","Média categoria FERRAGENS + fator variação SKU"
"FERRAGENS","ESPAÇADOR NIVELADOR","ESPACADOR NIV MASTER TRANSP 1,5MM AQUAPLAS C/500","Espacador Niv Master Transp Aquaplas C 500","indisponível","1,5MM","indisponível","PT (EMB: 1)","76.31","76.3100","ESTIMADO","Média categoria FERRAGENS + fator variação SKU"
"FERRAGENS","ESPAÇADOR NIVELADOR","ESPACADOR NIV MASTER TRANSP 2,0MM AQUAPLAS C/50","Espacador Niv Master Transp Aquaplas C 50","indisponível","2,0MM","indisponível","PT (EMB: 1)","77.32","77.3200","ESTIMADO","Média categoria FERRAGENS + fator variação SKU"
"FERRAGENS","ESPAÇADOR NIVELADOR","ESPACADOR NIV MASTER TRANSP 2,0MM AQUAPLAS C/500","Espacador Niv Master Transp Aquaplas C 500","indisponível","2,0MM","indisponível","PT (EMB: 1)","78.33","78.3300","ESTIMADO","Média categoria FERRAGENS + fator variação SKU"
"FERRAGENS","ESPAÇADOR NIVELADOR","ESPACADOR NIV SLIM 1,0MM CORTAG C/100 REF: 13234","Espacador Niv Slim Cortag C 100","indisponível","1,0MM","indisponível","UN (EMB: 12)","54.17","54.1700","ESTIMADO","Média categoria FERRAGENS + fator variação SKU"
"FERRAGENS","ESPAÇADOR NIVELADOR","ESPACADOR NIV SLIM TRANSP 1,0MM AQUAPLAS C/100","Espacador Niv Slim Transp Aquaplas C 100","indisponível","1,0MM","indisponível","PT (EMB: 1)","79.34","79.3400","ESTIMADO","Média categoria FERRAGENS + fator variação SKU"
"FERRAGENS","ESPAÇADOR NIVELADOR","ESPACADOR NIV SLIM TRANSP 1,5MM AQUAPLAS C/100","Espacador Niv Slim Transp Aquaplas C 100","indisponível","1,5MM","indisponível","PT (EMB: 1)","15.35","15.3500","ESTIMADO","Média categoria FERRAGENS + fator variação SKU"
"FERRAGENS","ESPAÇADOR NIVELADOR","ESPACADOR NIV SLIM TRANSP 2,0MM AQUAPLAS C/100","Espacador Niv Slim Transp Aquaplas C 100","indisponível","2,0MM","indisponível","PT (EMB: 1)","16.36","16.3600","ESTIMADO","Média categoria FERRAGENS + fator variação SKU"
"FERRAGENS","ESPAÇADOR NIVELADOR","ESPACADOR NIV SLIM TRANSP 2,0MM CORTAG C/100 REF: 13236","Espacador Niv Slim Transp Cortag C 100","indisponível","2,0MM","indisponível","UN (EMB: 12)","56.19","56.1900","ESTIMADO","Média categoria FERRAGENS + fator variação SKU"
"FERRAGENS","ESPAÇADOR NIVELADOR","ESPACADOR NIV SLIM VM 1,5MM CORTAG C/100 REF: 13235","Espacador Niv Slim Cortag C 100","indisponível","1,5MM","indisponível","UN (EMB: 12)","55.18","55.1800","ESTIMADO","Média categoria FERRAGENS + fator variação SKU"
"FERRAGENS","ESPAÇADOR NIVELADOR","ESPACADOR NIV SMART 1,0MM CORTAG C/50 REF: 13225","Espacador Niv Smart Cortag C 50","indisponível","1,0MM","indisponível","UN (EMB: 12)","74.65","74.6500","ESTIMADO","Média categoria FERRAGENS + fator variação SKU"
"FERRAGENS","ESPAÇADOR NIVELADOR","ESPACADOR NIV SMART 1,5MM CORTAG C/50 REF: 13225","Espacador Niv Smart Cortag C 50","indisponível","1,5MM","indisponível","UN (EMB: 12)","75.66","75.6600","ESTIMADO","Média categoria FERRAGENS + fator variação SKU"
"FERRAGENS","ESPAÇADOR NIVELADOR","ESPACADOR NIV SMART 2,0 MM CORTAG C/50 REF: 13225","Espacador Niv Smart Cortag C 50","indisponível","2,0 MM","indisponível","UN (EMB: 12)","76.67","76.6700","ESTIMADO","Média categoria FERRAGENS + fator variação SKU"
"FERRAGENS","ESPAÇADOR REVESTIMENTO","ESPACADOR CRUZETA 1,5MM CORTAG C/100 REF: 13237","Espacador Cruzeta Cortag C 100","indisponível","1,5MM","indisponível","UN (EMB: 50)","57.20","57.2000","ESTIMADO","Média categoria FERRAGENS + fator variação SKU"
"FERRAGENS","ESPAÇADOR REVESTIMENTO","ESPACADOR CRUZETA 2,0MM CORTAG C/100 REF: 13238","Espacador Cruzeta Cortag C 100","indisponível","2,0MM","indisponível","UN (EMB: 50)","58.21","58.2100","ESTIMADO","Média categoria FERRAGENS + fator variação SKU"
"FERRAGENS","ESPAÇADOR REVESTIMENTO","ESPACADOR CRUZETA 3,0MM CORTAG C/100 REF: 13239","Espacador Cruzeta Cortag C 100","indisponível","3,0MM","indisponível","UN (EMB: 50)","59.22","59.2200","ESTIMADO","Média categoria FERRAGENS + fator variação SKU"
"FERRAGENS","ESPAÇADOR REVESTIMENTO","ESPACADOR CRUZETA 4,0MM CORTAG C/100 REF: 13240","Espacador Cruzeta Cortag C 100","indisponível","4,0MM","indisponível","UN (EMB: 50)","60.23","60.2300","ESTIMADO","Média categoria FERRAGENS + fator variação SKU"
"FERRAGENS","ESPAÇADOR REVESTIMENTO","ESPACADOR CRUZETA 5,0MM CORTAG C/100 REF: 13241","Espacador Cruzeta Cortag C 100","indisponível","5,0MM","indisponível","UN (EMB: 50)","61.24","61.2400","ESTIMADO","Média categoria FERRAGENS + fator variação SKU"
"FERRAGENS","ESPUMA EXPANSIVA","ESPUMA EXP PU BARONE 500ML 340G REF: 13524","Espuma Exp Pu 500ml 340g","Barone","indisponível","indisponível","UN (EMB: 12)","19.10","19.1000","ESTIMADO","Média categoria FERRAGENS + fator variação SKU"
"FERRAGENS","ESPUMA EXPANSIVA","ESPUMA EXP PU ETANIZ 500ML 310G REF: 13524","Espuma Exp Pu Etaniz 500ml 310g","indisponível","indisponível","indisponível","UN (EMB: 12)","41.66","41.6600","ESTIMADO","Média categoria FERRAGENS + fator variação SKU"
"FERRAGENS","ESPUMA EXPANSIVA","ESPUMA EXP PU TEKBOND 500ML 320G REF: 10654","Espuma Exp Pu 500ml 320g","Tekbond","indisponível","indisponível","UN (EMB: 12)","74.11","74.1100","ESTIMADO","Média categoria FERRAGENS + fator variação SKU"
"FERRAGENS","ESTRIBO ARMAÇÃO DE COLUNA","ESTRIBO 4,2MM 7X14 C/200 REF: EST0002","Estribo 7x14 C 200","indisponível","4,2MM","indisponível","CX (EMB: 1)","44.08","44.0800","ESTIMADO","Média categoria FERRAGENS + fator variação SKU"
"FERRAGENS","ESTRIBO ARMAÇÃO DE COLUNA","ESTRIBO 4,2MM 7X17 C/200 REF: EST0003","Estribo 7x17 C 200","indisponível","4,2MM","indisponível","CX (EMB: 1)","45.09","45.0900","ESTIMADO","Média categoria FERRAGENS + fator variação SKU"
"FERRAGENS","FITA DUPLA FACE","FITA DUPLA FACE 3M EXTREME 24MM X 2M REF: 11091","Fita Dupla Face Extreme X 2m","indisponível","24MM","3M","UN (EMB: 12)","55.53","55.5300","ESTIMADO","Média categoria FERRAGENS + fator variação SKU"
"FERRAGENS","FITA DUPLA FACE","FITA DUPLA FACE 3M TRANSP 12X2 REF: 10646","Fita Dupla Face Transp","indisponível","12X2","3M","UN (EMB: 12)","66.03","66.0300","ESTIMADO","Média categoria FERRAGENS + fator variação SKU"
"FERRAGENS","FITA DUPLA FACE","FITA DUPLA FACE 3M TRANSP 19X2 REF: 10647","Fita Dupla Face Transp","indisponível","19X2","3M","UN (EMB: 12)","67.04","67.0400","ESTIMADO","Média categoria FERRAGENS + fator variação SKU"
"FERRAGENS","FITA DUPLA FACE","FITA DUPLA FACE ADERE TRANSP 12X02 REF: 13086","Fita Dupla Face Adere Transp","indisponível","12X02","indisponível","UN (EMB: 6)","35.68","35.6800","ESTIMADO","Média categoria FERRAGENS + fator variação SKU"
"FERRAGENS","FITA DUPLA FACE","FITA DUPLA FACE ADERE TRANSP 19X02 REF: 13087","Fita Dupla Face Adere Transp","indisponível","19X02","indisponível","UN (EMB: 6)","36.69","36.6900","ESTIMADO","Média categoria FERRAGENS + fator variação SKU"
"FERRAGENS","FITA DUPLA FACE","FITA DUPLA FACE TEKBOND ACRILICA EXTERNA 19X2 REF: 12198","Fita Dupla Face Acrilica Externa","Tekbond","19X2","indisponível","UN (EMB: 12)","57.71","57.7100","ESTIMADO","Média categoria FERRAGENS + fator variação SKU"
"FERRAGENS","FITA DUPLA FACE","FITA DUPLA FACE TEKBOND ACRILICA INTERNA 12X2 REF: 11912","Fita Dupla Face Acrilica Interna","Tekbond","12X2","indisponível","UN (EMB: 12)","31.82","31.8200","ESTIMADO","Média categoria FERRAGENS + fator variação SKU"
"FERRAGENS","FITA DUPLA FACE","FITA DUPLA FACE TEKBOND ACRILICA INTERNA 19X2 REF: 11913","Fita Dupla Face Acrilica Interna","Tekbond","19X2","indisponível","UN (EMB: 12)","32.83","32.8300","ESTIMADO","Média categoria FERRAGENS + fator variação SKU"
"FERRAGENS","FITA DUPLA FACE","FITA DUPLA FACE TEKBOND ESPUMA 12X1,5 REF: 12174","Fita Dupla Face Espuma 5","Tekbond","12X1","indisponível","UN (EMB: 12)","34.46","34.4600","ESTIMADO","Média categoria FERRAGENS + fator variação SKU"
"FERRAGENS","FITA DUPLA FACE","FITA DUPLA FACE TEKBOND ESPUMA 19X1,5 REF: 12175","Fita Dupla Face Espuma 5","Tekbond","19X1","indisponível","UN (EMB: 12)","35.47","35.4700","ESTIMADO","Média categoria FERRAGENS + fator variação SKU"
"FERRAGENS","FITA EMPACOTAMENTO","FITA EMPACOT ADERE MARROM 45X40 REF: 13085","Fita Empacot Adere","indisponível","45X40","indisponível","UN (EMB: 1)","34.67","34.6700","ESTIMADO","Média categoria FERRAGENS + fator variação SKU"
"FERRAGENS","FITA EMPACOTAMENTO","FITA EMPACOT ADERE TRANSP 45X40 REF: 13084","Fita Empacot Adere Transp","indisponível","45X40","indisponível","UN (EMB: 1)","33.66","33.6600","ESTIMADO","Média categoria FERRAGENS + fator variação SKU"
"FERRAGENS","FITA MULTIUSO","FITA MULTIUSO SIKA 10CM X 10M REF: 14285","Fita Multiuso Sika 10cm X","indisponível","indisponível","10M","UN (EMB: 16)","64.79","64.7900","ESTIMADO","Média categoria FERRAGENS + fator variação SKU"
"FERRAGENS","FITA MULTIUSO","FITA MULTIUSO SIKA 15CM X 10M REF: 14264","Fita Multiuso Sika 15cm X","indisponível","indisponível","10M","UN (EMB: 16)","43.58","43.5800","ESTIMADO","Média categoria FERRAGENS + fator variação SKU"
"FERRAGENS","FITA MULTIUSO","FITA MULTIUSO SIKA 20CM X 10M REF: 14265","Fita Multiuso Sika 20cm X","indisponível","indisponível","10M","UN (EMB: 8)","44.59","44.5900","ESTIMADO","Média categoria FERRAGENS + fator variação SKU"
"FERRAGENS","FITILHO","FITILHO RAFIA CZ 500GR REF: 10813","Fitilho Rafia 500gr","indisponível","indisponível","indisponível","UN (EMB: 1)","37.72","37.7200","ESTIMADO","Média categoria FERRAGENS + fator variação SKU"
"FERRAGENS","FIXADOR PORTA","FIXADOR PORTA ALIANCA PISO 3 ZINC REF: 12456","Fixador Porta Alianca Piso 3 Zinc","indisponível","indisponível","indisponível","UN (EMB: 10)","56.31","56.3100","ESTIMADO","Média categoria FERRAGENS + fator variação SKU"
"FERRAGENS","GÁS","GAS BUTANO P/ FOGAREIRO ETANIZ 400ML REF: 14557","Gas Butano P Fogareiro Etaniz 400ml","indisponível","indisponível","indisponível","UN (EMB: 6)","76.54","76.5400","ESTIMADO","Média categoria FERRAGENS + fator variação SKU"
"FERRAGENS","GEL ODORIZADOR ETANIZ","ODORIZADOR CARD ETANIZ CARRO NOVO","Odorizador Card Etaniz Carro Novo","indisponível","indisponível","indisponível","UN (EMB: 1)","16.72","16.7200","ESTIMADO","Média categoria FERRAGENS + fator variação SKU"
"FERRAGENS","GRAFITE EM PÓ","GRAFITE EM PO EMAVI 25GR REF: 14887","Grafite Em Po Emavi 25gr","indisponível","indisponível","indisponível","UN (EMB: 24)","16.87","16.8700","ESTIMADO","Média categoria FERRAGENS + fator variação SKU"
"FERRAGENS","GRAFITE EM PÓ","GRAFITE SPRAY ETANIZ 300ML REF: 14555","Grafite Spray Etaniz 300ml","indisponível","indisponível","indisponível","UN (EMB: 6)","74.52","74.5200","ESTIMADO","Média categoria FERRAGENS + fator variação SKU"
"FERRAGENS","GRAXA","GRAXA SPRAY ETANIZ BRANCA 300ML REF: 14546","Graxa Spray Etaniz Branca 300ml","indisponível","indisponível","indisponível","UN (EMB: 6)","66.42","66.4200","ESTIMADO","Média categoria FERRAGENS + fator variação SKU"
"FERRAGENS","GRAXA","GRAXA SPRAY TEKBOND BRANCA 300ML REF: 14339","Graxa Spray Branca 300ml","Tekbond","indisponível","indisponível","UN (EMB: 6)","54.33","54.3300","ESTIMADO","Média categoria FERRAGENS + fator variação SKU"
"FERRAGENS","JOELHEIRA EVA","JOELHEIRA P/ ASSENTAR PISO CORTAG REF: 13242","Joelheira P Assentar Piso Cortag","indisponível","indisponível","indisponível","UN (EMB: 6)","62.25","62.2500","ESTIMADO","Média categoria FERRAGENS + fator variação SKU"
"FERRAGENS","LAMINA SERRA BIMETAL","SERRA BIMETAL IRWIN 24D REF: 12018","Serra Bimetal 24d","Irwin","indisponível","indisponível","UN (EMB: 10)","72.89","72.8900","ESTIMADO","Média categoria FERRAGENS + fator variação SKU"
"FERRAGENS","LAMINA SERRA BIMETAL","SERRA BIMETAL STARRETT 24D REF: 13190","Serra Bimetal 24d","Starrett","indisponível","indisponível","UN (EMB: 10)","74.73","74.7300","ESTIMADO","Média categoria FERRAGENS + fator variação SKU"
"FERRAGENS","LIMPA BOLOR","LIMPA BOLOR ETANIZ 1L REF: 14550","Limpa Bolor Etaniz 1l","indisponível","indisponível","indisponível","UN (EMB: 6)","70.46","70.4600","ESTIMADO","Média categoria FERRAGENS + fator variação SKU"
"FERRAGENS","LIMPA CONTATO","LIMPA CONTATO ETANIZ 300ML REF: 14547","Limpa Contato Etaniz 300ml","indisponível","indisponível","indisponível","UN (EMB: 6)","67.43","67.4300","ESTIMADO","Média categoria FERRAGENS + fator variação SKU"
"FERRAGENS","LIMPA CONTATO","LIMPA CONTATO TEKBOND 300ML REF: 12218","Limpa Contato 300ml","Tekbond","indisponível","indisponível","UN (EMB: 12)","77.91","77.9100","ESTIMADO","Média categoria FERRAGENS + fator variação SKU"
"FERRAGENS","LIMPA FOSSA","LIMPA FOSSA ETANIZ 1L REF: 14552","Limpa Fossa Etaniz 1l","indisponível","indisponível","indisponível","UN (EMB: 6)","72.48","72.4800","ESTIMADO","Média categoria FERRAGENS + fator variação SKU"
"FERRAGENS","LIMPA GRELHA","LIMPA GRELHA ETANIZ 1L REF: 14551","Limpa Grelha Etaniz 1l","indisponível","indisponível","indisponível","UN (EMB: 6)","71.47","71.4700","ESTIMADO","Média categoria FERRAGENS + fator variação SKU"
"FERRAGENS","LIMPA OBRA","LIMPA OBRA ETANIZ 1L REF: 14553","Limpa Obra Etaniz 1l","indisponível","indisponível","indisponível","UN (EMB: 6)","72.50","72.5000","ESTIMADO","Média categoria FERRAGENS + fator variação SKU"
"FERRAGENS","LIMPA OBRA","SANLIMP LIMPA PEDRA 5L REF: 14771","Sanlimp Limpa Pedra 5l","indisponível","indisponível","indisponível","UN (EMB: 4)","30.70","30.7000","ESTIMADO","Média categoria FERRAGENS + fator variação SKU"
"FERRAGENS","LIMPA REJUNTE","LIMPA REJUNTE ETANIZ 1L REF: 14554","Limpa Rejunte Etaniz 1l","indisponível","indisponível","indisponível","UN (EMB: 6)","73.51","73.5100","ESTIMADO","Média categoria FERRAGENS + fator variação SKU"
"FERRAGENS","LINHA DE PEDREIRO","LINHA PEDREIRO LARANJA UNIFIO 100M REF: 14427","Linha Pedreiro Laranja Unifio","indisponível","indisponível","100M","UN (EMB: 12)","175.80","175.8000","ESTIMADO","Regra bitola mm (1.5mm/2.5mm/4mm/6mm/10mm) + rolo 100m"
"FERRAGENS","LINHA DE PEDREIRO","LINHA PEDREIRO LARANJA UNIFIO 50M REF: 14426","Linha Pedreiro Laranja Unifio","indisponível","indisponível","50M","UN (EMB: 12)","175.40","175.4000","ESTIMADO","Regra bitola mm (1.5mm/2.5mm/4mm/6mm/10mm) + rolo 100m"
"FERRAGENS","LINHA DE PEDREIRO","LINHA PEDREIRO TRANC LARANJA POLIFIO 100M REF: 15044","Linha Pedreiro Tranc Laranja Polifio","indisponível","indisponível","100M","UN (EMB: 12)","182.60","182.6000","ESTIMADO","Regra bitola mm (1.5mm/2.5mm/4mm/6mm/10mm) + rolo 100m"
"FERRAGENS","LINHA DE PEDREIRO","LINHA PEDREIRO TRANC LARANJA POLIFIO 50M REF: 15045","Linha Pedreiro Tranc Laranja Polifio","indisponível","indisponível","50M","UN (EMB: 12)","183.00","183.0000","ESTIMADO","Regra bitola mm (1.5mm/2.5mm/4mm/6mm/10mm) + rolo 100m"
"FERRAGENS","LINHA DE PEDREIRO","LINHA PEDREIRO TRANC LARANJA ROSSI 50M REF: 15043","Linha Pedreiro Tranc Laranja Rossi","indisponível","indisponível","50M","UN (EMB: 12)","43.44","43.4400","ESTIMADO","Média categoria FERRAGENS + fator variação SKU"
"FERRAGENS","LINHA DE PEDREIRO","LINHA PEDREIRO TRANC POLIFIO 100M REF: 12684","Linha Pedreiro Tranc Polifio","indisponível","indisponível","100M","UN (EMB: 12)","198.60","198.6000","ESTIMADO","Regra bitola mm (1.5mm/2.5mm/4mm/6mm/10mm) + rolo 100m"
"FERRAGENS","LINHA DE PEDREIRO","LINHA PEDREIRO TRANC POLIFIO 50M REF: 12685","Linha Pedreiro Tranc Polifio","indisponível","indisponível","50M","UN (EMB: 12)","199.00","199.0000","ESTIMADO","Regra bitola mm (1.5mm/2.5mm/4mm/6mm/10mm) + rolo 100m"
"FERRAGENS","LINHA DE PEDREIRO","LINHA PEDREIRO TRANC ROSSI 100M REF: 12686","Linha Pedreiro Tranc Rossi","indisponível","indisponível","100M","UN (EMB: 12)","25.64","25.6400","ESTIMADO","Média categoria FERRAGENS + fator variação SKU"
"FERRAGENS","LINHA DE PEDREIRO","LINHA PEDREIRO TRANC ROSSI 50M REF: 12687","Linha Pedreiro Tranc Rossi","indisponível","indisponível","50M","UN (EMB: 12)","26.65","26.6500","ESTIMADO","Média categoria FERRAGENS + fator variação SKU"
"FERRAGENS","LONA PLASTICA","LONA PRETA SERLONAS 4X100M FINA 12KG 30 MICRAS REF: 10829","Lona Preta Serlonas 4x100m Fina 12kg 30 Micras","indisponível","indisponível","indisponível","UN (EMB: 1)","53.88","53.8800","ESTIMADO","Média categoria FERRAGENS + fator variação SKU"
"FERRAGENS","LONA PLASTICA","LONA PRETA SERLONAS 4X100M GROSSA 25KG 62,5 MICRAS REF: 10831","Lona Preta Serlonas 4x100m Grossa 25kg 62 5 Micras","indisponível","indisponível","indisponível","UN (EMB: 1)","55.90","55.9000","ESTIMADO","Média categoria FERRAGENS + fator variação SKU"
"FERRAGENS","LUVA LATEX FORRADA SANRO","LUVA LATEX SANRO FORR TOP AM G PAR REF: 13956","Luva Latex Sanro Forr Top G Par","indisponível","indisponível","indisponível","UN (EMB: 10)","61.46","61.4600","ESTIMADO","Média categoria FERRAGENS + fator variação SKU"
"FERRAGENS","LUVA LATEX FORRADA SANRO","LUVA LATEX SANRO FORR TOP AM P PAR REF: 14184","Luva Latex Sanro Forr Top P Par","indisponível","indisponível","indisponível","UN (EMB: 10)","28.77","28.7700","ESTIMADO","Média categoria FERRAGENS + fator variação SKU"
"FERRAGENS","LUVA LATEX FORRADA SANRO","LUVA LATEX SANRO FORR TOP AM XG PAR REF: 14185","Luva Latex Sanro Forr Top Xg Par","indisponível","indisponível","indisponível","UN (EMB: 10)","29.78","29.7800","ESTIMADO","Média categoria FERRAGENS + fator variação SKU"
"FERRAGENS","LUVA PU KALIPSO","LUVA PU KALIPSO CINZA G PAR REF: 12131","Luva Pu Kalipso G Par","indisponível","indisponível","indisponível","UN (EMB: 12)","56.03","56.0300","ESTIMADO","Média categoria FERRAGENS + fator variação SKU"
"FERRAGENS","LUVA PU KALIPSO","LUVA PU KALIPSO CINZA M PAR REF: 12130","Luva Pu Kalipso M Par","indisponível","indisponível","indisponível","UN (EMB: 12)","55.02","55.0200","ESTIMADO","Média categoria FERRAGENS + fator variação SKU"
"FERRAGENS","LUVA PU KALIPSO","LUVA PU KALIPSO CINZA XG PAR REF: 13963","Luva Pu Kalipso Xg Par","indisponível","indisponível","indisponível","UN (EMB: 12)","67.54","67.5400","ESTIMADO","Média categoria FERRAGENS + fator variação SKU"
"FERRAGENS","LUVA PU KALIPSO","LUVA PU KALIPSO PRETA G PAR REF: 11939","Luva Pu Kalipso Preta G Par","indisponível","indisponível","indisponível","UN (EMB: 12)","59.09","59.0900","ESTIMADO","Média categoria FERRAGENS + fator variação SKU"
"FERRAGENS","LUVA PU KALIPSO","LUVA PU KALIPSO PRETA M PAR REF: 11938","Luva Pu Kalipso Preta M Par","indisponível","indisponível","indisponível","UN (EMB: 12)","58.08","58.0800","ESTIMADO","Média categoria FERRAGENS + fator variação SKU"
"FERRAGENS","LUVAS HELANCA","LUVA HELANCA PRO PIG KALIPSO PRETA PAR REF: 13962","Luva Helanca Pro Pig Kalipso Preta Par","indisponível","indisponível","indisponível","UN (EMB: 12)","66.53","66.5300","ESTIMADO","Média categoria FERRAGENS + fator variação SKU"
"FERRAGENS","LUVAS TRICOTADA","LUVA TRICOTADA TATEX PIG KALIPSO PRETA PAR REF: 13961","Luva Tricotada Tatex Pig Kalipso Preta Par","indisponível","indisponível","indisponível","UN (EMB: 12)","65.52","65.5200","ESTIMADO","Média categoria FERRAGENS + fator variação SKU"
"FERRAGENS","MASSA EPOXI","DUREPOXI LOCTITE HENKEL 100G REF: 13189","Durepoxi Loctite Henkel 100g","indisponível","indisponível","indisponível","UN (EMB: 48)","73.72","73.7200","ESTIMADO","Média categoria FERRAGENS + fator variação SKU"
"FERRAGENS","MASSA EPOXI","DUREPOXI LOCTITE HENKEL 50G REF: 13188","Durepoxi Loctite Henkel 50g","indisponível","indisponível","indisponível","UN (EMB: 48)","72.71","72.7100","ESTIMADO","Média categoria FERRAGENS + fator variação SKU"
"FERRAGENS","NUMERO RESIDENCIAL","NUMERO RESIDENCIAL COLONIAL EMAVE 1 REF: 14400","Numero Residencial Colonial Emave 1","indisponível","indisponível","indisponível","UN (EMB: 10)","49.95","49.9500","ESTIMADO","Média categoria FERRAGENS + fator variação SKU"
"FERRAGENS","NUMERO RESIDENCIAL","NUMERO RESIDENCIAL COLONIAL EMAVE 2 REF: 14401","Numero Residencial Colonial Emave 2","indisponível","indisponível","indisponível","UN (EMB: 10)","50.96","50.9600","ESTIMADO","Média categoria FERRAGENS + fator variação SKU"
"FERRAGENS","NUMERO RESIDENCIAL","NUMERO RESIDENCIAL COLONIAL EMAVE 3 REF: 14402","Numero Residencial Colonial Emave 3","indisponível","indisponível","indisponível","UN (EMB: 10)","51.97","51.9700","ESTIMADO","Média categoria FERRAGENS + fator variação SKU"
"FERRAGENS","NUMERO RESIDENCIAL","NUMERO RESIDENCIAL COLONIAL EMAVE 4 REF: 14403","Numero Residencial Colonial Emave 4","indisponível","indisponível","indisponível","UN (EMB: 10)","52.98","52.9800","ESTIMADO","Média categoria FERRAGENS + fator variação SKU"
"FERRAGENS","NUMERO RESIDENCIAL","NUMERO RESIDENCIAL COLONIAL EMAVE 6 REF: 14405","Numero Residencial Colonial Emave 6","indisponível","indisponível","indisponível","UN (EMB: 10)","55.00","55.0000","ESTIMADO","Média categoria FERRAGENS + fator variação SKU"
"FERRAGENS","NUMERO RESIDENCIAL","NUMERO RESIDENCIAL COLONIAL EMAVE 7 REF: 14406","Numero Residencial Colonial Emave 7","indisponível","indisponível","indisponível","UN (EMB: 10)","56.01","56.0100","ESTIMADO","Média categoria FERRAGENS + fator variação SKU"
"FERRAGENS","NUMERO RESIDENCIAL","NUMERO RESIDENCIAL COLONIAL EMAVE 8 REF: 14407","Numero Residencial Colonial Emave 8","indisponível","indisponível","indisponível","UN (EMB: 10)","57.02","57.0200","ESTIMADO","Média categoria FERRAGENS + fator variação SKU"
"FERRAGENS","NUMERO RESIDENCIAL","NUMERO RESIDENCIAL COLONIAL EMAVE 9 REF: 14408","Numero Residencial Colonial Emave 9","indisponível","indisponível","indisponível","UN (EMB: 10)","58.03","58.0300","ESTIMADO","Média categoria FERRAGENS + fator variação SKU"
"FERRAGENS","ÓCULOS DE PROTEÇÃO","OCULOS 3M VIRTUA LENTE CINZA REF: 11087","Oculos Virtua Lente","indisponível","indisponível","3M","UN (EMB: 1)","52.48","52.4800","ESTIMADO","Média categoria FERRAGENS + fator variação SKU"
"FERRAGENS","ÓCULOS DE PROTEÇÃO","OCULOS 3M VIRTUA LENTE TRANSPARENTE REF: 11088","Oculos Virtua Lente","indisponível","indisponível","3M","UN (EMB: 1)","52.50","52.5000","ESTIMADO","Média categoria FERRAGENS + fator variação SKU"
"FERRAGENS","ODORIZADORES DE AMBIENTE","ODORIZADOR DE AMB LEV&UZE CANELA E FRUTAS 400ML REF: 14543","Odorizador De Amb Lev&uze Canela E Frutas 400ml","indisponível","indisponível","indisponível","UN (EMB: 6)","63.39","63.3900","ESTIMADO","Média categoria FERRAGENS + fator variação SKU"
"FERRAGENS","ODORIZADORES DE AMBIENTE","ODORIZADOR DE AMB LEV&UZE LAVANDA FLORAL 400ML REF: 14545","Odorizador De Amb Lev&uze Lavanda Floral 400ml","indisponível","indisponível","indisponível","UN (EMB: 6)","65.41","65.4100","ESTIMADO","Média categoria FERRAGENS + fator variação SKU"
"FERRAGENS","ÓLEO LUBRIFICANTE","OLEO LUBRIFICANTE DESENGRIPANTE TEKBOND 300ML 150GR REF: 14880","Oleo Lubrificante Desengripante 300ml 150gr","Tekbond","indisponível","indisponível","UN (EMB: 1)","74.80","74.8000","ESTIMADO","Média categoria FERRAGENS + fator variação SKU"
"FERRAGENS","ÓLEO LUBRIFICANTE","OLEO LUBRIFICANTE WD-40 300ML REF: 14224","Oleo Lubrificante Wd 40 300ml","indisponível","indisponível","indisponível","UN (EMB: 6)","69.17","69.1700","ESTIMADO","Média categoria FERRAGENS + fator variação SKU"
"FERRAGENS","PÁ DE LIXO","PA DE LIXO PLAST ROMA REF: 15260","Pa De Lixo Plast Roma","indisponível","indisponível","indisponível","UN (EMB: 1)","64.64","64.6400","ESTIMADO","Média categoria FERRAGENS + fator variação SKU"
"FERRAGENS","PARAF. SEXTAVADO ROSCA MÉTRICA","PARAF SX RM ZB M10X18MM ( 10 UND ) REF: 15412","Paraf Sx Rm Zb M10x18mm ( 10 Und )","indisponível","indisponível","indisponível","PT (EMB: 1)","22.17","22.1700","ESTIMADO","Média categoria FERRAGENS + fator variação SKU"
"FERRAGENS","PARAF. SEXTAVADO ROSCA MÉTRICA","PARAF SX RM ZB M10X20MM ( 10 UND ) REF: 15413","Paraf Sx Rm Zb M10x20mm ( 10 Und )","indisponível","indisponível","indisponível","PT (EMB: 1)","23.18","23.1800","ESTIMADO","Média categoria FERRAGENS + fator variação SKU"
"FERRAGENS","PARAF. SEXTAVADO ROSCA MÉTRICA","PARAF SX RM ZB M10X30MM ( 10 UND ) REF: 15505","Paraf Sx Rm Zb M10x30mm ( 10 Und )","indisponível","indisponível","indisponível","PT (EMB: 1)","50.11","50.1100","ESTIMADO","Média categoria FERRAGENS + fator variação SKU"
"FERRAGENS","PARAF. SEXTAVADO ROSCA MÉTRICA","PARAF SX RM ZB M10X40MM ( 10 UND ) REF: 15509","Paraf Sx Rm Zb M10x40mm ( 10 Und )","indisponível","indisponível","indisponível","PT (EMB: 1)","54.15","54.1500","ESTIMADO","Média categoria FERRAGENS + fator variação SKU"
"FERRAGENS","PARAF. SEXTAVADO ROSCA MÉTRICA","PARAF SX RM ZB M10X45MM C/100 REF: 13724","Paraf Sx Rm Zb M10x45mm C 100","indisponível","indisponível","indisponível","UN (EMB: 1)","24.12","24.1200","ESTIMADO","Média categoria FERRAGENS + fator variação SKU"
"FERRAGENS","PARAF. SEXTAVADO ROSCA MÉTRICA","PARAF SX RM ZB M10X50MM ( 10 UND ) REF: 15410","Paraf Sx Rm Zb M10x50mm ( 10 Und )","indisponível","indisponível","indisponível","PT (EMB: 1)","20.15","20.1500","ESTIMADO","Média categoria FERRAGENS + fator variação SKU"
"FERRAGENS","PARAF. SEXTAVADO ROSCA MÉTRICA","PARAF SX RM ZB M10X55MM ( 10 UND ) REF: 15504","Paraf Sx Rm Zb M10x55mm ( 10 Und )","indisponível","indisponível","indisponível","PT (EMB: 1)","49.10","49.1000","ESTIMADO","Média categoria FERRAGENS + fator variação SKU"
"FERRAGENS","PARAF. SEXTAVADO ROSCA MÉTRICA","PARAF SX RM ZB M10X60MM C/100 REF: 13727","Paraf Sx Rm Zb M10x60mm C 100","indisponível","indisponível","indisponível","UN (EMB: 1)","27.15","27.1500","ESTIMADO","Média categoria FERRAGENS + fator variação SKU"
"FERRAGENS","PARAF. SEXTAVADO ROSCA MÉTRICA","PARAF SX RM ZB M10X65MM ( 5 UND ) REF: 15491","Paraf Sx Rm Zb M10x65mm ( 5 Und )","indisponível","indisponível","indisponível","PT (EMB: 1)","35.97","35.9700","ESTIMADO","Média categoria FERRAGENS + fator variação SKU"
"FERRAGENS","PARAF. SEXTAVADO ROSCA MÉTRICA","PARAF SX RM ZB M10X90MM C/100 JOMARCA REF: 13731","Paraf Sx Rm Zb M10x90mm C 100 Jomarca","indisponível","indisponível","indisponível","UN (EMB: 1)","31.19","31.1900","ESTIMADO","Média categoria FERRAGENS + fator variação SKU"
"FERRAGENS","PARAF. SEXTAVADO ROSCA MÉTRICA","PARAF SX RM ZB M12X100MM C/50 JOMARCA REF: 13746","Paraf Sx Rm Zb M12x100mm C 50 Jomarca","indisponível","indisponível","indisponível","UN (EMB: 1)","46.34","46.3400","ESTIMADO","Média categoria FERRAGENS + fator variação SKU"
"FERRAGENS","PARAF. SEXTAVADO ROSCA MÉTRICA","PARAF SX RM ZB M12X110MM C/50 JOMARCA REF: 13747","Paraf Sx Rm Zb M12x110mm C 50 Jomarca","indisponível","indisponível","indisponível","UN (EMB: 1)","47.35","47.3500","ESTIMADO","Média categoria FERRAGENS + fator variação SKU"
"FERRAGENS","PARAF. SEXTAVADO ROSCA MÉTRICA","PARAF SX RM ZB M12X120MM C/50 JOMARCA REF: 13748","Paraf Sx Rm Zb M12x120mm C 50 Jomarca","indisponível","indisponível","indisponível","UN (EMB: 1)","48.36","48.3600","ESTIMADO","Média categoria FERRAGENS + fator variação SKU"
"FERRAGENS","PARAF. SEXTAVADO ROSCA MÉTRICA","PARAF SX RM ZB M12X130MM C/50 JOMARCA REF: 13749","Paraf Sx Rm Zb M12x130mm C 50 Jomarca","indisponível","indisponível","indisponível","UN (EMB: 1)","49.37","49.3700","ESTIMADO","Média categoria FERRAGENS + fator variação SKU"
"FERRAGENS","PARAF. SEXTAVADO ROSCA MÉTRICA","PARAF SX RM ZB M12X140MM C/50 JOMARCA REF: 13750","Paraf Sx Rm Zb M12x140mm C 50 Jomarca","indisponível","indisponível","indisponível","UN (EMB: 1)","50.38","50.3800","ESTIMADO","Média categoria FERRAGENS + fator variação SKU"
"FERRAGENS","PARAF. SEXTAVADO ROSCA MÉTRICA","PARAF SX RM ZB M12X150MM C/50 JOMARCA REF: 13751","Paraf Sx Rm Zb M12x150mm C 50 Jomarca","indisponível","indisponível","indisponível","UN (EMB: 1)","51.39","51.3900","ESTIMADO","Média categoria FERRAGENS + fator variação SKU"
"FERRAGENS","PARAF. SEXTAVADO ROSCA MÉTRICA","PARAF SX RM ZB M12X20MM ( 10 UND ) REF: 15496","Paraf Sx Rm Zb M12x20mm ( 10 Und )","indisponível","indisponível","indisponível","PT (EMB: 1)","41.02","41.0200","ESTIMADO","Média categoria FERRAGENS + fator variação SKU"
"FERRAGENS","PARAF. SEXTAVADO ROSCA MÉTRICA","PARAF SX RM ZB M12X22MM ( 10 UND ) REF: 15492","Paraf Sx Rm Zb M12x22mm ( 10 Und )","indisponível","indisponível","indisponível","PT (EMB: 1)","36.98","36.9800","ESTIMADO","Média categoria FERRAGENS + fator variação SKU"
"FERRAGENS","PARAF. SEXTAVADO ROSCA MÉTRICA","PARAF SX RM ZB M12X30MM C/100 REF: 13735","Paraf Sx Rm Zb M12x30mm C 100","indisponível","indisponível","indisponível","UN (EMB: 1)","35.23","35.2300","ESTIMADO","Média categoria FERRAGENS + fator variação SKU"
"FERRAGENS","PARAF. SEXTAVADO ROSCA MÉTRICA","PARAF SX RM ZB M12X35MM (10 UND) REF: 15503","Paraf Sx Rm Zb M12x35mm (10 Und)","indisponível","indisponível","indisponível","PT (EMB: 1)","48.09","48.0900","ESTIMADO","Média categoria FERRAGENS + fator variação SKU"
"FERRAGENS","PARAF. SEXTAVADO ROSCA MÉTRICA","PARAF SX RM ZB M12X40MM C/100 REF: 13737","Paraf Sx Rm Zb M12x40mm C 100","indisponível","indisponível","indisponível","UN (EMB: 1)","37.25","37.2500","ESTIMADO","Média categoria FERRAGENS + fator variação SKU"
"FERRAGENS","PARAF. SEXTAVADO ROSCA MÉTRICA","PARAF SX RM ZB M12X45MM C/100 REF: 13738","Paraf Sx Rm Zb M12x45mm C 100","indisponível","indisponível","indisponível","UN (EMB: 1)","38.26","38.2600","ESTIMADO","Média categoria FERRAGENS + fator variação SKU"
"FERRAGENS","PARAF. SEXTAVADO ROSCA MÉTRICA","PARAF SX RM ZB M12X50MM C/100 REF: 13739","Paraf Sx Rm Zb M12x50mm C 100","indisponível","indisponível","indisponível","UN (EMB: 1)","39.27","39.2700","ESTIMADO","Média categoria FERRAGENS + fator variação SKU"
"FERRAGENS","PARAF. SEXTAVADO ROSCA MÉTRICA","PARAF SX RM ZB M12X55MM ( 05 UND ) REF: 15488","Paraf Sx Rm Zb M12x55mm ( 05 Und )","indisponível","indisponível","indisponível","PT (EMB: 1)","32.94","32.9400","ESTIMADO","Média categoria FERRAGENS + fator variação SKU"
"FERRAGENS","PARAF. SEXTAVADO ROSCA MÉTRICA","PARAF SX RM ZB M12X60MM ( 05 UND ) REF: 15477","Paraf Sx Rm Zb M12x60mm ( 05 Und )","indisponível","indisponível","indisponível","PT (EMB: 1)","21.83","21.8300","ESTIMADO","Média categoria FERRAGENS + fator variação SKU"
"FERRAGENS","PARAF. SEXTAVADO ROSCA MÉTRICA","PARAF SX RM ZB M12X65MM ( 5 UND ) REF: 15482","Paraf Sx Rm Zb M12x65mm ( 5 Und )","indisponível","indisponível","indisponível","PT (EMB: 1)","26.88","26.8800","ESTIMADO","Média categoria FERRAGENS + fator variação SKU"
"FERRAGENS","PARAF. SEXTAVADO ROSCA MÉTRICA","PARAF SX RM ZB M12X70MM ( 5 UND ) REF: 15493","Paraf Sx Rm Zb M12x70mm ( 5 Und )","indisponível","indisponível","indisponível","PT (EMB: 1)","37.99","37.9900","ESTIMADO","Média categoria FERRAGENS + fator variação SKU"
"FERRAGENS","PARAF. SEXTAVADO ROSCA MÉTRICA","PARAF SX RM ZB M12X80MM ( 05 UND ) REF: 15499","Paraf Sx Rm Zb M12x80mm ( 05 Und )","indisponível","indisponível","indisponível","PT (EMB: 1)","44.05","44.0500","ESTIMADO","Média categoria FERRAGENS + fator variação SKU"
"FERRAGENS","PARAF. SEXTAVADO ROSCA MÉTRICA","PARAF SX RM ZB M12X90MM ( 05 UND ) REF: 15490","Paraf Sx Rm Zb M12x90mm ( 05 Und )","indisponível","indisponível","indisponível","PT (EMB: 1)","34.96","34.9600","ESTIMADO","Média categoria FERRAGENS + fator variação SKU"
"FERRAGENS","PARAF. SEXTAVADO ROSCA MÉTRICA","PARAF SX RM ZB M8X80MM C/100 REF: 13716","Paraf Sx Rm Zb M8x80mm C 100","indisponível","indisponível","indisponível","UN (EMB: 1)","16.04","16.0400","ESTIMADO","Média categoria FERRAGENS + fator variação SKU"
"FERRAGENS","PARAF. SEXTAVADO ROSCA SOBERBA","PARAF SX RS ZB 1/4X90MM ( 10 UND ) REF: 15502","Paraf Sx Rs Zb 1 4x90mm ( 10 Und )","indisponível","indisponível","indisponível","PT (EMB: 1)","47.08","47.0800","ESTIMADO","Média categoria FERRAGENS + fator variação SKU"
"FERRAGENS","PARAF. SEXTAVADO ROSCA SOBERBA","PARAF SX RS ZB 3/8X100MM ( 05 UND ) REF: 15489","Paraf Sx Rs Zb 3 8x100mm ( 05 Und )","indisponível","indisponível","indisponível","PT (EMB: 1)","33.95","33.9500","ESTIMADO","Média categoria FERRAGENS + fator variação SKU"
"FERRAGENS","PARAF. SEXTAVADO ROSCA SOBERBA","PARAF SX RS ZB 3/8X110MM ( 05 UND ) REF: 15407","Paraf Sx Rs Zb 3 8x110mm ( 05 Und )","indisponível","indisponível","indisponível","PT (EMB: 1)","17.12","17.1200","ESTIMADO","Média categoria FERRAGENS + fator variação SKU"
"FERRAGENS","PARAF. SEXTAVADO ROSCA SOBERBA","PARAF SX RS ZB 3/8X120MM C/100 JOMARCA REF: 13800","Paraf Sx Rs Zb 3 8x120mm C 100 Jomarca","indisponível","indisponível","indisponível","UN (EMB: 1)","34.89","34.8900","ESTIMADO","Média categoria FERRAGENS + fator variação SKU"
"FERRAGENS","PARAF. SEXTAVADO ROSCA SOBERBA","PARAF SX RS ZB 3/8X40MM ( 10 UND ) REF: 15495","Paraf Sx Rs Zb 3 8x40mm ( 10 Und )","indisponível","indisponível","indisponível","PT (EMB: 1)","40.01","40.0100","ESTIMADO","Média categoria FERRAGENS + fator variação SKU"
"FERRAGENS","PARAF. SEXTAVADO ROSCA SOBERBA","PARAF SX RS ZB 3/8X45MM ( 10 UND ) REF: 15478","Paraf Sx Rs Zb 3 8x45mm ( 10 Und )","indisponível","indisponível","indisponível","PT (EMB: 1)","22.84","22.8400","ESTIMADO","Média categoria FERRAGENS + fator variação SKU"
"FERRAGENS","PARAF. SEXTAVADO ROSCA SOBERBA","PARAF SX RS ZB 3/8X50MM ( 10 UND ) REF: 15485","Paraf Sx Rs Zb 3 8x50mm ( 10 Und )","indisponível","indisponível","indisponível","PT (EMB: 1)","29.91","29.9100","ESTIMADO","Média categoria FERRAGENS + fator variação SKU"
"FERRAGENS","PARAF. SEXTAVADO ROSCA SOBERBA","PARAF SX RS ZB 3/8X55MM ( 10 UND ) REF: 15507","Paraf Sx Rs Zb 3 8x55mm ( 10 Und )","indisponível","indisponível","indisponível","PT (EMB: 1)","52.13","52.1300","ESTIMADO","Média categoria FERRAGENS + fator variação SKU"
"FERRAGENS","PARAF. SEXTAVADO ROSCA SOBERBA","PARAF SX RS ZB 3/8X60MM ( 10 UND ) REF: 15483","Paraf Sx Rs Zb 3 8x60mm ( 10 Und )","indisponível","indisponível","indisponível","PT (EMB: 1)","27.89","27.8900","ESTIMADO","Média categoria FERRAGENS + fator variação SKU"
"FERRAGENS","PARAF. SEXTAVADO ROSCA SOBERBA","PARAF SX RS ZB 3/8X75MM ( 05 UND ) REF: 15480","Paraf Sx Rs Zb 3 8x75mm ( 05 Und )","indisponível","indisponível","indisponível","PT (EMB: 1)","24.86","24.8600","ESTIMADO","Média categoria FERRAGENS + fator variação SKU"
"FERRAGENS","PARAF. SEXTAVADO ROSCA SOBERBA","PARAF SX RS ZB 3/8X90MM ( 05 UND ) REF: 15500","Paraf Sx Rs Zb 3 8x90mm ( 05 Und )","indisponível","indisponível","indisponível","PT (EMB: 1)","45.06","45.0600","ESTIMADO","Média categoria FERRAGENS + fator variação SKU"
"FERRAGENS","PARAF. SEXTAVADO ROSCA SOBERBA","PARAF SX RS ZB 5/16X110MM ( 05 UND ) REF: 15501","Paraf Sx Rs Zb 5 16x110mm ( 05 Und )","indisponível","indisponível","indisponível","PT (EMB: 1)","46.07","46.0700","ESTIMADO","Média categoria FERRAGENS + fator variação SKU"
"FERRAGENS","PARAF. SEXTAVADO ROSCA SOBERBA","PARAF SX RS ZB 5/16X35MM ( 10 UND ) REF: 15494","Paraf Sx Rs Zb 5 16x35mm ( 10 Und )","indisponível","indisponível","indisponível","PT (EMB: 1)","39.00","39.0000","ESTIMADO","Média categoria FERRAGENS + fator variação SKU"
"FERRAGENS","PARAF. SEXTAVADO ROSCA SOBERBA","PARAF SX RS ZB 5/16X40MM ( 10 UND ) REF: 15479","Paraf Sx Rs Zb 5 16x40mm ( 10 Und )","indisponível","indisponível","indisponível","PT (EMB: 1)","23.85","23.8500","ESTIMADO","Média categoria FERRAGENS + fator variação SKU"
"FERRAGENS","PARAF. SEXTAVADO ROSCA SOBERBA","PARAF SX RS ZB 5/16X45MM ( 10 UND ) REF: 15414","Paraf Sx Rs Zb 5 16x45mm ( 10 Und )","indisponível","indisponível","indisponível","PT (EMB: 1)","24.19","24.1900","ESTIMADO","Média categoria FERRAGENS + fator variação SKU"
"FERRAGENS","PARAFUSO CHIPBOARD PANELA","PARAF CHIPB PANELA PHS 3,5X40MM ( 20 UND ) REF: 15409","Paraf Chipb Panela Phs 3 5x40mm ( 20 Und )","indisponível","indisponível","indisponível","PT (EMB: 1)","19.14","19.1400","ESTIMADO","Média categoria FERRAGENS + fator variação SKU"
"FERRAGENS","PARAFUSO CHIPBOARD PANELA","PARAF CHIPB PANELA PHS 4,0X12MM ( 50 UND ) REF: 15411","Paraf Chipb Panela Phs 4 0x12mm ( 50 Und )","indisponível","indisponível","indisponível","PT (EMB: 1)","21.16","21.1600","ESTIMADO","Média categoria FERRAGENS + fator variação SKU"
"FERRAGENS","PARAFUSO CHIPBOARD PANELA","PARAF CHIPB PANELA PHS 4,0X14MM ( 50 UND ) REF: 15513","Paraf Chipb Panela Phs 4 0x14mm ( 50 Und )","indisponível","indisponível","indisponível","PT (EMB: 1)","58.19","58.1900","ESTIMADO","Média categoria FERRAGENS + fator variação SKU"
"FERRAGENS","PARAFUSO MADEIRA","PARAF MAD PHS 4,2X55 + BUCHA FLY 2 C/25 SFOR REF: 13516","Paraf Mad Phs 4 + Bucha Fly 2 C 25 Sfor","indisponível","2X55","indisponível","UN (EMB: 1)","76.02","76.0200","ESTIMADO","Média categoria FERRAGENS + fator variação SKU"
"FERRAGENS","PARAFUSO MADEIRA","PARAF MAD PHS 4,2X55 + BUCHA FLY 3 C/25 SFOR REF: 13517","Paraf Mad Phs 4 + Bucha Fly 3 C 25 Sfor","indisponível","2X55","indisponível","UN (EMB: 1)","77.03","77.0300","ESTIMADO","Média categoria FERRAGENS + fator variação SKU"
"FERRAGENS","PARAFUSO MADEIRA","PARAF MAD PHS 4,2X55 + BUCHA FLY 4 C/25 SFOR REF: 13518","Paraf Mad Phs 4 + Bucha Fly 4 C 25 Sfor","indisponível","2X55","indisponível","UN (EMB: 1)","78.04","78.0400","ESTIMADO","Média categoria FERRAGENS + fator variação SKU"
"FERRAGENS","PARAFUSO P/ TELHA","PARAF TELHA ZB 5/16X180MM C/100 JOMARCA REF: 13595","Paraf Telha Zb 5 16x180mm C 100 Jomarca","indisponível","indisponível","indisponível","UN (EMB: 1)","24.82","24.8200","ESTIMADO","Média categoria FERRAGENS + fator variação SKU"
"FERRAGENS","PARAFUSO P/ TELHA","PARAF TELHA ZB 5/16X230MM C/100 JOMARCA REF: 13596","Paraf Telha Zb 5 16x230mm C 100 Jomarca","indisponível","indisponível","indisponível","UN (EMB: 1)","25.83","25.8300","ESTIMADO","Média categoria FERRAGENS + fator variação SKU"
"FERRAGENS","PARAFUSO P/ TELHA","PARAF TELHA ZB 5/16X250MM C/100 JOMARCA REF: 13597","Paraf Telha Zb 5 16x250mm C 100 Jomarca","indisponível","indisponível","indisponível","UN (EMB: 1)","26.84","26.8400","ESTIMADO","Média categoria FERRAGENS + fator variação SKU"
"FERRAGENS","PARAFUSO P/ TELHA","PARAF TELHA ZB 5/16X65MM (10 UND ) REF: 15510","Paraf Telha Zb 5 16x65mm (10 Und )","indisponível","indisponível","indisponível","PT (EMB: 1)","55.16","55.1600","ESTIMADO","Média categoria FERRAGENS + fator variação SKU"
"FERRAGENS","PARAFUSO P/ TELHA","PARAF TELHA ZB 5/16X85MM ( 10 UND ) REF: 15484","Paraf Telha Zb 5 16x85mm ( 10 Und )","indisponível","indisponível","indisponível","PT (EMB: 1)","28.90","28.9000","ESTIMADO","Média categoria FERRAGENS + fator variação SKU"
"FERRAGENS","PARAFUSO SEXTAVADO","PARAF SX ZB 3/16X1.3/4 (50 UND ) REF: 15514","Paraf Sx Zb 3 .3 4 (50 Und )","indisponível","16X1","indisponível","PT (EMB: 1)","59.20","59.2000","ESTIMADO","Média categoria FERRAGENS + fator variação SKU"
"FERRAGENS","PARAFUSO SEXTAVADO","PARAF SX ZB 3/16X2.3/4 ( 20 UND ) REF: 15506","Paraf Sx Zb 3 .3 4 ( 20 Und )","indisponível","16X2","indisponível","PT (EMB: 1)","51.12","51.1200","ESTIMADO","Média categoria FERRAGENS + fator variação SKU"
"FERRAGENS","PARAFUSO SEXTAVADO","PARAF SX ZB 3/8X1.1/4 (10 UND ) REF: 15498","Paraf Sx Zb 3 .1 4 (10 Und )","indisponível","8X1","indisponível","PT (EMB: 1)","43.04","43.0400","ESTIMADO","Média categoria FERRAGENS + fator variação SKU"
"FERRAGENS","PARAFUSO SEXTAVADO","PARAF SX ZB 3/8X1.3/4 ( 10 UND ) REF: 15497","Paraf Sx Zb 3 .3 4 ( 10 Und )","indisponível","8X1","indisponível","PT (EMB: 1)","42.03","42.0300","ESTIMADO","Média categoria FERRAGENS + fator variação SKU"
"FERRAGENS","PARAFUSO SEXTAVADO","PARAF SX ZB 3/8X2.1/4 ( 10 UND ) REF: 15481","Paraf Sx Zb 3 .1 4 ( 10 Und )","indisponível","8X2","indisponível","PT (EMB: 1)","25.87","25.8700","ESTIMADO","Média categoria FERRAGENS + fator variação SKU"
"FERRAGENS","PARAFUSO SEXTAVADO","PARAF SX ZB 3/8X2.3/4 ( 05 UND ) REF: 15476","Paraf Sx Zb 3 .3 4 ( 05 Und )","indisponível","8X2","indisponível","PT (EMB: 1)","20.82","20.8200","ESTIMADO","Média categoria FERRAGENS + fator variação SKU"
"FERRAGENS","PARAFUSO SEXTAVADO","PARAF SX ZB 5/16X1 C/200 JOMARCA REF: 13832","Paraf Sx Zb 5 C 200 Jomarca","indisponível","16X1","indisponível","UN (EMB: 1)","67.21","67.2100","ESTIMADO","Média categoria FERRAGENS + fator variação SKU"
"FERRAGENS","PORCA","PORCA SX ZB M10 C/100 JOMARCA REF: 13869","Porca Sx Zb M10 C 100 Jomarca","indisponível","indisponível","indisponível","UN (EMB: 1)","38.59","38.5900","ESTIMADO","Média categoria FERRAGENS + fator variação SKU"
"FERRAGENS","PORTA CADEADO","PORTA CADEADO ALIANCA 2 1/2 63MM REF: 12451","Porta Cadeado Alianca 2 63mm","indisponível","1/2","indisponível","UN (EMB: 50)","51.26","51.2600","ESTIMADO","Média categoria FERRAGENS + fator variação SKU"
"FERRAGENS","PORTA MANGUEIRA","SUPORTE MANGUEIRA TRAMONTINA PVC REF: 13216","Suporte Mangueira","Tramontina","indisponível","indisponível","UN (EMB: 12)","35.99","35.9900","ESTIMADO","Média categoria FERRAGENS + fator variação SKU"
"FERRAGENS","PORTA SANFONADA","PORTA SANF PLASFLEX 72 X 210CM BR REF: 15252","Porta Sanf Plasflex 72 X 210cm","indisponível","indisponível","indisponível","UN (EMB: 1)","56.56","56.5600","ESTIMADO","Média categoria FERRAGENS + fator variação SKU"
"FERRAGENS","PORTA SANFONADA","PORTA SANF PLASFLEX 84 X 210CM BR REF: 15253","Porta Sanf Plasflex 84 X 210cm","indisponível","indisponível","indisponível","UN (EMB: 1)","57.57","57.5700","ESTIMADO","Média categoria FERRAGENS + fator variação SKU"
"FERRAGENS","PORTA SHAMPOO","PORTA SHAMPOO BR HERC REF: 12329","Porta Shampoo Herc","indisponível","indisponível","indisponível","UN (EMB: 1)","59.03","59.0300","ESTIMADO","Média categoria FERRAGENS + fator variação SKU"
"FERRAGENS","PREGO COM CABEÇA","PREGO ACO C/C 12X12 -1,8X30 C/100 SFOR REF: PRE0010","Prego Aco C C 1 8x30 C 100 Sfor","indisponível","12X12","indisponível","UN (EMB: 1)","72.36","72.3600","ESTIMADO","Média categoria FERRAGENS + fator variação SKU"
"FERRAGENS","PREGO COM CABEÇA","PREGO ACO C/C 18X27 -3,5X60 C/100 SFOR REF: PRE0012","Prego Aco C C 3 5x60 C 100 Sfor","indisponível","18X27","indisponível","UN (EMB: 1)","74.38","74.3800","ESTIMADO","Média categoria FERRAGENS + fator variação SKU"
"FERRAGENS","PREGO COM CABEÇA","PREGO ACO C/C 18X30 -3,5X70 C/100 SFOR REF: PRE0013","Prego Aco C C 3 5x70 C 100 Sfor","indisponível","18X30","indisponível","UN (EMB: 1)","75.39","75.3900","ESTIMADO","Média categoria FERRAGENS + fator variação SKU"
"FERRAGENS","PREGO COM CABEÇA","PREGO C/C 15X21 - 2X13 KG REF: PRE0007","Prego C C 2x13 Kg","indisponível","15X21","indisponível","KG (EMB: 20)","69.33","69.3300","ESTIMADO","Média categoria FERRAGENS + fator variação SKU"
"FERRAGENS","PREGO COM CABEÇA","PREGO C/C 18X27 ARCELOR MITTAL 1KG","Prego C C Arcelor Mittal 1kg","indisponível","18X27","indisponível","KG (EMB: 20)","78.69","78.6900","ESTIMADO","Média categoria FERRAGENS + fator variação SKU"
"FERRAGENS","PREGO COM CABEÇA","PREGO C/C 19X36 - 3.1/4X9 KG REF: PRE0003","Prego C C 3.1 4x9 Kg","indisponível","19X36","indisponível","KG (EMB: 20)","65.29","65.2900","ESTIMADO","Média categoria FERRAGENS + fator variação SKU"
"FERRAGENS","PREGO COM CABEÇA","PREGO C/C 19X36 ARCELOR MITTAL 1KG","Prego C C Arcelor Mittal 1kg","indisponível","19X36","indisponível","KG (EMB: 12)","27.83","27.8300","ESTIMADO","Média categoria FERRAGENS + fator variação SKU"
"FERRAGENS","PREGO COM CABEÇA","PREGO C/C 22X42 - 3.3/4X5 KG REF: PRE0006","Prego C C 3.3 4x5 Kg","indisponível","22X42","indisponível","KG (EMB: 20)","68.32","68.3200","ESTIMADO","Média categoria FERRAGENS + fator variação SKU"
"FERRAGENS","PREGO COM CABEÇA","PREGO C/C DUP 17X27 - 2.1/2X10 KG REF: PRE0009","Prego C C Dup 2.1 2x10 Kg","indisponível","17X27","indisponível","KG (EMB: 20)","71.35","71.3500","ESTIMADO","Média categoria FERRAGENS + fator variação SKU"
"FERRAGENS","PREGO SEM CABEÇA","PREGO ACO S/C 10X10 -1,6X25 C/100 SFOR REF: PRE0016","Prego Aco S C 1 6x25 C 100 Sfor","indisponível","10X10","indisponível","UN (EMB: 1)","78.42","78.4200","ESTIMADO","Média categoria FERRAGENS + fator variação SKU"
"FERRAGENS","PREGO SEM CABEÇA","PREGO ACO S/C 15X15 -2,5X35 C/100 SFOR REF: PRE0018","Prego Aco S C 2 5x35 C 100 Sfor","indisponível","15X15","indisponível","UN (EMB: 1)","15.44","15.4400","ESTIMADO","Média categoria FERRAGENS + fator variação SKU"
"FERRAGENS","PREGO TELHEIRO","PREGO TELHEIRO 18X27 500GR REF: 14410","Prego Telheiro 500gr","indisponível","18X27","indisponível","UN (EMB: 1)","60.05","60.0500","ESTIMADO","Média categoria FERRAGENS + fator variação SKU"
"FERRAGENS","PREGO TELHEIRO","PREGO TELHEIRO 18X36 500GR REF: 14411","Prego Telheiro 500gr","indisponível","18X36","indisponível","UN (EMB: 1)","61.06","61.0600","ESTIMADO","Média categoria FERRAGENS + fator variação SKU"
"FERRAGENS","PROLONGADOR","PROLONGADOR HERC 20MM 1/2 C/ ADAP 3/4 REF: 12348","Prolongador Herc 1 2 C Adap 3 4","indisponível","20MM","indisponível","UN (EMB: 12)","5.17","5.1700","ESTIMADO","Regra tipo/marca (Roma/Atlas) + dimensões pintura"
"FERRAGENS","PROTETOR AUDITIVO","PROTETOR AUDITIVO 3M ESPUMA C/CORDAO 1110 REF: 11094","Protetor Auditivo Espuma C Cordao 1110","indisponível","indisponível","3M","UN (EMB: 100)","58.56","58.5600","ESTIMADO","Média categoria FERRAGENS + fator variação SKU"
"FERRAGENS","PROTETOR AUDITIVO","PROTETOR AUDITIVO 3M SILICONE POMP C/CORDAO REF: 14223","Protetor Auditivo Silicone Pomp C Cordao","indisponível","indisponível","3M","UN (EMB: 100)","68.16","68.1600","ESTIMADO","Média categoria FERRAGENS + fator variação SKU"
"FERRAGENS","PULVERIZADOR","PULVERIZADOR MANUAL PALISAD 1,25L REF: 15430","Pulverizador Manual Palisad 1 25l","indisponível","indisponível","indisponível","UN (EMB: 1)","40.35","40.3500","ESTIMADO","Média categoria FERRAGENS + fator variação SKU"
"FERRAGENS","PULVERIZADOR","PULVERIZADOR MANUAL PRESSAO PALISAD 2L REF: 14473","Pulverizador Manual Pressao Palisad 2l","indisponível","indisponível","indisponível","UN (EMB: 1)","57.69","57.6900","ESTIMADO","Média categoria FERRAGENS + fator variação SKU"
"FERRAGENS","PUXADOR","PUXADOR ALCA CR ALIANCA 120MM REF: 12444","Puxador Alca Cr Alianca","indisponível","120MM","indisponível","UN (EMB: 20)","44.19","44.1900","ESTIMADO","Média categoria FERRAGENS + fator variação SKU"
"FERRAGENS","RALINHO INOX","RALINHO INOX PIA OVERTIME 3.1/2 REF: 10820","Ralinho Pia Overtime 3.","indisponível","1/2","indisponível","UN (EMB: 12)","44.79","44.7900","ESTIMADO","Média categoria FERRAGENS + fator variação SKU"
"FERRAGENS","REGULADOR DE GAS","REGULADOR GAS ALIANCA MED 503 S/ MANGUEIRA REF: 12487","Regulador Gas Alianca Med 503 S Mangueira","indisponível","indisponível","indisponível","UN (EMB: 10)","21.63","21.6300","ESTIMADO","Média categoria FERRAGENS + fator variação SKU"
"FERRAGENS","REGULADOR DE GAS","REGULADOR GAS ALIANCA MED 504 C/ MANGUEIRA 1,20M REF: 14665","Regulador Gas Alianca Med 504 C Mangueira","indisponível","indisponível","1,20M","UN (EMB: 1)","54.63","54.6300","ESTIMADO","Média categoria FERRAGENS + fator variação SKU"
"FERRAGENS","REGULADOR DE GAS","REGULADOR GAS ALIANCA MED 504 C/ MANGUEIRA 80CM REF: 12488","Regulador Gas Alianca Med 504 C Mangueira 80cm","indisponível","indisponível","indisponível","UN (EMB: 10)","22.64","22.6400","ESTIMADO","Média categoria FERRAGENS + fator variação SKU"
"FERRAGENS","REGULADOR DE GAS","REGULADOR GAS ALIANCA MED 504 REF: 12486","Regulador Gas Alianca Med 504","indisponível","indisponível","indisponível","UN (EMB: 10)","20.62","20.6200","ESTIMADO","Média categoria FERRAGENS + fator variação SKU"
"FERRAGENS","REGULADOR DE GAS","REGULADOR GAS ALIANCA PEQ 505 C/ MANGUEIRA 80CM REF: 12491","Regulador Gas Alianca Peq 505 C Mangueira 80cm","indisponível","indisponível","indisponível","UN (EMB: 10)","25.67","25.6700","ESTIMADO","Média categoria FERRAGENS + fator variação SKU"
"FERRAGENS","REGULADOR DE GAS","REGULADOR GAS ALIANCA PEQ 505 REF: 12490","Regulador Gas Alianca Peq 505","indisponível","indisponível","indisponível","UN (EMB: 10)","24.66","24.6600","ESTIMADO","Média categoria FERRAGENS + fator variação SKU"
"FERRAGENS","REGULADOR DE GAS","REGULADOR GÁS COMP. IMAR 2KG/H 2001/01","Regulador Gás Comp. Imar 2kg H","indisponível","2001/01","indisponível","PC (EMB: 15)","69.60","69.6000","ESTIMADO","Média categoria FERRAGENS + fator variação SKU"
"FERRAGENS","REGULADOR DE GAS","REGULADOR GÁS IMAR 1KG/H 0728/05 C/ MANG 1,25M","Regulador Gás Imar 1kg H C Mang","indisponível","0728/05","1,25M","PC (EMB: 8)","66.57","66.5700","ESTIMADO","Média categoria FERRAGENS + fator variação SKU"
"FERRAGENS","REGULADOR DE GAS","REGULADOR GÁS IMAR ABS 1KG/H 0727/01 CZ","Regulador Gás Imar Abs 1kg H","indisponível","0727/01","indisponível","PC (EMB: 15)","68.59","68.5900","ESTIMADO","Média categoria FERRAGENS + fator variação SKU"
"FERRAGENS","REGULADOR DE GAS","REGULADOR GÁS IMAR ABS 1KG/H 0727/05 CZ C/ MANG 1,25M","Regulador Gás Imar Abs 1kg H C Mang","indisponível","0727/05","1,25M","PC (EMB: 8)","67.58","67.5800","ESTIMADO","Média categoria FERRAGENS + fator variação SKU"
"FERRAGENS","REGULADOR DE GAS","REGULADOR GÁS IMAR REFORC. 1KG/H 0728/01","Regulador Gás Imar Reforc. 1kg H","indisponível","0728/01","indisponível","PC (EMB: 15)","65.56","65.5600","ESTIMADO","Média categoria FERRAGENS + fator variação SKU"
"FERRAGENS","REGULADOR DE GAS","REGULADOR GÁS REFOR. IMAR 2KG/H 2000/01","Regulador Gás Refor. Imar 2kg H","indisponível","2000/01","indisponível","PC (EMB: 15)","70.61","70.6100","ESTIMADO","Média categoria FERRAGENS + fator variação SKU"
"FERRAGENS","RODIZIO MOVEL","RODIZIO MOVEL ALIANCA C/ BASE GIR MED REF: 12462","Rodizio Movel Alianca C Base Gir Med","indisponível","indisponível","indisponível","UN (EMB: 24)","62.37","62.3700","ESTIMADO","Média categoria FERRAGENS + fator variação SKU"
"FERRAGENS","RODIZIO MOVEL","RODIZIO MOVEL ALIANCA C/ BASE GIR PEQ REF: 12461","Rodizio Movel Alianca C Base Gir Peq","indisponível","indisponível","indisponível","UN (EMB: 24)","61.36","61.3600","ESTIMADO","Média categoria FERRAGENS + fator variação SKU"
"FERRAGENS","RODOS","RODO ROMA EVA DUPLO C/CABO 40CM REF: 15383","Rodo Roma Eva Duplo C Cabo 40cm","indisponível","indisponível","indisponível","UN (EMB: 1)","198.20","198.2000","ESTIMADO","Regra bitola mm (1.5mm/2.5mm/4mm/6mm/10mm) + rolo 100m"
"FERRAGENS","RODOS","RODO ROMA EVA DUPLO C/CABO 60CM REF: 15259","Rodo Roma Eva Duplo C Cabo 60cm","indisponível","indisponível","indisponível","UN (EMB: 1)","188.60","188.6000","ESTIMADO","Regra bitola mm (1.5mm/2.5mm/4mm/6mm/10mm) + rolo 100m"
"FERRAGENS","ROLDANA PARA TRILHO","ROLDANA TRILHO ALIANCA CHAPEU REF: 12447","Roldana Trilho Alianca Chapeu","indisponível","indisponível","indisponível","UN (EMB: 20)","47.22","47.2200","ESTIMADO","Média categoria FERRAGENS + fator variação SKU"
"FERRAGENS","SACO ENTULHO","SACO P/ ENTULHO 50KG REF: 14291","P Entulho 50kg","indisponível","indisponível","indisponível","UN (EMB: 5)","70.85","70.8500","ESTIMADO","Média categoria FERRAGENS + fator variação SKU"
"FERRAGENS","SELANTE PU40 BARONE","SELANTE PU40 BARONE BR 400GR REF: 13202","Selante Pu40 400gr","Barone","indisponível","indisponível","UN (EMB: 12)","21.85","21.8500","ESTIMADO","Média categoria FERRAGENS + fator variação SKU"
"FERRAGENS","SELANTE PU40 BARONE","SELANTE PU40 BARONE CZ 400GR REF: 13203","Selante Pu40 400gr","Barone","indisponível","indisponível","UN (EMB: 12)","22.86","22.8600","ESTIMADO","Média categoria FERRAGENS + fator variação SKU"
"FERRAGENS","SELANTE PU40 BARONE","SELANTE PU40 BARONE PT 400GR REF: 13204","Selante Pu40 400gr","Barone","indisponível","indisponível","UN (EMB: 12)","23.87","23.8700","ESTIMADO","Média categoria FERRAGENS + fator variação SKU"
"FERRAGENS","SELANTE PU40 CIBRA","SELANTE PU40 CIBRA BR 400GR REF: 14156","Selante Pu40 400gr","Cibra","indisponível","indisponível","UN (EMB: 12)","66.48","66.4800","ESTIMADO","Média categoria FERRAGENS + fator variação SKU"
"FERRAGENS","SELANTE PU40FIX TEKBOND","SELANTE PU40FIX TEKBOND BR 387GR REF: 10664","Selante Pu40fix 387gr","Tekbond","indisponível","indisponível","UN (EMB: 12)","19.21","19.2100","ESTIMADO","Média categoria FERRAGENS + fator variação SKU"
"FERRAGENS","SELANTE PU40FIX TEKBOND","SELANTE PU40FIX TEKBOND CZ 387GR REF: 10665","Selante Pu40fix 387gr","Tekbond","indisponível","indisponível","UN (EMB: 12)","20.22","20.2200","ESTIMADO","Média categoria FERRAGENS + fator variação SKU"
"FERRAGENS","SELANTE PU40FIX TEKBOND","SELANTE PU40FIX TEKBOND PT 387GR REF: 15164","Selante Pu40fix 387gr","Tekbond","indisponível","indisponível","UN (EMB: 12)","33.67","33.6700","ESTIMADO","Média categoria FERRAGENS + fator variação SKU"
"FERRAGENS","SILICONE ACÉTICO","SILICONE ACETICO TEKBOND BRANCO BLISTER 50GR REF: 10656","Silicone Acetico Blister 50gr","Tekbond","indisponível","indisponível","UN (EMB: 12)","76.13","76.1300","ESTIMADO","Média categoria FERRAGENS + fator variação SKU"
"FERRAGENS","SILICONE ACÉTICO","SILICONE ACETICO TEKBOND INCOLOR BLISTER 50GR REF: 10657","Silicone Acetico Incolor Blister 50gr","Tekbond","indisponível","indisponível","UN (EMB: 12)","77.14","77.1400","ESTIMADO","Média categoria FERRAGENS + fator variação SKU"
"FERRAGENS","SILICONE ACÉTICO","SILICONE ACETICO TEKBOND INCOLOR S/BLISTER 50GR REF: 10658","Silicone Acetico Incolor S Blister 50gr","Tekbond","indisponível","indisponível","UN (EMB: 24)","78.15","78.1500","ESTIMADO","Média categoria FERRAGENS + fator variação SKU"
"FERRAGENS","SILICONE ACÉTICO BARONE","SILICONE ACETICO BARONE INCOLOR 253GR REF: 13270","Silicone Acetico Incolor 253gr","Barone","indisponível","indisponível","UN (EMB: 24)","24.54","24.5400","ESTIMADO","Média categoria FERRAGENS + fator variação SKU"
"FERRAGENS","SILICONE ALTA TEMPERATURA","SILICONE AC ALTA TEMP TEKBOND PT BLIST 50GR REF: 14895","Silicone Ac Alta Temp Blist 50gr","Tekbond","indisponível","indisponível","UN (EMB: 1)","24.95","24.9500","ESTIMADO","Média categoria FERRAGENS + fator variação SKU"
"FERRAGENS","SILICONE BASE ÁGUA","SILICONE BASE AGUA TEKBOND BR 305GR REF: 12184","Silicone Base Agua 305gr","Tekbond","indisponível","indisponível","UN (EMB: 12)","43.57","43.5700","ESTIMADO","Média categoria FERRAGENS + fator variação SKU"
"FERRAGENS","SUPORTE TV","SUPORTE TV FIXO UNIV PIX 10/85 REF: 14517","Suporte Tv Fixo Univ Pix","indisponível","10/85","indisponível","UN (EMB: 1)","37.13","37.1300","ESTIMADO","Média categoria FERRAGENS + fator variação SKU"
"FERRAGENS","TRANQUETA","TRANQUETA P/ POSTIGO ALIANCA 2N REF: 12446","Tranqueta P Postigo Alianca 2n","indisponível","indisponível","indisponível","UN (EMB: 20)","46.21","46.2100","ESTIMADO","Média categoria FERRAGENS + fator variação SKU"
"FERRAGENS","TRAVA SEGURANÇA","TRAVA QUAD ALIANCA COLONIAL REF: 12452","Trava Quad Alianca Colonial","indisponível","indisponível","indisponível","CJ (EMB: 25)","52.27","52.2700","ESTIMADO","Média categoria FERRAGENS + fator variação SKU"
"FERRAGENS","TRAVA SEGURANÇA","TRAVA QUAD ALIANCA CR REF: 12453","Trava Quad Alianca Cr","indisponível","indisponível","indisponível","CJ (EMB: 25)","53.28","53.2800","ESTIMADO","Média categoria FERRAGENS + fator variação SKU"
"FERRAGENS","VARAL CHÃO","VARAL CHAO MOR C/ ABAS SLIM 1,44CM BR REF: 13185","Varal Chao Mor C Abas Slim 1 44cm","indisponível","indisponível","indisponível","UN (EMB: 10)","69.68","69.6800","ESTIMADO","Média categoria FERRAGENS + fator variação SKU"
"FERRAGENS","VASELINA","VASELINA SPRAY ETANIZ 300ML REF: 14556","Vaselina Spray Etaniz 300ml","indisponível","indisponível","indisponível","UN (EMB: 6)","75.53","75.5300","ESTIMADO","Média categoria FERRAGENS + fator variação SKU"
"FERRAGENS","VASSOURA DOMÉSTICA","VASSOURA ROMA PISOS DELICADOS C/CABO REF: 15257","Vassoura Roma Pisos Delicados C Cabo","indisponível","indisponível","indisponível","UN (EMB: 1)","187.80","187.8000","ESTIMADO","Regra bitola mm (1.5mm/2.5mm/4mm/6mm/10mm) + rolo 100m"
"FERRAGENS","VASSOURA DOMÉSTICA","VASSOURA ROMA USO EXTERNO C/CABO REF: 15255","Vassoura Roma Uso Externo C Cabo","indisponível","indisponível","indisponível","UN (EMB: 1)","187.00","187.0000","ESTIMADO","Regra bitola mm (1.5mm/2.5mm/4mm/6mm/10mm) + rolo 100m"
"FERRAGENS","VASSOURA DOMÉSTICA","VASSOURA ROMA VARRE FACIL C/CABO REF: 15256","Vassoura Roma Varre Facil C Cabo","indisponível","indisponível","indisponível","UN (EMB: 1)","187.40","187.4000","ESTIMADO","Regra bitola mm (1.5mm/2.5mm/4mm/6mm/10mm) + rolo 100m"
"FERRAGENS","VASSOURÃO GARI","VASSOURAO GARI ROMA C/CABO 38,5CM REF: 14391","Vassourao Gari Roma C Cabo 38 5cm","indisponível","indisponível","indisponível","UN (EMB: 1)","201.40","201.4000","ESTIMADO","Regra bitola mm (1.5mm/2.5mm/4mm/6mm/10mm) + rolo 100m"
"FERRAMENTAS","ABRAÇADEIRA NYLON BRANCA","ABRAC NYLON BR 3,6 X 200MM C/100 REF: 10600","Aac Br 3 6 X C 100","indisponível","200MM","indisponível","UN (EMB: 1)","7.72","7.7200","REAL","COTAÇÃO DIRETA PORTAL B2B (LOGIN + FILIAL ENTREGA)"
"FERRAMENTAS","ADAPTADOR SDS PLUS","ADAPTADOR P/ ENCAIXE SDS PLUS MTX 1/2 REF: 15464","Adaptador P Encaixe Sds Plus","Mtx","1/2","indisponível","UN (EMB: 1)","73.70","73.7000","ESTIMADO","Média categoria FERRAMENTAS + fator variação SKU"
"FERRAMENTAS","ALICATE BOMBA D'AGUA","ALICATE BOMBA D AGUA MTX 10 REF: 13330","Alicate Bomba D Agua 10","Mtx","indisponível","indisponível","UN (EMB: 60)","20.14","20.1400","ESTIMADO","Média categoria FERRAMENTAS + fator variação SKU"
"FERRAMENTAS","ALICATE BOMBA D'AGUA","ALICATE BOMBA D AGUA MTX 12 REF: 13331","Alicate Bomba D Agua 12","Mtx","indisponível","indisponível","UN (EMB: 60)","21.15","21.1500","ESTIMADO","Média categoria FERRAMENTAS + fator variação SKU"
"FERRAMENTAS","ALICATE BOMBA D'AGUA","ALICATE BOMBA D AGUA SPARTA 10 REF: 14801","Alicate Bomba D Agua 10","Sparta","indisponível","indisponível","UN (EMB: 1)","61.00","61.0000","ESTIMADO","Média categoria FERRAMENTAS + fator variação SKU"
"FERRAMENTAS","ALICATE BOMBA D'AGUA","ALICATE BOMBA D AGUA SPARTA 12 REF: 14802","Alicate Bomba D Agua 12","Sparta","indisponível","indisponível","UN (EMB: 1)","62.01","62.0100","ESTIMADO","Média categoria FERRAMENTAS + fator variação SKU"
"FERRAMENTAS","ALICATE CRIMPAR","ALICATE CRIMPAR COAXIAL FOXLUX RG6/RG59 REF: 14989","Alicate Crimpar Coaxial Foxlux Rg6 Rg59","indisponível","indisponível","indisponível","UN (EMB: 10)","53.90","53.9000","ESTIMADO","Média categoria FERRAMENTAS + fator variação SKU"
"FERRAMENTAS","ALICATE DE BICO","ALICATE BICO CHATO MTX 6 REF: 13329","Alicate Bico Chato 6","Mtx","indisponível","indisponível","UN (EMB: 60)","19.13","19.1300","ESTIMADO","Média categoria FERRAMENTAS + fator variação SKU"
"FERRAMENTAS","ALICATE DE BICO","ALICATE BICO CHATO TRAMONTINA 6 REF: 13265","Alicate Bico Chato 6","Tramontina","indisponível","indisponível","UN (EMB: 5)","20.48","20.4800","ESTIMADO","Média categoria FERRAMENTAS + fator variação SKU"
"FERRAMENTAS","ALICATE DE CORTE","ALICATE CORTE DIAG MTX 6 REF: 13332","Alicate Corte Diag 6","Mtx","indisponível","indisponível","UN (EMB: 60)","22.16","22.1600","ESTIMADO","Média categoria FERRAMENTAS + fator variação SKU"
"FERRAMENTAS","ALICATE DE CORTE","ALICATE CORTE DIAG TRAMONTINA 6 REF: 13264","Alicate Corte Diag 6","Tramontina","indisponível","indisponível","UN (EMB: 12)","19.47","19.4700","ESTIMADO","Média categoria FERRAMENTAS + fator variação SKU"
"FERRAMENTAS","ALICATE NIVELADOR PISO","ALICATE NIV CORTAG PISO REF: 13221","Alicate Niv Cortag Piso","indisponível","indisponível","indisponível","UN (EMB: 3)","41.04","41.0400","ESTIMADO","Média categoria FERRAMENTAS + fator variação SKU"
"FERRAMENTAS","ALICATE PRESSÃO","ALICATE PRESSAO CURVO MTX 10 REF: 13333","Alicate Pressao Curvo 10","Mtx","indisponível","indisponível","UN (EMB: 60)","23.17","23.1700","ESTIMADO","Média categoria FERRAMENTAS + fator variação SKU"
"FERRAMENTAS","ALICATE PRESSÃO","ALICATE PRESSAO RETO MTX 10 REF: 15473","Alicate Pressao Reto 10","Mtx","indisponível","indisponível","UN (EMB: 1)","17.79","17.7900","ESTIMADO","Média categoria FERRAMENTAS + fator variação SKU"
"FERRAMENTAS","ALICATE REBITADOR","ALICATE REBITADOR MTX 4 BICOS 22,5CM REF: 14794","Alicate Rebitador 4 Bicos 22 5cm","Mtx","indisponível","indisponível","UN (EMB: 1)","53.93","53.9300","ESTIMADO","Média categoria FERRAMENTAS + fator variação SKU"
"FERRAMENTAS","ALICATE UNIVERSAL","ALICATE UNIV MTX 8 REF: 13334","Alicate Univ 8","Mtx","indisponível","indisponível","UN (EMB: 60)","24.18","24.1800","ESTIMADO","Média categoria FERRAMENTAS + fator variação SKU"
"FERRAMENTAS","ALICATE UNIVERSAL","ALICATE UNIV TRAMONTINA 8 MASTER REF: 11153","Alicate Univ 8 Master","Tramontina","indisponível","indisponível","UN (EMB: 12)","25.14","25.1400","ESTIMADO","Média categoria FERRAMENTAS + fator variação SKU"
"FERRAMENTAS","ALICATE UNIVERSAL","ALICATE UNIV TRAMONTINA 8 REF: 11153","Alicate Univ 8","Tramontina","indisponível","indisponível","UN (EMB: 12)","53.15","53.1500","ESTIMADO","Média categoria FERRAMENTAS + fator variação SKU"
"FERRAMENTAS","APLICADOR DE SILICONE","APLICADOR SILICONE REFOR SPARTA REF: 14803","Aplicador Silicone Refor","Sparta","indisponível","indisponível","UN (EMB: 1)","63.02","63.0200","ESTIMADO","Média categoria FERRAMENTAS + fator variação SKU"
"FERRAMENTAS","ARCO DE SERRA","ARCO DE SERRA AJUSTAVEL SPARTA REF: 13335","Arco De Serra Ajustavel","Sparta","indisponível","indisponível","UN (EMB: 48)","25.19","25.1900","ESTIMADO","Média categoria FERRAMENTAS + fator variação SKU"
"FERRAMENTAS","ARCO DE SERRA","ARCO DE SERRA CABO METAL SPARTA 20-30CM REF: 14784","Arco De Serra Cabo Metal 20 30cm","Sparta","indisponível","indisponível","UN (EMB: 1)","198.60","198.6000","ESTIMADO","Regra bitola mm (1.5mm/2.5mm/4mm/6mm/10mm) + rolo 100m"
"FERRAMENTAS","BROCA AÇO MOURÃO","BROCA MOURAO ACO CARB IRWIN A 1/4 REF: 14834","Broca Mourao Aco Carb A","Irwin","1/4","indisponível","UN (EMB: 6)","29.33","29.3300","ESTIMADO","Média categoria FERRAMENTAS + fator variação SKU"
"FERRAMENTAS","BROCA AÇO MOURÃO","BROCA MOURAO ACO CARB IRWIN B 9/32 REF: 14835","Broca Mourao Aco Carb B","Irwin","9/32","indisponível","UN (EMB: 6)","30.34","30.3400","ESTIMADO","Média categoria FERRAMENTAS + fator variação SKU"
"FERRAMENTAS","BROCA AÇO MOURÃO","BROCA MOURAO ACO CARB IRWIN D 5/16 REF: 14836","Broca Mourao Aco Carb D","Irwin","5/16","indisponível","UN (EMB: 6)","31.35","31.3500","ESTIMADO","Média categoria FERRAMENTAS + fator variação SKU"
"FERRAMENTAS","BROCA AÇO MOURÃO","BROCA MOURAO ACO CARB IRWIN E 3/8 REF: 14837","Broca Mourao Aco Carb E","Irwin","3/8","indisponível","UN (EMB: 6)","32.36","32.3600","ESTIMADO","Média categoria FERRAMENTAS + fator variação SKU"
"FERRAMENTAS","BROCA AÇO RAPIDO","BROCA ACO RAPIDO CORTAG 10,0MM REF: 13919","Broca Aco Rapido Cortag","indisponível","10,0MM","indisponível","UN (EMB: 5)","24.09","24.0900","ESTIMADO","Média categoria FERRAMENTAS + fator variação SKU"
"FERRAMENTAS","BROCA AÇO RAPIDO","BROCA ACO RAPIDO CORTAG 3,0MM REF: 13586","Broca Aco Rapido Cortag","indisponível","3,0MM","indisponível","UN (EMB: 10)","15.73","15.7300","ESTIMADO","Média categoria FERRAMENTAS + fator variação SKU"
"FERRAMENTAS","BROCA AÇO RAPIDO","BROCA ACO RAPIDO CORTAG 4,0MM REF: 13588","Broca Aco Rapido Cortag","indisponível","4,0MM","indisponível","UN (EMB: 10)","17.75","17.7500","ESTIMADO","Média categoria FERRAMENTAS + fator variação SKU"
"FERRAMENTAS","BROCA AÇO RAPIDO","BROCA ACO RAPIDO CORTAG 5,0MM REF: 13589","Broca Aco Rapido Cortag","indisponível","5,0MM","indisponível","UN (EMB: 10)","18.76","18.7600","ESTIMADO","Média categoria FERRAMENTAS + fator variação SKU"
"FERRAMENTAS","BROCA AÇO RAPIDO","BROCA ACO RAPIDO CORTAG 6,0MM REF: 13590","Broca Aco Rapido Cortag","indisponível","6,0MM","indisponível","UN (EMB: 10)","19.77","19.7700","ESTIMADO","Média categoria FERRAMENTAS + fator variação SKU"
"FERRAMENTAS","BROCA AÇO RAPIDO","BROCA ACO RAPIDO CORTAG 8,0MM REF: 13591","Broca Aco Rapido Cortag","indisponível","8,0MM","indisponível","UN (EMB: 10)","20.78","20.7800","ESTIMADO","Média categoria FERRAMENTAS + fator variação SKU"
"FERRAMENTAS","BROCA AÇO RAPIDO","BROCA ACO RAPIDO IRWIN 1/8 REF: 11199","Broca Aco Rapido","Irwin","1/8","indisponível","UN (EMB: 10)","33.62","33.6200","ESTIMADO","Média categoria FERRAMENTAS + fator variação SKU"
"FERRAMENTAS","BROCA AÇO RAPIDO","BROCA ACO RAPIDO IRWIN 10MM REF: 11217","Broca Aco Rapido","Irwin","10MM","indisponível","UN (EMB: 5)","51.80","51.8000","ESTIMADO","Média categoria FERRAMENTAS + fator variação SKU"
"FERRAMENTAS","BROCA AÇO RAPIDO","BROCA ACO RAPIDO IRWIN 11/64 REF: 11202","Broca Aco Rapido","Irwin","11/64","indisponível","UN (EMB: 10)","36.65","36.6500","ESTIMADO","Média categoria FERRAMENTAS + fator variação SKU"
"FERRAMENTAS","BROCA AÇO RAPIDO","BROCA ACO RAPIDO IRWIN 3/16 REF: 11203","Broca Aco Rapido","Irwin","3/16","indisponível","UN (EMB: 10)","37.66","37.6600","ESTIMADO","Média categoria FERRAMENTAS + fator variação SKU"
"FERRAMENTAS","BROCA AÇO RAPIDO","BROCA ACO RAPIDO IRWIN 3/32 REF: 11197","Broca Aco Rapido","Irwin","3/32","indisponível","UN (EMB: 10)","31.60","31.6000","ESTIMADO","Média categoria FERRAMENTAS + fator variação SKU"
"FERRAMENTAS","BROCA AÇO RAPIDO","BROCA ACO RAPIDO IRWIN 3/8 REF: 11198","Broca Aco Rapido","Irwin","3/8","indisponível","UN (EMB: 5)","32.61","32.6100","ESTIMADO","Média categoria FERRAMENTAS + fator variação SKU"
"FERRAMENTAS","BROCA AÇO RAPIDO","BROCA ACO RAPIDO IRWIN 5,0MM REF: 11212","Broca Aco Rapido","Irwin","5,0MM","indisponível","UN (EMB: 10)","46.75","46.7500","ESTIMADO","Média categoria FERRAMENTAS + fator variação SKU"
"FERRAMENTAS","BROCA AÇO RAPIDO","BROCA ACO RAPIDO IRWIN 5,5MM REF: 11213","Broca Aco Rapido","Irwin","5,5MM","indisponível","UN (EMB: 10)","47.76","47.7600","ESTIMADO","Média categoria FERRAMENTAS + fator variação SKU"
"FERRAMENTAS","BROCA AÇO RAPIDO","BROCA ACO RAPIDO IRWIN 5/32 REF: 11201","Broca Aco Rapido","Irwin","5/32","indisponível","UN (EMB: 10)","35.64","35.6400","ESTIMADO","Média categoria FERRAMENTAS + fator variação SKU"
"FERRAMENTAS","BROCA AÇO RAPIDO","BROCA ACO RAPIDO IRWIN 6,0MM REF: 11214","Broca Aco Rapido","Irwin","6,0MM","indisponível","UN (EMB: 10)","48.77","48.7700","ESTIMADO","Média categoria FERRAMENTAS + fator variação SKU"
"FERRAMENTAS","BROCA AÇO RAPIDO","BROCA ACO RAPIDO MTX 1,0MM C/10 REF: 15450","Broca Aco Rapido C 10","Mtx","1,0MM","indisponível","UN (EMB: 1)","59.56","59.5600","ESTIMADO","Média categoria FERRAMENTAS + fator variação SKU"
"FERRAMENTAS","BROCA AÇO RAPIDO","BROCA ACO RAPIDO MTX 1,5MM C/10 REF: 15451","Broca Aco Rapido C 10","Mtx","1,5MM","indisponível","UN (EMB: 1)","60.57","60.5700","ESTIMADO","Média categoria FERRAMENTAS + fator variação SKU"
"FERRAMENTAS","BROCA AÇO RAPIDO","BROCA ACO RAPIDO MTX 10MM C/10 REF: 15474","Broca Aco Rapido C 10","Mtx","10MM","indisponível","UN (EMB: 1)","18.80","18.8000","ESTIMADO","Média categoria FERRAMENTAS + fator variação SKU"
"FERRAMENTAS","BROCA AÇO RAPIDO","BROCA ACO RAPIDO MTX 12MM C/5 REF: 15475","Broca Aco Rapido C 5","Mtx","12MM","indisponível","UN (EMB: 1)","19.81","19.8100","ESTIMADO","Média categoria FERRAMENTAS + fator variação SKU"
"FERRAMENTAS","BROCA AÇO RAPIDO","BROCA ACO RAPIDO MTX 2,0MM C/10 REF: 15452","Broca Aco Rapido C 10","Mtx","2,0MM","indisponível","UN (EMB: 1)","61.58","61.5800","ESTIMADO","Média categoria FERRAMENTAS + fator variação SKU"
"FERRAMENTAS","BROCA AÇO RAPIDO","BROCA ACO RAPIDO MTX 3,0MM C/10 REF: 15453","Broca Aco Rapido C 10","Mtx","3,0MM","indisponível","UN (EMB: 1)","62.59","62.5900","ESTIMADO","Média categoria FERRAMENTAS + fator variação SKU"
"FERRAMENTAS","BROCA AÇO RAPIDO","BROCA ACO RAPIDO MTX 4,0MM C/10 REF: 15454","Broca Aco Rapido C 10","Mtx","4,0MM","indisponível","UN (EMB: 1)","63.60","63.6000","ESTIMADO","Média categoria FERRAMENTAS + fator variação SKU"
"FERRAMENTAS","BROCA AÇO RAPIDO","BROCA ACO RAPIDO MTX 5,0MM C/10 REF: 15455","Broca Aco Rapido C 10","Mtx","5,0MM","indisponível","UN (EMB: 1)","64.61","64.6100","ESTIMADO","Média categoria FERRAMENTAS + fator variação SKU"
"FERRAMENTAS","BROCA AÇO RAPIDO","BROCA ACO RAPIDO MTX 6,0MM C/10 REF: 15456","Broca Aco Rapido C 10","Mtx","6,0MM","indisponível","UN (EMB: 1)","65.62","65.6200","ESTIMADO","Média categoria FERRAMENTAS + fator variação SKU"
"FERRAMENTAS","BROCA AÇO RAPIDO","BROCA ACO RAPIDO MTX 8,0MM C/10 REF: 15457","Broca Aco Rapido C 10","Mtx","8,0MM","indisponível","UN (EMB: 1)","66.63","66.6300","ESTIMADO","Média categoria FERRAMENTAS + fator variação SKU"
"FERRAMENTAS","BROCA CHATA MADEIRA","BROCA CHATA MADEIRA IRWIN 1/2 REF: 11256","Broca Chata Madeira","Irwin","1/2","indisponível","UN (EMB: 6)","26.19","26.1900","ESTIMADO","Média categoria FERRAMENTAS + fator variação SKU"
"FERRAMENTAS","BROCA CHATA MADEIRA","BROCA CHATA MADEIRA IRWIN 1/4 REF: 11218","Broca Chata Madeira","Irwin","1/4","indisponível","UN (EMB: 6)","52.81","52.8100","ESTIMADO","Média categoria FERRAMENTAS + fator variação SKU"
"FERRAMENTAS","BROCA CHATA MADEIRA","BROCA CHATA MADEIRA IRWIN 3/8 REF: 11257","Broca Chata Madeira","Irwin","3/8","indisponível","UN (EMB: 6)","27.20","27.2000","ESTIMADO","Média categoria FERRAMENTAS + fator variação SKU"
"FERRAMENTAS","BROCA CONCRETO SDS","BROCA CONCRETO MTX SDS PLUS 10 X 160MM REF: 14364","Broca Concreto Sds Plus 10 X","Mtx","160MM","indisponível","UN (EMB: 1)","78.59","78.5900","ESTIMADO","Média categoria FERRAMENTAS + fator variação SKU"
"FERRAMENTAS","BROCA CONCRETO SDS","BROCA CONCRETO MTX SDS PLUS 10 X 210MM REF: 14368","Broca Concreto Sds Plus 10 X","Mtx","210MM","indisponível","UN (EMB: 1)","17.63","17.6300","ESTIMADO","Média categoria FERRAMENTAS + fator variação SKU"
"FERRAMENTAS","BROCA CONCRETO SDS","BROCA CONCRETO MTX SDS PLUS 12 X 160MM REF: 14365","Broca Concreto Sds Plus 12 X","Mtx","160MM","indisponível","UN (EMB: 1)","14.60","14.6000","ESTIMADO","Média categoria FERRAMENTAS + fator variação SKU"
"FERRAMENTAS","BROCA CONCRETO SDS","BROCA CONCRETO MTX SDS PLUS 12 X 210MM REF: 14369","Broca Concreto Sds Plus 12 X","Mtx","210MM","indisponível","UN (EMB: 1)","18.64","18.6400","ESTIMADO","Média categoria FERRAMENTAS + fator variação SKU"
"FERRAMENTAS","BROCA CONCRETO SDS","BROCA CONCRETO MTX SDS PLUS 6 X 160MM REF: 14362","Broca Concreto Sds Plus 6 X","Mtx","160MM","indisponível","UN (EMB: 1)","76.57","76.5700","ESTIMADO","Média categoria FERRAMENTAS + fator variação SKU"
"FERRAMENTAS","BROCA CONCRETO SDS","BROCA CONCRETO MTX SDS PLUS 6 X 210MM REF: 14366","Broca Concreto Sds Plus 6 X","Mtx","210MM","indisponível","UN (EMB: 1)","15.61","15.6100","ESTIMADO","Média categoria FERRAMENTAS + fator variação SKU"
"FERRAMENTAS","BROCA CONCRETO SDS","BROCA CONCRETO MTX SDS PLUS 8 X 210MM REF: 14367","Broca Concreto Sds Plus 8 X","Mtx","210MM","indisponível","UN (EMB: 1)","16.62","16.6200","ESTIMADO","Média categoria FERRAMENTAS + fator variação SKU"
"FERRAMENTAS","BROCA ESCALONADA","BROCA ESCALONADA ACO RAPIDO MTX 4 -12MM REF: 15459","Broca Escalonada Aco Rapido 4","Mtx","12MM","indisponível","UN (EMB: 1)","68.65","68.6500","ESTIMADO","Média categoria FERRAMENTAS + fator variação SKU"
"FERRAMENTAS","BROCA ESCALONADA","BROCA ESCALONADA ACO RAPIDO MTX 4 -32MM REF: 15460","Broca Escalonada Aco Rapido 4","Mtx","32MM","indisponível","UN (EMB: 1)","69.66","69.6600","ESTIMADO","Média categoria FERRAMENTAS + fator variação SKU"
"FERRAMENTAS","BROCA VIDEA CONCRETO","BROCA VIDEA CONCRETO CORTAG 10,0MM 13/32 REF: 13917","Broca Videa Concreto Cortag 13 32","indisponível","10,0MM","indisponível","UN (EMB: 5)","22.07","22.0700","ESTIMADO","Média categoria FERRAMENTAS + fator variação SKU"
"FERRAMENTAS","BROCA VIDEA CONCRETO","BROCA VIDEA CONCRETO CORTAG 12,0MM 15/32 REF: 13918","Broca Videa Concreto Cortag 15 32","indisponível","12,0MM","indisponível","UN (EMB: 5)","23.08","23.0800","ESTIMADO","Média categoria FERRAMENTAS + fator variação SKU"
"FERRAMENTAS","BROCA VIDEA CONCRETO","BROCA VIDEA CONCRETO CORTAG 5,0MM 3/16 REF: 13583","Broca Videa Concreto Cortag 3 16","indisponível","5,0MM","indisponível","UN (EMB: 10)","77.70","77.7000","ESTIMADO","Média categoria FERRAMENTAS + fator variação SKU"
"FERRAMENTAS","BROCA VIDEA CONCRETO","BROCA VIDEA CONCRETO CORTAG 6,0MM 5/64 REF: 13584","Broca Videa Concreto Cortag 5 64","indisponível","6,0MM","indisponível","UN (EMB: 10)","78.71","78.7100","ESTIMADO","Média categoria FERRAMENTAS + fator variação SKU"
"FERRAMENTAS","BROCA VIDEA CONCRETO","BROCA VIDEA CONCRETO CORTAG 8,0MM 5/16 REF: 13585","Broca Videa Concreto Cortag 5 16","indisponível","8,0MM","indisponível","UN (EMB: 5)","14.72","14.7200","ESTIMADO","Média categoria FERRAMENTAS + fator variação SKU"
"FERRAMENTAS","BROCA VIDEA CONCRETO","BROCA VIDEA CONCRETO IRWIN 10MM 13/32 REF: 11225","Broca Videa Concreto 13 32","Irwin","10MM","indisponível","UN (EMB: 5)","59.88","59.8800","ESTIMADO","Média categoria FERRAMENTAS + fator variação SKU"
"FERRAMENTAS","BROCA VIDEA CONCRETO","BROCA VIDEA CONCRETO IRWIN 13MM 1/2 REF: 11226","Broca Videa Concreto 1 2","Irwin","13MM","indisponível","UN (EMB: 5)","60.89","60.8900","ESTIMADO","Média categoria FERRAMENTAS + fator variação SKU"
"FERRAMENTAS","BROCA VIDEA CONCRETO","BROCA VIDEA CONCRETO IRWIN 4,0MM 5/32 REF: 11219","Broca Videa Concreto 5 32","Irwin","4,0MM","indisponível","UN (EMB: 10)","53.82","53.8200","ESTIMADO","Média categoria FERRAMENTAS + fator variação SKU"
"FERRAMENTAS","BROCA VIDEA CONCRETO","BROCA VIDEA CONCRETO IRWIN 5,0MM 3/16 REF: 11220","Broca Videa Concreto 3 16","Irwin","5,0MM","indisponível","UN (EMB: 10)","54.83","54.8300","ESTIMADO","Média categoria FERRAMENTAS + fator variação SKU"
"FERRAMENTAS","BROCA VIDEA CONCRETO","BROCA VIDEA CONCRETO IRWIN 9,5MM 3/8 REF: 11224","Broca Videa Concreto 3 8","Irwin","9,5MM","indisponível","UN (EMB: 5)","58.87","58.8700","ESTIMADO","Média categoria FERRAMENTAS + fator variação SKU"
"FERRAMENTAS","BROCA VIDEA CONCRETO","BROCA VIDEA EXTRA LONGA IRWIN 10,0MM 13/32 REF: 14580","Broca Videa Extra Longa 13 32","Irwin","10,0MM","indisponível","UN (EMB: 1)","34.77","34.7700","ESTIMADO","Média categoria FERRAMENTAS + fator variação SKU"
"FERRAMENTAS","BROCA VIDEA CONCRETO","BROCA VIDEA EXTRA LONGA IRWIN 12,0MM 15/32 REF: 14579","Broca Videa Extra Longa 15 32","Irwin","12,0MM","indisponível","UN (EMB: 1)","33.76","33.7600","ESTIMADO","Média categoria FERRAMENTAS + fator variação SKU"
"FERRAMENTAS","CABO MADEIRA","CABO MADEIRA CAVADEIRA 1,45M REF: 14343","Cabo Madeira Cavadeira","indisponível","indisponível","1,45M","UN (EMB: 12)","182.20","182.2000","ESTIMADO","Regra bitola mm (1.5mm/2.5mm/4mm/6mm/10mm) + rolo 100m"
"FERRAMENTAS","CABO MADEIRA","CABO MADEIRA ENXADA C/ CUNHA 1,45M REF: 14292","Cabo Madeira Enxada C Cunha","indisponível","indisponível","1,45M","UN (EMB: 1)","201.80","201.8000","ESTIMADO","Regra bitola mm (1.5mm/2.5mm/4mm/6mm/10mm) + rolo 100m"
"FERRAMENTAS","CABO MADEIRA","CABO MADEIRA PICARETA 90CM REF: 14341","Cabo Madeira Picareta 90cm","indisponível","indisponível","indisponível","UN (EMB: 12)","181.40","181.4000","ESTIMADO","Regra bitola mm (1.5mm/2.5mm/4mm/6mm/10mm) + rolo 100m"
"FERRAMENTAS","CAIXA DE FERRAMENTAS","CAIXA DE FERRAMENTAS C/ BANDEJA ROMA 16,5 POL REF: 14582","De Ferramentas C Bandeja Roma","indisponível","16,5 POL","indisponível","UN (EMB: 1)","36.79","36.7900","ESTIMADO","Média categoria FERRAMENTAS + fator variação SKU"
"FERRAMENTAS","CAMARA AR PNEU","CAMARA DE AR 3,25X8 COLSON CARRINHO REF: 12963","Camara De Ar 3 Colson Carrinho","indisponível","25X8","indisponível","UN (EMB: 1)","43.43","43.4300","ESTIMADO","Média categoria FERRAMENTAS + fator variação SKU"
"FERRAMENTAS","CAMARA AR PNEU","CAMARA DE AR 3,5X8 COLSON CARRINHO REF: 12962","Camara De Ar 3 Colson Carrinho","indisponível","5X8","indisponível","UN (EMB: 1)","42.42","42.4200","ESTIMADO","Média categoria FERRAMENTAS + fator variação SKU"
"FERRAMENTAS","CARRETEL DE LINHA","CARRETEL DE LINHA MTX 30M C/GIZ VM DRYWALL REF: 13582","Carretel De Linha C Giz Drywall","Mtx","indisponível","30M","UN (EMB: 1)","76.69","76.6900","ESTIMADO","Média categoria FERRAMENTAS + fator variação SKU"
"FERRAMENTAS","CARRINHO DE PEDREIRO","CARRINHO DE MÃO ESFERA EXPORT 45 LTS CH 24 PRATA","Carrinho De Mão Esfera Export 45 Lts Ch 24 Prata","indisponível","indisponível","indisponível","UN (EMB: 1)","36.61","36.6100","ESTIMADO","Média categoria FERRAMENTAS + fator variação SKU"
"FERRAMENTAS","CARRINHO DE PEDREIRO","CARRINHO DE MÃO ESFERA EXTRA FORTE  60 LTS CH 20","Carrinho De Mão Esfera Extra Forte 60 Lts Ch 20","indisponível","indisponível","indisponível","UN (EMB: 1)","35.60","35.6000","ESTIMADO","Média categoria FERRAMENTAS + fator variação SKU"
"FERRAMENTAS","CARRINHO DE PEDREIRO","CARRINHO DE MÃO ESFERA SOFT BLACK 45 LTS CH 26 CHUMBO","Carrinho De Mão Esfera Soft Black 45 Lts Ch 26 Chumbo","indisponível","indisponível","indisponível","UN (EMB: 1)","34.59","34.5900","ESTIMADO","Média categoria FERRAMENTAS + fator variação SKU"
"FERRAMENTAS","CARRINHO DE PEDREIRO","CARRINHO PEDR TRAMONTINA CACAMBA RED AZUL 50L REF: 11148","Carrinho Pedr Cacamba Red 50l","Tramontina","indisponível","indisponível","UN (EMB: 1)","48.10","48.1000","ESTIMADO","Média categoria FERRAMENTAS + fator variação SKU"
"FERRAMENTAS","CAVADEIRA","CAVADEIRA TRAMONTINA ARTICULADA C/CABO 1,28M REF: 13252","Cavadeira Articulada C Cabo","Tramontina","indisponível","1,28M","UN (EMB: 195)","185.80","185.8000","ESTIMADO","Regra bitola mm (1.5mm/2.5mm/4mm/6mm/10mm) + rolo 100m"
"FERRAMENTAS","CAVADEIRA","CAVADEIRA TRAMONTINA RETA C/CABO METALICO 1,20M REF: 14441","Cavadeira Reta C Cabo Metalico","Tramontina","indisponível","1,20M","UN (EMB: 1)","181.40","181.4000","ESTIMADO","Regra bitola mm (1.5mm/2.5mm/4mm/6mm/10mm) + rolo 100m"
"FERRAMENTAS","CHAVE ALLEN JOGO","JOGO DE CHAVE ALLEN CURTA CRV MTX 1,5-10MM 9 PCS REF: 13394","Jogo De Chave Allen Curta Crv 1 5 9 Pcs","Mtx","10MM","indisponível","UN (EMB: 48)","18.79","18.7900","ESTIMADO","Média categoria FERRAMENTAS + fator variação SKU"
"FERRAMENTAS","CHAVE ALLEN JOGO","JOGO DE CHAVE ALLEN CURTA CRV SPARTA  1,5 - 10MM 10 PCS REF: 14533","Jogo De Chave Allen Curta Crv 1 5 10 Pcs","Sparta","10MM","indisponível","UN (EMB: 1)","53.29","53.2900","ESTIMADO","Média categoria FERRAMENTAS + fator variação SKU"
"FERRAMENTAS","CHAVE ALLEN JOGO","JOGO DE CHAVE ALLEN LONGA CRV MTX 1,5-10MM 9 PCS REF: 13395","Jogo De Chave Allen Longa Crv 1 5 9 Pcs","Mtx","10MM","indisponível","UN (EMB: 48)","19.80","19.8000","ESTIMADO","Média categoria FERRAMENTAS + fator variação SKU"
"FERRAMENTAS","CHAVE COMBINADA","CHAVE COMBINADA CRV MTX 10MM REF: 13568","Chave Combinada Crv","Mtx","10MM","indisponível","UN (EMB: 1)","62.55","62.5500","ESTIMADO","Média categoria FERRAMENTAS + fator variação SKU"
"FERRAMENTAS","CHAVE COMBINADA","CHAVE COMBINADA CRV MTX 12MM REF: 13570","Chave Combinada Crv","Mtx","12MM","indisponível","UN (EMB: 1)","64.57","64.5700","ESTIMADO","Média categoria FERRAMENTAS + fator variação SKU"
"FERRAMENTAS","CHAVE COMBINADA","CHAVE COMBINADA CRV MTX 13MM REF: 13571","Chave Combinada Crv","Mtx","13MM","indisponível","UN (EMB: 1)","65.58","65.5800","ESTIMADO","Média categoria FERRAMENTAS + fator variação SKU"
"FERRAMENTAS","CHAVE COMBINADA","CHAVE COMBINADA CRV MTX 15MM REF: 13573","Chave Combinada Crv","Mtx","15MM","indisponível","UN (EMB: 1)","67.60","67.6000","ESTIMADO","Média categoria FERRAMENTAS + fator variação SKU"
"FERRAMENTAS","CHAVE COMBINADA","CHAVE COMBINADA CRV MTX 17MM REF: 13574","Chave Combinada Crv","Mtx","17MM","indisponível","UN (EMB: 1)","68.61","68.6100","ESTIMADO","Média categoria FERRAMENTAS + fator variação SKU"
"FERRAMENTAS","CHAVE COMBINADA","CHAVE COMBINADA CRV MTX 20MM REF: 13576","Chave Combinada Crv","Mtx","20MM","indisponível","UN (EMB: 1)","70.63","70.6300","ESTIMADO","Média categoria FERRAMENTAS + fator variação SKU"
"FERRAMENTAS","CHAVE COMBINADA","CHAVE COMBINADA CRV MTX 22MM REF: 13577","Chave Combinada Crv","Mtx","22MM","indisponível","UN (EMB: 1)","71.64","71.6400","ESTIMADO","Média categoria FERRAMENTAS + fator variação SKU"
"FERRAMENTAS","CHAVE COMBINADA","CHAVE COMBINADA CRV MTX 24MM REF: 13578","Chave Combinada Crv","Mtx","24MM","indisponível","UN (EMB: 1)","72.65","72.6500","ESTIMADO","Média categoria FERRAMENTAS + fator variação SKU"
"FERRAMENTAS","CHAVE COMBINADA","CHAVE COMBINADA TRAMONTINA 06MM REF: 11154","Chave Combinada","Tramontina","06MM","indisponível","UN (EMB: 12)","54.16","54.1600","ESTIMADO","Média categoria FERRAMENTAS + fator variação SKU"
"FERRAMENTAS","CHAVE COMBINADA","CHAVE COMBINADA TRAMONTINA 07MM REF: 11155","Chave Combinada","Tramontina","07MM","indisponível","UN (EMB: 12)","55.17","55.1700","ESTIMADO","Média categoria FERRAMENTAS + fator variação SKU"
"FERRAMENTAS","CHAVE COMBINADA","CHAVE COMBINADA TRAMONTINA 08MM REF: 11156","Chave Combinada","Tramontina","08MM","indisponível","UN (EMB: 12)","56.18","56.1800","ESTIMADO","Média categoria FERRAMENTAS + fator variação SKU"
"FERRAMENTAS","CHAVE COMBINADA","CHAVE COMBINADA TRAMONTINA 09MM REF: 11157","Chave Combinada","Tramontina","09MM","indisponível","UN (EMB: 12)","57.19","57.1900","ESTIMADO","Média categoria FERRAMENTAS + fator variação SKU"
"FERRAMENTAS","CHAVE COMBINADA","CHAVE COMBINADA TRAMONTINA 10MM REF: 11158","Chave Combinada","Tramontina","10MM","indisponível","UN (EMB: 12)","58.20","58.2000","ESTIMADO","Média categoria FERRAMENTAS + fator variação SKU"
"FERRAMENTAS","CHAVE COMBINADA","CHAVE COMBINADA TRAMONTINA 11MM REF: 11159","Chave Combinada","Tramontina","11MM","indisponível","UN (EMB: 12)","59.21","59.2100","ESTIMADO","Média categoria FERRAMENTAS + fator variação SKU"
"FERRAMENTAS","CHAVE COMBINADA","CHAVE COMBINADA TRAMONTINA 12MM REF: 11160","Chave Combinada","Tramontina","12MM","indisponível","UN (EMB: 12)","60.22","60.2200","ESTIMADO","Média categoria FERRAMENTAS + fator variação SKU"
"FERRAMENTAS","CHAVE COMBINADA","CHAVE COMBINADA TRAMONTINA 13MM REF: 11161","Chave Combinada","Tramontina","13MM","indisponível","UN (EMB: 12)","61.23","61.2300","ESTIMADO","Média categoria FERRAMENTAS + fator variação SKU"
"FERRAMENTAS","CHAVE COMBINADA","CHAVE COMBINADA TRAMONTINA 14MM REF: 11162","Chave Combinada","Tramontina","14MM","indisponível","UN (EMB: 12)","62.24","62.2400","ESTIMADO","Média categoria FERRAMENTAS + fator variação SKU"
"FERRAMENTAS","CHAVE COMBINADA","CHAVE COMBINADA TRAMONTINA 15MM REF: 11163","Chave Combinada","Tramontina","15MM","indisponível","UN (EMB: 12)","63.25","63.2500","ESTIMADO","Média categoria FERRAMENTAS + fator variação SKU"
"FERRAMENTAS","CHAVE COMBINADA","CHAVE COMBINADA TRAMONTINA 16MM REF: 11164","Chave Combinada","Tramontina","16MM","indisponível","UN (EMB: 6)","64.26","64.2600","ESTIMADO","Média categoria FERRAMENTAS + fator variação SKU"
"FERRAMENTAS","CHAVE COMBINADA","CHAVE COMBINADA TRAMONTINA 17MM REF: 11165","Chave Combinada","Tramontina","17MM","indisponível","UN (EMB: 6)","65.27","65.2700","ESTIMADO","Média categoria FERRAMENTAS + fator variação SKU"
"FERRAMENTAS","CHAVE COMBINADA","CHAVE COMBINADA TRAMONTINA 18MM REF: 11166","Chave Combinada","Tramontina","18MM","indisponível","UN (EMB: 6)","66.28","66.2800","ESTIMADO","Média categoria FERRAMENTAS + fator variação SKU"
"FERRAMENTAS","CHAVE COMBINADA","CHAVE COMBINADA TRAMONTINA 19MM REF: 11167","Chave Combinada","Tramontina","19MM","indisponível","UN (EMB: 6)","67.29","67.2900","ESTIMADO","Média categoria FERRAMENTAS + fator variação SKU"
"FERRAMENTAS","CHAVE COMBINADA JOGO","JOGO DE CHAVE COMBINADA MTX CRV 6 - 17MM  6PCS REF: 15472","Jogo De Chave Combinada Crv 6 6pcs","Mtx","17MM","indisponível","UN (EMB: 1)","16.78","16.7800","ESTIMADO","Média categoria FERRAMENTAS + fator variação SKU"
"FERRAMENTAS","CHAVE DE FENDA","CHAVE DE FENDA CRV MTX 1/4 X 4 REF: 15434","Chave De Fenda Crv X 4","Mtx","1/4","indisponível","UN (EMB: 1)","44.39","44.3900","ESTIMADO","Média categoria FERRAMENTAS + fator variação SKU"
"FERRAMENTAS","CHAVE DE FENDA","CHAVE DE FENDA CRV MTX 1/4 X 6 REF: 15435","Chave De Fenda Crv X 6","Mtx","1/4","indisponível","UN (EMB: 1)","45.40","45.4000","ESTIMADO","Média categoria FERRAMENTAS + fator variação SKU"
"FERRAMENTAS","CHAVE DE FENDA","CHAVE DE FENDA CRV MTX 1/8 X 4 REF: 15431","Chave De Fenda Crv X 4","Mtx","1/8","indisponível","UN (EMB: 1)","41.36","41.3600","ESTIMADO","Média categoria FERRAMENTAS + fator variação SKU"
"FERRAMENTAS","CHAVE DE FENDA","CHAVE DE FENDA CRV MTX 1/8 X 5 REF: 15432","Chave De Fenda Crv X 5","Mtx","1/8","indisponível","UN (EMB: 1)","42.37","42.3700","ESTIMADO","Média categoria FERRAMENTAS + fator variação SKU"
"FERRAMENTAS","CHAVE DE FENDA","CHAVE DE FENDA CRV MTX 3/16 X 6 REF: 15433","Chave De Fenda Crv X 6","Mtx","3/16","indisponível","UN (EMB: 1)","43.38","43.3800","ESTIMADO","Média categoria FERRAMENTAS + fator variação SKU"
"FERRAMENTAS","CHAVE DE FENDA","CHAVE DE FENDA CRV MTX 3/8 X 6 REF: 15438","Chave De Fenda Crv X 6","Mtx","3/8","indisponível","UN (EMB: 1)","48.43","48.4300","ESTIMADO","Média categoria FERRAMENTAS + fator variação SKU"
"FERRAMENTAS","CHAVE DE FENDA","CHAVE DE FENDA CRV MTX 5/16 X 5 REF: 15436","Chave De Fenda Crv X 5","Mtx","5/16","indisponível","UN (EMB: 1)","46.41","46.4100","ESTIMADO","Média categoria FERRAMENTAS + fator variação SKU"
"FERRAMENTAS","CHAVE DE FENDA","CHAVE DE FENDA CRV MTX 5/16 X 6 REF: 15437","Chave De Fenda Crv X 6","Mtx","5/16","indisponível","UN (EMB: 1)","47.42","47.4200","ESTIMADO","Média categoria FERRAMENTAS + fator variação SKU"
"FERRAMENTAS","CHAVE DE FENDA","CHAVE DE FENDA TRAMONTINA 1/4X4 REF: 11177","Chave De Fenda 1","Tramontina","4X4","indisponível","UN (EMB: 12)","77.39","77.3900","ESTIMADO","Média categoria FERRAMENTAS + fator variação SKU"
"FERRAMENTAS","CHAVE DE FENDA","CHAVE DE FENDA TRAMONTINA 1/4X5 REF: 11178","Chave De Fenda 1","Tramontina","4X5","indisponível","UN (EMB: 12)","78.40","78.4000","ESTIMADO","Média categoria FERRAMENTAS + fator variação SKU"
"FERRAMENTAS","CHAVE DE FENDA","CHAVE DE FENDA TRAMONTINA 1/4X6 REF: 11179","Chave De Fenda 1","Tramontina","4X6","indisponível","UN (EMB: 12)","79.41","79.4100","ESTIMADO","Média categoria FERRAMENTAS + fator variação SKU"
"FERRAMENTAS","CHAVE DE FENDA","CHAVE DE FENDA TRAMONTINA 1/4X8 REF: 11180","Chave De Fenda 1","Tramontina","4X8","indisponível","UN (EMB: 12)","15.42","15.4200","ESTIMADO","Média categoria FERRAMENTAS + fator variação SKU"
"FERRAMENTAS","CHAVE DE FENDA","CHAVE DE FENDA TRAMONTINA 1/8X3 REF: 11171","Chave De Fenda 1","Tramontina","8X3","indisponível","UN (EMB: 12)","71.33","71.3300","ESTIMADO","Média categoria FERRAMENTAS + fator variação SKU"
"FERRAMENTAS","CHAVE DE FENDA","CHAVE DE FENDA TRAMONTINA 1/8X4 REF: 11172","Chave De Fenda 1","Tramontina","8X4","indisponível","UN (EMB: 12)","72.34","72.3400","ESTIMADO","Média categoria FERRAMENTAS + fator variação SKU"
"FERRAMENTAS","CHAVE DE FENDA","CHAVE DE FENDA TRAMONTINA 1/8X5 REF: 11173","Chave De Fenda 1","Tramontina","8X5","indisponível","UN (EMB: 12)","73.35","73.3500","ESTIMADO","Média categoria FERRAMENTAS + fator variação SKU"
"FERRAMENTAS","CHAVE DE FENDA","CHAVE DE FENDA TRAMONTINA 1/8X6 REF: 11174","Chave De Fenda 1","Tramontina","8X6","indisponível","UN (EMB: 12)","74.36","74.3600","ESTIMADO","Média categoria FERRAMENTAS + fator variação SKU"
"FERRAMENTAS","CHAVE DE FENDA","CHAVE DE FENDA TRAMONTINA 3/16X4 REF: 11175","Chave De Fenda 3","Tramontina","16X4","indisponível","UN (EMB: 12)","75.37","75.3700","ESTIMADO","Média categoria FERRAMENTAS + fator variação SKU"
"FERRAMENTAS","CHAVE DE FENDA","CHAVE DE FENDA TRAMONTINA 3/16X5 REF: 11176","Chave De Fenda 3","Tramontina","16X5","indisponível","UN (EMB: 12)","76.38","76.3800","ESTIMADO","Média categoria FERRAMENTAS + fator variação SKU"
"FERRAMENTAS","CHAVE DE FENDA","CHAVE DE FENDA TRAMONTINA 3/8X6 REF: 11182","Chave De Fenda 3","Tramontina","8X6","indisponível","UN (EMB: 6)","17.44","17.4400","ESTIMADO","Média categoria FERRAMENTAS + fator variação SKU"
"FERRAMENTAS","CHAVE DE FENDA","CHAVE DE FENDA TRAMONTINA 3/8X8 REF: 11183","Chave De Fenda 3","Tramontina","8X8","indisponível","UN (EMB: 6)","18.45","18.4500","ESTIMADO","Média categoria FERRAMENTAS + fator variação SKU"
"FERRAMENTAS","CHAVE DE FENDA","CHAVE DE FENDA TRAMONTINA 5/16X4 REF: 11181","Chave De Fenda 5","Tramontina","16X4","indisponível","UN (EMB: 6)","16.43","16.4300","ESTIMADO","Média categoria FERRAMENTAS + fator variação SKU"
"FERRAMENTAS","CHAVE DE FENDA TOCO","CHAVE DE FENDA TRAMONTINA 1/4 X 1.1/2 TOCO REF: 14682","Chave De Fenda X 1.1 2 Toco","Tramontina","1/4","indisponível","UN (EMB: 1)","71.80","71.8000","ESTIMADO","Média categoria FERRAMENTAS + fator variação SKU"
"FERRAMENTAS","CHAVE DE VIRAR FERRO","CHAVE DE VIRAR FERRO TENACE 3/8 REF: 14685","Chave De Virar Ferro Tenace","indisponível","3/8","indisponível","UN (EMB: 1)","74.83","74.8300","ESTIMADO","Média categoria FERRAMENTAS + fator variação SKU"
"FERRAMENTAS","CHAVE DE VIRAR FERRO","CHAVE DE VIRAR FERRO TENACE 5/16 REF: 14684","Chave De Virar Ferro Tenace","indisponível","5/16","indisponível","UN (EMB: 1)","73.82","73.8200","ESTIMADO","Média categoria FERRAMENTAS + fator variação SKU"
"FERRAMENTAS","CHAVE INGLESA","CHAVE INGLESA SPARTA 10 REF: 13363","Chave Inglesa 10","Sparta","indisponível","indisponível","UN (EMB: 60)","53.47","53.4700","ESTIMADO","Média categoria FERRAMENTAS + fator variação SKU"
"FERRAMENTAS","CHAVE INGLESA","CHAVE INGLESA SPARTA 12 REF: 14792","Chave Inglesa 12","Sparta","indisponível","indisponível","UN (EMB: 1)","51.91","51.9100","ESTIMADO","Média categoria FERRAMENTAS + fator variação SKU"
"FERRAMENTAS","CHAVE INGLESA","CHAVE INGLESA SPARTA 15 REF: 14793","Chave Inglesa 15","Sparta","indisponível","indisponível","UN (EMB: 1)","52.92","52.9200","ESTIMADO","Média categoria FERRAMENTAS + fator variação SKU"
"FERRAMENTAS","CHAVE INGLESA","CHAVE INGLESA SPARTA 8 REF: 13364","Chave Inglesa 8","Sparta","indisponível","indisponível","UN (EMB: 60)","54.48","54.4800","ESTIMADO","Média categoria FERRAMENTAS + fator variação SKU"
"FERRAMENTAS","CHAVE PARA MANDRIL","CHAVE P/ MANDRIL EMBORR MTX 1/2 13MM REF: 15445","Chave P Mandril Emborr 13mm","Mtx","1/2","indisponível","UN (EMB: 1)","54.51","54.5100","ESTIMADO","Média categoria FERRAMENTAS + fator variação SKU"
"FERRAMENTAS","CHAVE PARA MANDRIL","CHAVE P/ MANDRIL MTX 1/2 13MM REF: 14779","Chave P Mandril 13mm","Mtx","1/2","indisponível","UN (EMB: 1)","38.78","38.7800","ESTIMADO","Média categoria FERRAMENTAS + fator variação SKU"
"FERRAMENTAS","CHAVE PHILIPS","CHAVE PHILIPS CRV MTX  5/16 X 6 REF: 15443","Chave Philips Crv X 6","Mtx","5/16","indisponível","UN (EMB: 1)","53.48","53.4800","ESTIMADO","Média categoria FERRAMENTAS + fator variação SKU"
"FERRAMENTAS","CHAVE PHILIPS","CHAVE PHILIPS CRV MTX 1/4 X 4 REF: 15442","Chave Philips Crv X 4","Mtx","1/4","indisponível","UN (EMB: 1)","52.47","52.4700","ESTIMADO","Média categoria FERRAMENTAS + fator variação SKU"
"FERRAMENTAS","CHAVE PHILIPS","CHAVE PHILIPS CRV MTX 1/8 X 5 REF: 15439","Chave Philips Crv X 5","Mtx","1/8","indisponível","UN (EMB: 1)","49.44","49.4400","ESTIMADO","Média categoria FERRAMENTAS + fator variação SKU"
"FERRAMENTAS","CHAVE PHILIPS","CHAVE PHILIPS CRV MTX 3/16 X 4 REF: 15440","Chave Philips Crv X 4","Mtx","3/16","indisponível","UN (EMB: 1)","50.45","50.4500","ESTIMADO","Média categoria FERRAMENTAS + fator variação SKU"
"FERRAMENTAS","CHAVE PHILIPS","CHAVE PHILIPS CRV MTX 3/16 X 6 REF: 15441","Chave Philips Crv X 6","Mtx","3/16","indisponível","UN (EMB: 1)","51.46","51.4600","ESTIMADO","Média categoria FERRAMENTAS + fator variação SKU"
"FERRAMENTAS","CHAVE PHILIPS","CHAVE PHILIPS CRV MTX 3/8 X 6 REF: 15444","Chave Philips Crv X 6","Mtx","3/8","indisponível","UN (EMB: 1)","53.50","53.5000","ESTIMADO","Média categoria FERRAMENTAS + fator variação SKU"
"FERRAMENTAS","CHAVE PHILIPS","CHAVE PHILIPS TRAMONTINA 1/4X6 REF: 11194","Chave Philips 1","Tramontina","4X6","indisponível","UN (EMB: 12)","28.57","28.5700","ESTIMADO","Média categoria FERRAMENTAS + fator variação SKU"
"FERRAMENTAS","CHAVE PHILIPS","CHAVE PHILIPS TRAMONTINA 1/8X3 REF: 11185","Chave Philips 1","Tramontina","8X3","indisponível","UN (EMB: 12)","20.47","20.4700","ESTIMADO","Média categoria FERRAMENTAS + fator variação SKU"
"FERRAMENTAS","CHAVE PHILIPS","CHAVE PHILIPS TRAMONTINA 1/8X4 REF: 11184","Chave Philips 1","Tramontina","8X4","indisponível","UN (EMB: 12)","19.46","19.4600","ESTIMADO","Média categoria FERRAMENTAS + fator variação SKU"
"FERRAMENTAS","CHAVE PHILIPS","CHAVE PHILIPS TRAMONTINA 1/8X5 REF: 11186","Chave Philips 1","Tramontina","8X5","indisponível","UN (EMB: 12)","21.48","21.4800","ESTIMADO","Média categoria FERRAMENTAS + fator variação SKU"
"FERRAMENTAS","CHAVE PHILIPS","CHAVE PHILIPS TRAMONTINA 1/8X6 REF: 11187","Chave Philips 1","Tramontina","8X6","indisponível","UN (EMB: 12)","21.50","21.5000","ESTIMADO","Média categoria FERRAMENTAS + fator variação SKU"
"FERRAMENTAS","CHAVE PHILIPS","CHAVE PHILIPS TRAMONTINA 3/16X3 REF: 11189","Chave Philips 3","Tramontina","16X3","indisponível","UN (EMB: 12)","23.52","23.5200","ESTIMADO","Média categoria FERRAMENTAS + fator variação SKU"
"FERRAMENTAS","CHAVE PHILIPS","CHAVE PHILIPS TRAMONTINA 3/16X4 REF: 11190","Chave Philips 3","Tramontina","16X4","indisponível","UN (EMB: 12)","24.53","24.5300","ESTIMADO","Média categoria FERRAMENTAS + fator variação SKU"
"FERRAMENTAS","CHAVE PHILIPS","CHAVE PHILIPS TRAMONTINA 3/16X5 REF: 11188","Chave Philips 3","Tramontina","16X5","indisponível","UN (EMB: 12)","22.51","22.5100","ESTIMADO","Média categoria FERRAMENTAS + fator variação SKU"
"FERRAMENTAS","CHAVE PHILIPS","CHAVE PHILIPS TRAMONTINA 3/16X6 REF: 11191","Chave Philips 3","Tramontina","16X6","indisponível","UN (EMB: 12)","25.54","25.5400","ESTIMADO","Média categoria FERRAMENTAS + fator variação SKU"
"FERRAMENTAS","CHAVE PHILIPS TOCO","CHAVE PHILIPS TRAMONTINA 1/4 X 1.1/2 TOCO REF: 14681","Chave Philips X 1.1 2 Toco","Tramontina","1/4","indisponível","UN (EMB: 1)","70.79","70.7900","ESTIMADO","Média categoria FERRAMENTAS + fator variação SKU"
"FERRAMENTAS","CHAVE TESTE","CHAVE TESTE SPARTA 100-500V REF: 13379","Chave Teste 100 500v","Sparta","indisponível","indisponível","UN (EMB: 60)","68.64","68.6400","ESTIMADO","Média categoria FERRAMENTAS + fator variação SKU"
"FERRAMENTAS","COLHEDOR FRUTAS","COLHEDOR DE FRUTAS TRAMONTINA S/CABO REF: 13210","Colhedor De Frutas S Cabo","Tramontina","indisponível","indisponível","UN (EMB: 6)","169.00","169.0000","ESTIMADO","Regra bitola mm (1.5mm/2.5mm/4mm/6mm/10mm) + rolo 100m"
"FERRAMENTAS","COLHER DE PEDREIRO","COLHER PED CANTO RETO PACETTA 08 REF: 14349","Colher Ped Canto Reto Pacetta 08","indisponível","indisponível","indisponível","UN (EMB: 12)","64.43","64.4300","ESTIMADO","Média categoria FERRAMENTAS + fator variação SKU"
"FERRAMENTAS","COLHER DE PEDREIRO","COLHER PED CANTO RETO PACETTA 09 REF: 14350","Colher Ped Canto Reto Pacetta 09","indisponível","indisponível","indisponível","UN (EMB: 12)","65.44","65.4400","ESTIMADO","Média categoria FERRAMENTAS + fator variação SKU"
"FERRAMENTAS","COLHER DE PEDREIRO","COLHER PED CANTO RETO TRAMONTINA 07 REF: 11232","Colher Ped Canto Reto 07","Tramontina","indisponível","indisponível","UN (EMB: 12)","66.95","66.9500","ESTIMADO","Média categoria FERRAMENTAS + fator variação SKU"
"FERRAMENTAS","COLHER DE PEDREIRO","COLHER PED CANTO RETO TRAMONTINA 08 REF: 11233","Colher Ped Canto Reto 08","Tramontina","indisponível","indisponível","UN (EMB: 12)","67.96","67.9600","ESTIMADO","Média categoria FERRAMENTAS + fator variação SKU"
"FERRAMENTAS","COLHER DE PEDREIRO","COLHER PED CANTO RETO TRAMONTINA 09 REF: 11234","Colher Ped Canto Reto 09","Tramontina","indisponível","indisponível","UN (EMB: 12)","68.97","68.9700","ESTIMADO","Média categoria FERRAMENTAS + fator variação SKU"
"FERRAMENTAS","DESEMPENADEIRA DE AÇO","DESEMPENADEIRA DE ACO TIGRE LISA 25,5X12CM REF: 14765","Desempenadeira De Aco Lisa 25 5x12cm","Tigre","indisponível","indisponível","UN (EMB: 1)","24.64","24.6400","ESTIMADO","Média categoria FERRAMENTAS + fator variação SKU"
"FERRAMENTAS","DESEMPENADEIRA DE AÇO","DESEMPENADEIRA DE PVC P/ TEXTURA TIGRE 14X27CM REF: 14766","Desempenadeira De P Textura 14x27cm","Tigre","indisponível","indisponível","UN (EMB: 1)","25.65","25.6500","ESTIMADO","Média categoria FERRAMENTAS + fator variação SKU"
"FERRAMENTAS","DESEMPENADEIRA DE PVC C/ESPUMA","DESEMPENADEIRA DE PVC C/ ESPUMA ROMA 14X27 PT REF: 12002","Desempenadeira De C Espuma Roma","indisponível","14X27","indisponível","UN (EMB: 12)","56.73","56.7300","ESTIMADO","Média categoria FERRAMENTAS + fator variação SKU"
"FERRAMENTAS","DESEMPENADEIRA DE PVC C/ESPUMA","DESEMPENADEIRA DE PVC C/ ESPUMA ROMA 17X30 PT REF: 12003","Desempenadeira De C Espuma Roma","indisponível","17X30","indisponível","UN (EMB: 12)","57.74","57.7400","ESTIMADO","Média categoria FERRAMENTAS + fator variação SKU"
"FERRAMENTAS","DESEMPENADEIRA PVC CORRUGADA","DESEMPENADEIRA DE PVC CORRUGADA ROMA 14X27CM PT REF: 12000","Desempenadeira De Corrugada Roma 14x27cm","indisponível","indisponível","indisponível","UN (EMB: 12)","54.71","54.7100","ESTIMADO","Média categoria FERRAMENTAS + fator variação SKU"
"FERRAMENTAS","DESEMPENADEIRA PVC CORRUGADA","DESEMPENADEIRA DE PVC CORRUGADA ROMA 17X30 PT REF: 12001","Desempenadeira De Corrugada Roma","indisponível","17X30","indisponível","UN (EMB: 12)","55.72","55.7200","ESTIMADO","Média categoria FERRAMENTAS + fator variação SKU"
"FERRAMENTAS","DESEMPENADEIRA PVC CORRUGADA","DESEMPENADEIRA PVC CORRUGADA ASTRA 14X27CM PT REF: 11114","Desempenadeira Corrugada Astra 14x27cm","indisponível","indisponível","indisponível","UN (EMB: 12)","78.76","78.7600","ESTIMADO","Média categoria FERRAMENTAS + fator variação SKU"
"FERRAMENTAS","DESEMPENADEIRA PVC CORRUGADA","DESEMPENADEIRA PVC CORRUGADA ASTRA 17X30CM PT REF: 11115","Desempenadeira Corrugada Astra 17x30cm","indisponível","indisponível","indisponível","UN (EMB: 12)","14.77","14.7700","ESTIMADO","Média categoria FERRAMENTAS + fator variação SKU"
"FERRAMENTAS","DESEMPENADEIRA PVC P/TEXTURA","DESEMPENADEIRA DE PVC P/ TEXTURA ROMA 14X27CM REF: 12005","Desempenadeira De P Textura Roma 14x27cm","indisponível","indisponível","indisponível","UN (EMB: 12)","59.76","59.7600","ESTIMADO","Média categoria FERRAMENTAS + fator variação SKU"
"FERRAMENTAS","DESEMPENADEIRA PVC P/TEXTURA","DESEMPENADEIRA DE PVC P/ TEXTURA ROMA 8X16CM REF: 12004","Desempenadeira De P Textura Roma 8x16cm","indisponível","indisponível","indisponível","UN (EMB: 12)","58.75","58.7500","ESTIMADO","Média categoria FERRAMENTAS + fator variação SKU"
"FERRAMENTAS","DISCO CIRCULAR WIDEA","DISCO CIRC WIDEA MTX  7 X 7,1/4 X 22,23MM 36D REF: 13381","Disco Circ Widea 7 X 7 X 22 23mm 36d","Mtx","1/4","indisponível","UN (EMB: 36)","70.66","70.6600","ESTIMADO","Média categoria FERRAMENTAS + fator variação SKU"
"FERRAMENTAS","DISCO CIRCULAR WIDEA","DISCO CIRC WIDEA MTX 4 X 4.3/8 X 22,23MM 24D REF: 13380","Disco Circ Widea 4 X 4.x 22 23mm 24d","Mtx","3/8","indisponível","UN (EMB: 60)","69.65","69.6500","ESTIMADO","Média categoria FERRAMENTAS + fator variação SKU"
"FERRAMENTAS","DISCO CIRCULAR WIDEA","DISCO CIRC WIDEA MTX 7 X 7,1/4 X 22,23MM 48D REF: 13382","Disco Circ Widea 7 X 7 X 22 23mm 48d","Mtx","1/4","indisponível","UN (EMB: 36)","71.67","71.6700","ESTIMADO","Média categoria FERRAMENTAS + fator variação SKU"
"FERRAMENTAS","DISCO CIRCULAR WIDEA","DISCO CIRC WIDEA MTX 7 X 7.1/4 X 22,23MM 24D REF: 13384","Disco Circ Widea 7 X 7.x 22 23mm 24d","Mtx","1/4","indisponível","UN (EMB: 60)","73.69","73.6900","ESTIMADO","Média categoria FERRAMENTAS + fator variação SKU"
"FERRAMENTAS","DISCO CIRCULAR WIDEA","DISCO CIRC WIDEA MTX 9 X 9,1/4  X 25,4MM 36D REF: 13385","Disco Circ Widea 9 X 9 X 25 4mm 36d","Mtx","1/4","indisponível","UN (EMB: 36)","74.70","74.7000","ESTIMADO","Média categoria FERRAMENTAS + fator variação SKU"
"FERRAMENTAS","DISCO CORTE INOX","DISCO CORTE INOX CORTAG 4.1/2 X 1,2MM X 7/8 REF: 13301","Disco Corte Cortag 4.x 1 2mm X 7 8","indisponível","1/2","indisponível","UN (EMB: 25)","55.85","55.8500","ESTIMADO","Média categoria FERRAMENTAS + fator variação SKU"
"FERRAMENTAS","DISCO CORTE INOX","DISCO CORTE INOX CORTAG 7 X 1,6MM X 7/8 REF: 13302","Disco Corte Cortag 7 X X 7 8","indisponível","1,6MM","indisponível","UN (EMB: 25)","56.86","56.8600","ESTIMADO","Média categoria FERRAMENTAS + fator variação SKU"
"FERRAMENTAS","DISCO CORTE INOX","DISCO CORTE INOX CORTAG 9 X 1,9MM X 7/8 REF: 13303","Disco Corte Cortag 9 X X 7 8","indisponível","1,9MM","indisponível","UN (EMB: 25)","57.87","57.8700","ESTIMADO","Média categoria FERRAMENTAS + fator variação SKU"
"FERRAMENTAS","DISCO DIAMANTADO","DISCO DIAM CORTAG PORCELANATO 110X20MM 4.3/8 REF: 13244","Disco Diam Cortag Porcelanato 110x20mm 4.","indisponível","3/8","indisponível","UN (EMB: 10)","64.27","64.2700","ESTIMADO","Média categoria FERRAMENTAS + fator variação SKU"
"FERRAMENTAS","DISCO DIAMANTADO","DISCO DIAM CORTAG SEGMENTADO ECO 110X20MM 4.3/8 REF: 13245","Disco Diam Cortag Segmentado Eco 110x20mm 4.","indisponível","3/8","indisponível","UN (EMB: 10)","65.28","65.2800","ESTIMADO","Média categoria FERRAMENTAS + fator variação SKU"
"FERRAMENTAS","DISCO DIAMANTADO","DISCO DIAM IRWIN SEGMENTADO 110X20MM 4.3/8 REF: 15115","Disco Diam Segmentado 110x20mm 4.","Irwin","3/8","indisponível","UN (EMB: 1)","50.17","50.1700","ESTIMADO","Média categoria FERRAMENTAS + fator variação SKU"
"FERRAMENTAS","DISCO DIAMANTADO","DISCO DIAM IRWIN TURBO 110X20MM 4.3/8 REF: 15116","Disco Diam Turbo 110x20mm 4.","Irwin","3/8","indisponível","UN (EMB: 1)","51.18","51.1800","ESTIMADO","Média categoria FERRAMENTAS + fator variação SKU"
"FERRAMENTAS","DISCO DIAMANTADO","DISCO DIAM MTX  REBOLO TURBO M14 X 115MM REF: 14781","Disco Diam Rebolo Turbo M14 X","Mtx","115MM","indisponível","UN (EMB: 1)","40.80","40.8000","ESTIMADO","Média categoria FERRAMENTAS + fator variação SKU"
"FERRAMENTAS","DISCO DIAMANTADO","DISCO DIAM MTX CORTE SECO SEGMENTADO 115X22,2MM 4.1/2 REF: 13939","Disco Diam Corte Seco Segmentado 2mm 4.1 2","Mtx","115X22","indisponível","UN (EMB: 1)","44.29","44.2900","ESTIMADO","Média categoria FERRAMENTAS + fator variação SKU"
"FERRAMENTAS","DISCO DIAMANTADO","DISCO DIAM MTX CORTE SECO SEGMENTADO 180X25,4MM 7 REF: 13579","Disco Diam Corte Seco Segmentado 4mm 7","Mtx","180X25","indisponível","UN (EMB: 1)","73.66","73.6600","ESTIMADO","Média categoria FERRAMENTAS + fator variação SKU"
"FERRAMENTAS","DISCO DIAMANTADO","DISCO DIAM MTX CORTE SECO SEGMENTADO 230X22,2MM 9 REF: 13888","Disco Diam Corte Seco Segmentado 2mm 9","Mtx","230X22","indisponível","UN (EMB: 1)","57.78","57.7800","ESTIMADO","Média categoria FERRAMENTAS + fator variação SKU"
"FERRAMENTAS","DISCO DIAMANTADO","DISCO DIAM MTX CORTE SECO TURBO 115X22,2MM 4.1/2 REF: 13940","Disco Diam Corte Seco Turbo 2mm 4.1 2","Mtx","115X22","indisponível","UN (EMB: 1)","45.30","45.3000","ESTIMADO","Média categoria FERRAMENTAS + fator variação SKU"
"FERRAMENTAS","DISCO DIAMANTADO","DISCO DIAM MTX CORTE SECO TURBO 180X25,4MM 7 REF: 13580","Disco Diam Corte Seco Turbo 4mm 7","Mtx","180X25","indisponível","UN (EMB: 1)","74.67","74.6700","ESTIMADO","Média categoria FERRAMENTAS + fator variação SKU"
"FERRAMENTAS","DISCO DIAMANTADO","DISCO DIAM MTX CORTE SECO TURBO 230X22,2MM 9 REF: 13889","Disco Diam Corte Seco Turbo 2mm 9","Mtx","230X22","indisponível","UN (EMB: 1)","58.79","58.7900","ESTIMADO","Média categoria FERRAMENTAS + fator variação SKU"
"FERRAMENTAS","DISCO DIAMANTADO","DISCO DIAM SPARTA CORTE SECO SEGMENTADO 115X22,2MM 4.1/2 REF: 14800","Disco Diam Corte Seco Segmentado 2mm 4.1 2","Sparta","115X22","indisponível","UN (EMB: 1)","59.99","59.9900","ESTIMADO","Média categoria FERRAMENTAS + fator variação SKU"
"FERRAMENTAS","DISCO FLAP","DISCO FLAP 4,5 MTX 25 REF: 13390","Disco Flap 4 5 25","Mtx","indisponível","indisponível","UN (EMB: 120)","14.75","14.7500","ESTIMADO","Média categoria FERRAMENTAS + fator variação SKU"
"FERRAMENTAS","DISCO FLAP","DISCO FLAP 4,5 MTX 40 REF: 13391","Disco Flap 4 5 40","Mtx","indisponível","indisponível","UN (EMB: 120)","15.76","15.7600","ESTIMADO","Média categoria FERRAMENTAS + fator variação SKU"
"FERRAMENTAS","DISCO FLAP","DISCO FLAP 4,5 MTX 60 REF: 13392","Disco Flap 4 5 60","Mtx","indisponível","indisponível","UN (EMB: 120)","16.77","16.7700","ESTIMADO","Média categoria FERRAMENTAS + fator variação SKU"
"FERRAMENTAS","DISCO FLAP","DISCO FLAP 4,5 MTX 80 REF: 13393","Disco Flap 4 5 80","Mtx","indisponível","indisponível","UN (EMB: 120)","17.78","17.7800","ESTIMADO","Média categoria FERRAMENTAS + fator variação SKU"
"FERRAMENTAS","DISCO LIXA","DISCO LIXA 125MM X 100 MTX VELCRO C/5 REF: 14345","Disco Lixa X 100 Velcro C 5","Mtx","125MM","indisponível","UN (EMB: 1)","60.39","60.3900","ESTIMADO","Média categoria FERRAMENTAS + fator variação SKU"
"FERRAMENTAS","DISCO LIXA","DISCO LIXA 125MM X 120 MTX VELCRO C/5 REF: 14344","Disco Lixa X 120 Velcro C 5","Mtx","125MM","indisponível","UN (EMB: 1)","59.38","59.3800","ESTIMADO","Média categoria FERRAMENTAS + fator variação SKU"
"FERRAMENTAS","DISCO LIXA","DISCO LIXA 125MM X 40 MTX VELCRO C/5 REF: 14347","Disco Lixa X 40 Velcro C 5","Mtx","125MM","indisponível","UN (EMB: 5)","62.41","62.4100","ESTIMADO","Média categoria FERRAMENTAS + fator variação SKU"
"FERRAMENTAS","DISCO LIXA","DISCO LIXA 125MM X 60 MTX VELCRO C/5 REF: 15418","Disco Lixa X 60 Velcro C 5","Mtx","125MM","indisponível","UN (EMB: 1)","28.23","28.2300","ESTIMADO","Média categoria FERRAMENTAS + fator variação SKU"
"FERRAMENTAS","DISCO LIXA","DISCO LIXA 125MM X 80 MTX VELCRO C/5 REF: 14346","Disco Lixa X 80 Velcro C 5","Mtx","125MM","indisponível","UN (EMB: 5)","61.40","61.4000","ESTIMADO","Média categoria FERRAMENTAS + fator variação SKU"
"FERRAMENTAS","ELETRODO","ELETRODO CIFARELLI 6013 2,50MM KG REF: 11083","Eletrodo Cifarelli 6013 Kg","indisponível","2,50MM","indisponível","UN (EMB: 5)","48.44","48.4400","ESTIMADO","Média categoria FERRAMENTAS + fator variação SKU"
"FERRAMENTAS","ELETRODO","ELETRODO CIFARELLI 6013 3,25MM KG REF: 11084","Eletrodo Cifarelli 6013 Kg","indisponível","3,25MM","indisponível","UN (EMB: 5)","49.45","49.4500","ESTIMADO","Média categoria FERRAMENTAS + fator variação SKU"
"FERRAMENTAS","ENXADA","ENXADA TRAMONTINA LARGA 2,5 C/CABO 1,45M REF: 11228","Enxada Larga 2 5 C Cabo","Tramontina","indisponível","1,45M","UN (EMB: 1)","225.60","225.6000","ESTIMADO","Regra bitola mm (1.5mm/2.5mm/4mm/6mm/10mm) + rolo 100m"
"FERRAMENTAS","ENXADA","ENXADA TRAMONTINA LARGA GOIVADA 2,5 C/CABO 1,45M REF: 14752","Enxada Larga Goivada 2 5 C Cabo","Tramontina","indisponível","1,45M","UN (EMB: 1)","230.40","230.4000","ESTIMADO","Regra bitola mm (1.5mm/2.5mm/4mm/6mm/10mm) + rolo 100m"
"FERRAMENTAS","ENXADÃO","ENXADAO TRAMONTINA LARGO 2,5 C/CABO 1,30M REF: 13248","Enxadao Largo 2 5 C Cabo","Tramontina","indisponível","1,30M","UN (EMB: 160)","229.60","229.6000","ESTIMADO","Regra bitola mm (1.5mm/2.5mm/4mm/6mm/10mm) + rolo 100m"
"FERRAMENTAS","ESCOVA DE AÇO","ESCOVA DE ACO PEQ MTX C/ CABO PLAST KIT 3PCS REF: 14790","Escova De Aco Peq C Cabo Plast Kit 3pcs","Mtx","indisponível","indisponível","UN (EMB: 1)","201.00","201.0000","ESTIMADO","Regra bitola mm (1.5mm/2.5mm/4mm/6mm/10mm) + rolo 100m"
"FERRAMENTAS","ESCOVA DE AÇO","ESCOVA DE ACO ROMA 3 FIL C/ CABO PLAST. REF: 11991","Escova De Aco Roma 3 Fil C Cabo Plast.","indisponível","indisponível","indisponível","UN (EMB: 12)","201.40","201.4000","ESTIMADO","Regra bitola mm (1.5mm/2.5mm/4mm/6mm/10mm) + rolo 100m"
"FERRAMENTAS","ESCOVA DE AÇO","ESCOVA DE ACO SPARTA C/ CABO PLAST. REF: 14804","Escova De Aco C Cabo Plast.","Sparta","indisponível","indisponível","UN (EMB: 1)","166.60","166.6000","ESTIMADO","Regra bitola mm (1.5mm/2.5mm/4mm/6mm/10mm) + rolo 100m"
"FERRAMENTAS","ESPATULAS DE AÇO","ESPATULA DE ACO SPARTA CABO MAD. 04CM REF: 15420","Espatula De Aco Cabo Mad. 04cm","Sparta","indisponível","indisponível","UN (EMB: 1)","173.00","173.0000","ESTIMADO","Regra bitola mm (1.5mm/2.5mm/4mm/6mm/10mm) + rolo 100m"
"FERRAMENTAS","ESPATULAS DE AÇO","ESPATULA DE ACO SPARTA CABO MAD. 05CM REF: 15422","Espatula De Aco Cabo Mad. 05cm","Sparta","indisponível","indisponível","UN (EMB: 1)","173.80","173.8000","ESTIMADO","Regra bitola mm (1.5mm/2.5mm/4mm/6mm/10mm) + rolo 100m"
"FERRAMENTAS","ESPATULAS DE AÇO","ESPATULA DE ACO SPARTA CABO MAD. 06CM REF: 15421","Espatula De Aco Cabo Mad. 06cm","Sparta","indisponível","indisponível","UN (EMB: 1)","173.40","173.4000","ESTIMADO","Regra bitola mm (1.5mm/2.5mm/4mm/6mm/10mm) + rolo 100m"
"FERRAMENTAS","ESPATULAS DE AÇO","ESPATULA DE ACO SPARTA CABO MAD. 10CM REF: 15424","Espatula De Aco Cabo Mad. 10cm","Sparta","indisponível","indisponível","UN (EMB: 1)","174.60","174.6000","ESTIMADO","Regra bitola mm (1.5mm/2.5mm/4mm/6mm/10mm) + rolo 100m"
"FERRAMENTAS","ESQUADRO","ESQUADRO ALUM FUND MTX 12 30CM REF: 13546","Esquadro Alum Fund 12 30cm","Mtx","indisponível","indisponível","UN (EMB: 1)","41.32","41.3200","ESTIMADO","Média categoria FERRAMENTAS + fator variação SKU"
"FERRAMENTAS","ESQUADRO","ESQUADRO ALUM FUND MTX 14 35CM REF: 13547","Esquadro Alum Fund 14 35cm","Mtx","indisponível","indisponível","UN (EMB: 1)","42.33","42.3300","ESTIMADO","Média categoria FERRAMENTAS + fator variação SKU"
"FERRAMENTAS","ESQUADRO","ESQUADRO ALUM FUND MTX 16 40CM REF: 13548","Esquadro Alum Fund 16 40cm","Mtx","indisponível","indisponível","UN (EMB: 1)","43.34","43.3400","ESTIMADO","Média categoria FERRAMENTAS + fator variação SKU"
"FERRAMENTAS","ESTILETE","ESTILETE RETRATIL MTX 18MM PONTA METAL REF: 14786","Estilete Retratil Ponta Metal","Mtx","18MM","indisponível","UN (EMB: 1)","45.85","45.8500","ESTIMADO","Média categoria FERRAMENTAS + fator variação SKU"
"FERRAMENTAS","ESTILETE","ESTILETE RETRATIL MTX 18MM PONTA METAL REFOR REF: 13581","Estilete Retratil Ponta Metal Refor","Mtx","18MM","indisponível","UN (EMB: 1)","75.68","75.6800","ESTIMADO","Média categoria FERRAMENTAS + fator variação SKU"
"FERRAMENTAS","ESTILETE","ESTILETE RETRATIL SPARTA 18MM REF: 14787","Estilete Retratil","Sparta","18MM","indisponível","UN (EMB: 1)","46.86","46.8600","ESTIMADO","Média categoria FERRAMENTAS + fator variação SKU"
"FERRAMENTAS","GARRAFÃO TERMICO","GARRAFAO TERM TERMOLAR SUPERTERMO 5L AZ REF: 12364","Garrafao Term Termolar Supertermo 5l","indisponível","indisponível","indisponível","UN (EMB: 6)","29.38","29.3800","ESTIMADO","Média categoria FERRAMENTAS + fator variação SKU"
"FERRAMENTAS","GARRAFÃO TERMICO","GARRAFAO TERM TERMOLAR SUPERTERMO 5L CZ/VD REF: 12366","Garrafao Term Termolar Supertermo 5l Vd","indisponível","indisponível","indisponível","UN (EMB: 6)","66.60","66.6000","ESTIMADO","Média categoria FERRAMENTAS + fator variação SKU"
"FERRAMENTAS","GARRAFÃO TERMICO","GARRAFAO TERM TERMOLAR SUPERTERMO 5L PT REF: 12366","Garrafao Term Termolar Supertermo 5l","indisponível","indisponível","indisponível","UN (EMB: 6)","67.61","67.6100","ESTIMADO","Média categoria FERRAMENTAS + fator variação SKU"
"FERRAMENTAS","LAMINA P/ ESTILETE","LAMINA P/ ESTILETE MTX 18MM 10PCS REF: 14788","Lamina P Estilete 10pcs","Mtx","18MM","indisponível","UN (EMB: 1)","47.87","47.8700","ESTIMADO","Média categoria FERRAMENTAS + fator variação SKU"
"FERRAMENTAS","LÁPIS CARPINTEIRO","LAPIS CARPINTEIRO IRWIN 72 PCS REF: 11927","Lapis Carpinteiro 72 Pcs","Irwin","indisponível","indisponível","UN (EMB: 1)","46.97","46.9700","ESTIMADO","Média categoria FERRAMENTAS + fator variação SKU"
"FERRAMENTAS","LIMPA BOLOR","LIMA CHATA MTX CB MADEIRA 10 REF: 15467","Lima Chata Cb Madeira 10","Mtx","indisponível","indisponível","UN (EMB: 1)","76.73","76.7300","ESTIMADO","Média categoria FERRAMENTAS + fator variação SKU"
"FERRAMENTAS","MANDRIL PARA FURADEIRA","MANDRIL P/ FURADEIRA MTX COM CHAVE 1/2 13MM REF: 14780","Mandril P Furadeira Com Chave 13mm","Mtx","1/2","indisponível","UN (EMB: 1)","39.79","39.7900","ESTIMADO","Média categoria FERRAMENTAS + fator variação SKU"
"FERRAMENTAS","MARRETA","MARRETA OITAVADA 1,0KG CB MADEIRA SPARTA","Marreta Oitavada 1 0kg Cb Madeira","Sparta","indisponível","indisponível","UN (EMB: 1)","44.66","44.6600","ESTIMADO","Média categoria FERRAMENTAS + fator variação SKU"
"FERRAMENTAS","MARRETA","MARRETA OITAVADA 1,0KG CB MADEIRA TENACE REF: 13411","Marreta Oitavada 1 0kg Cb Madeira Tenace","indisponível","indisponível","indisponível","UN (EMB: 6)","35.96","35.9600","ESTIMADO","Média categoria FERRAMENTAS + fator variação SKU"
"FERRAMENTAS","MARRETA","MARRETA OITAVADA 1,5KG CB MADEIRA SPARTA","Marreta Oitavada 1 5kg Cb Madeira","Sparta","indisponível","indisponível","UN (EMB: 1)","43.65","43.6500","ESTIMADO","Média categoria FERRAMENTAS + fator variação SKU"
"FERRAMENTAS","MARRETA","MARRETA OITAVADA 1,5KG CB MADEIRA TENACE REF: 13412","Marreta Oitavada 1 5kg Cb Madeira Tenace","indisponível","indisponível","indisponível","UN (EMB: 6)","36.97","36.9700","ESTIMADO","Média categoria FERRAMENTAS + fator variação SKU"
"FERRAMENTAS","MARRETA","MARRETA OITAVADA 2,0KG CB MADEIRA TENACE REF: 13413","Marreta Oitavada 2 0kg Cb Madeira Tenace","indisponível","indisponível","indisponível","UN (EMB: 6)","37.98","37.9800","ESTIMADO","Média categoria FERRAMENTAS + fator variação SKU"
"FERRAMENTAS","MARRETA","MARRETA OITAVADA 3,0KG CB MADEIRA SPARTA","Marreta Oitavada 3 0kg Cb Madeira","Sparta","indisponível","indisponível","UN (EMB: 1)","42.64","42.6400","ESTIMADO","Média categoria FERRAMENTAS + fator variação SKU"
"FERRAMENTAS","MARRETA","MARRETA OITAVADA 3,0KG CB MADEIRA TENACE REF: 14491","Marreta Oitavada 3 0kg Cb Madeira Tenace","indisponível","indisponível","indisponível","UN (EMB: 6)","75.87","75.8700","ESTIMADO","Média categoria FERRAMENTAS + fator variação SKU"
"FERRAMENTAS","MARRETA","MARRETA OITAVADA 500G CB MADEIRA TENACE REF: 13410","Marreta Oitavada 500g Cb Madeira Tenace","indisponível","indisponível","indisponível","UN (EMB: 12)","34.95","34.9500","ESTIMADO","Média categoria FERRAMENTAS + fator variação SKU"
"FERRAMENTAS","MARRETA","MARRETA QUADRADA 1,5KG CB MADEIRA SPARTA","Marreta Quadrada 1 5kg Cb Madeira","Sparta","indisponível","indisponível","UN (EMB: 1)","36.58","36.5800","ESTIMADO","Média categoria FERRAMENTAS + fator variação SKU"
"FERRAMENTAS","MARTELO DE UNHA","MARTELO DE UNHA MTX CB FIBRA 20MM REF: 14777","Martelo De Unha Cb Fibra","Mtx","20MM","indisponível","UN (EMB: 1)","36.76","36.7600","ESTIMADO","Média categoria FERRAMENTAS + fator variação SKU"
"FERRAMENTAS","MARTELO DE UNHA","MARTELO DE UNHA MTX CB FIBRA 23MM REF: 14776","Martelo De Unha Cb Fibra","Mtx","23MM","indisponível","UN (EMB: 1)","35.75","35.7500","ESTIMADO","Média categoria FERRAMENTAS + fator variação SKU"
"FERRAMENTAS","MARTELO DE UNHA","MARTELO DE UNHA MTX CB FIBRA 25MM REF: 13399","Martelo De Unha Cb Fibra","Mtx","25MM","indisponível","UN (EMB: 48)","23.84","23.8400","ESTIMADO","Média categoria FERRAMENTAS + fator variação SKU"
"FERRAMENTAS","MARTELO DE UNHA","MARTELO DE UNHA MTX CB FIBRA 27MM REF: 13400","Martelo De Unha Cb Fibra","Mtx","27MM","indisponível","UN (EMB: 48)","24.85","24.8500","ESTIMADO","Média categoria FERRAMENTAS + fator variação SKU"
"FERRAMENTAS","MARTELO DE UNHA","MARTELO DE UNHA SPARTA 20MM","Martelo De Unha","Sparta","20MM","indisponível","UN (EMB: 1)","41.63","41.6300","ESTIMADO","Média categoria FERRAMENTAS + fator variação SKU"
"FERRAMENTAS","MARTELO DE UNHA","MARTELO DE UNHA SPARTA 22MM","Martelo De Unha","Sparta","22MM","indisponível","UN (EMB: 1)","40.62","40.6200","ESTIMADO","Média categoria FERRAMENTAS + fator variação SKU"
"FERRAMENTAS","MARTELO DE UNHA","MARTELO DE UNHA SPARTA 25MM","Martelo De Unha","Sparta","25MM","indisponível","UN (EMB: 1)","39.61","39.6100","ESTIMADO","Média categoria FERRAMENTAS + fator variação SKU"
"FERRAMENTAS","MARTELO DE UNHA","MARTELO DE UNHA SPARTA 27MM","Martelo De Unha","Sparta","27MM","indisponível","UN (EMB: 1)","38.60","38.6000","ESTIMADO","Média categoria FERRAMENTAS + fator variação SKU"
"FERRAMENTAS","MASCARAS","MASCARA 3M 9820 SEM VALVULA REF: 14222","Mascara 9820 Sem Valvula","indisponível","indisponível","3M","UN (EMB: 1)","67.15","67.1500","ESTIMADO","Média categoria FERRAMENTAS + fator variação SKU"
"FERRAMENTAS","MASCARAS","MASCARA 3M 9822 COM VALVULA REF: 14221","Mascara 9822 Com Valvula","indisponível","indisponível","3M","UN (EMB: 50)","66.14","66.1400","ESTIMADO","Média categoria FERRAMENTAS + fator variação SKU"
"FERRAMENTAS","MISTURADOR","MISTURADOR DE TINTAS MTX 60 X 8 X 400MM REF: 15448","Misturador De Tintas 60 X 8 X","Mtx","400MM","indisponível","UN (EMB: 1)","57.54","57.5400","ESTIMADO","Média categoria FERRAMENTAS + fator variação SKU"
"FERRAMENTAS","MISTURADOR","MISTURADOR DE TINTAS MTX 85 X 8 X 400MM REF: 15449","Misturador De Tintas 85 X 8 X","Mtx","400MM","indisponível","UN (EMB: 1)","58.55","58.5500","ESTIMADO","Média categoria FERRAMENTAS + fator variação SKU"
"FERRAMENTAS","NIVEL","NIVEL ALUM MTX 24 3 BOLHAS 60CM C/ REGUA REFOR REF: 13554","Nivel Alum 24 3 Bolhas 60cm C Regua Refor","Mtx","indisponível","indisponível","UN (EMB: 1)","49.40","49.4000","ESTIMADO","Média categoria FERRAMENTAS + fator variação SKU"
"FERRAMENTAS","NIVEL","NIVEL PLAST SPARTA 9.1/2 3 BOLHAS 23MM REFOR REF: 13555","Nivel Plast 9.3 Bolhas 23mm Refor","Sparta","1/2","indisponível","UN (EMB: 1)","50.41","50.4100","ESTIMADO","Média categoria FERRAMENTAS + fator variação SKU"
"FERRAMENTAS","PÁ DE BICO","PA DE BICO TRAMONTINA C/CABO 120CM REF: 13250","Pa De Bico C Cabo 120cm","Tramontina","indisponível","indisponível","UN (EMB: 100)","185.00","185.0000","ESTIMADO","Regra bitola mm (1.5mm/2.5mm/4mm/6mm/10mm) + rolo 100m"
"FERRAMENTAS","PÁ DE BICO","PA DE BICO TRAMONTINA C/CABO 71 CM REF: 11230","Pa De Bico C Cabo 71 Cm","Tramontina","indisponível","indisponível","UN (EMB: 1)","177.00","177.0000","ESTIMADO","Regra bitola mm (1.5mm/2.5mm/4mm/6mm/10mm) + rolo 100m"
"FERRAMENTAS","PÁ QUADRADA","PA QUADRADA TRAMONTINA C/CABO 71CM REF: 13251","Pa Quadrada C Cabo 71cm","Tramontina","indisponível","indisponível","UN (EMB: 190)","185.40","185.4000","ESTIMADO","Regra bitola mm (1.5mm/2.5mm/4mm/6mm/10mm) + rolo 100m"
"FERRAMENTAS","PNEU CARRINHO PEDREIRO","PNEU 3,25X8 S/ CAMARA COLSON 2 LONAS REF: 12965","Pneu 3 S Camara Colson 2 Lonas","indisponível","25X8","indisponível","UN (EMB: 1)","45.45","45.4500","ESTIMADO","Média categoria FERRAMENTAS + fator variação SKU"
"FERRAMENTAS","PNEU CARRINHO PEDREIRO","PNEU 3,5X8 S/ CAMARA COLSON 4 LONAS REF: 12964","Pneu 3 S Camara Colson 4 Lonas","indisponível","5X8","indisponível","UN (EMB: 1)","44.44","44.4400","ESTIMADO","Média categoria FERRAMENTAS + fator variação SKU"
"FERRAMENTAS","PONTEIRA/BITS","PONTEIRA BITS P/ PARAF GROSS 70MM C/10 REF: 14361","Ponteira Bits P Paraf Gross C 10","indisponível","70MM","indisponível","UN (EMB: 1)","75.56","75.5600","ESTIMADO","Média categoria FERRAMENTAS + fator variação SKU"
"FERRAMENTAS","PONTEIRO","PONTEIRO MTX SDS PLUS 14 X 250MM REF: 14372","Ponteiro Sds Plus 14 X","Mtx","250MM","indisponível","UN (EMB: 1)","21.67","21.6700","ESTIMADO","Média categoria FERRAMENTAS + fator variação SKU"
"FERRAMENTAS","PONTEIRO","PONTEIRO SDS PLUS SPARTA 14 X 240MM REF: 15416","Ponteiro Sds Plus 14 X","Sparta","240MM","indisponível","UN (EMB: 1)","26.21","26.2100","ESTIMADO","Média categoria FERRAMENTAS + fator variação SKU"
"FERRAMENTAS","REGUA PEDREIRO ALUMINIO","REGUA PEDREIRO ALUM BITUBULAR ALUREM 2MT 2,3X4,6CM REF: 12519","Regua Pedreiro Alum Bitubular Alurem 2mt 2 6cm","indisponível","3X4","indisponível","UN (EMB: 5)","53.95","53.9500","ESTIMADO","Média categoria FERRAMENTAS + fator variação SKU"
"FERRAMENTAS","REGUA PEDREIRO ALUMINIO","REGUA PEDREIRO ALUM BITUBULAR ALUREM 3MT 2,3X4,6CM REF: 12520","Regua Pedreiro Alum Bitubular Alurem 3mt 2 6cm","indisponível","3X4","indisponível","UN (EMB: 5)","54.96","54.9600","ESTIMADO","Média categoria FERRAMENTAS + fator variação SKU"
"FERRAMENTAS","RODA CARRINHO PEDREIRO","RODA CARRINHO PEDR PNEU MACICO ROMA 3,25X1X6,5 REF: 12967","Roda Carrinho Pedr Pneu Macico Roma 3 25x1x6 5","indisponível","indisponível","indisponível","UN (EMB: 3)","47.47","47.4700","ESTIMADO","Média categoria FERRAMENTAS + fator variação SKU"
"FERRAMENTAS","RODA CARRINHO PEDREIRO","RODA CARRINHO PEDR PNEU MACICO ROMA 3,25X3/4X6,5 REF: 12966","Roda Carrinho Pedr Pneu Macico Roma 3 4x6 5","indisponível","25X3","indisponível","UN (EMB: 3)","46.46","46.4600","ESTIMADO","Média categoria FERRAMENTAS + fator variação SKU"
"FERRAMENTAS","RODEL","RODEL CORTAG 07X80MM REF: 13243","Rodel Cortag 07x80mm","indisponível","indisponível","indisponível","UN (EMB: 20)","63.26","63.2600","ESTIMADO","Média categoria FERRAMENTAS + fator variação SKU"
"FERRAMENTAS","SERRA COPO","JOGO DE SERRA COPO MADEIRA MTX 19 - 64MM 8PCS + ACESSORIOS REF: 15461","Jogo De Serra Copo Madeira 19 8pcs + Acessorios","Mtx","64MM","indisponível","UN (EMB: 1)","70.67","70.6700","ESTIMADO","Média categoria FERRAMENTAS + fator variação SKU"
"FERRAMENTAS","SERROTE","SERROTE P/ DRYWALL CORTE NOS DOIS LADOS MTX 07 REF: 15466","Serrote P Drywall Corte Nos Dois Lados 07","Mtx","indisponível","indisponível","UN (EMB: 1)","75.72","75.7200","ESTIMADO","Média categoria FERRAMENTAS + fator variação SKU"
"FERRAMENTAS","SOQUETE PARAFUSADEIRA","SOQUETE P/ PARAFUSADEIRA MAG MTX CRV 11 - 65 MM 2 PCS REF: 15446","Soquete P Parafusadeira Mag Crv 11 2 Pcs","Mtx","65 MM","indisponível","UN (EMB: 1)","55.52","55.5200","ESTIMADO","Média categoria FERRAMENTAS + fator variação SKU"
"FERRAMENTAS","SOQUETE PARAFUSADEIRA","SOQUETE P/ PARAFUSADEIRA MAG MTX CRV 12 - 65 MM 2 PCS REF: 15470","Soquete P Parafusadeira Mag Crv 12 2 Pcs","Mtx","65 MM","indisponível","UN (EMB: 1)","14.76","14.7600","ESTIMADO","Média categoria FERRAMENTAS + fator variação SKU"
"FERRAMENTAS","SOQUETE PARAFUSADEIRA","SOQUETE P/ PARAFUSADEIRA MAG MTX CRV 7/16 - 65 MM 5 PCS REF: 15471","Soquete P Parafusadeira Mag Crv 65 Mm 5 Pcs","Mtx","7/16","indisponível","UN (EMB: 1)","15.77","15.7700","ESTIMADO","Média categoria FERRAMENTAS + fator variação SKU"
"FERRAMENTAS","SUPORTE BOINA","SUPORTE BOINA MTX C/ VELCRO 115MM REF: 14428","Suporte Boina C Velcro","Mtx","115MM","indisponível","UN (EMB: 1)","78.23","78.2300","ESTIMADO","Média categoria FERRAMENTAS + fator variação SKU"
"FERRAMENTAS","SUPORTE BOINA","SUPORTE BOINA MTX C/ VELCRO 125MM REF: 14429","Suporte Boina C Velcro","Mtx","125MM","indisponível","UN (EMB: 1)","79.24","79.2400","ESTIMADO","Média categoria FERRAMENTAS + fator variação SKU"
"FERRAMENTAS","SUPORTE PARA SERRA COPO","SUPORTE SEXTAVADO P/ SERRA COPO MTX 14 - 30MM REF: 15463","Suporte Sextavado P Serra Copo 14","Mtx","30MM","indisponível","UN (EMB: 1)","72.69","72.6900","ESTIMADO","Média categoria FERRAMENTAS + fator variação SKU"
"FERRAMENTAS","SUPORTE PARA SERRA COPO","SUPORTE SEXTAVADO P/ SERRA COPO MTX 30 - 83MM REF: 15462","Suporte Sextavado P Serra Copo 30","Mtx","83MM","indisponível","UN (EMB: 1)","71.68","71.6800","ESTIMADO","Média categoria FERRAMENTAS + fator variação SKU"
"FERRAMENTAS","TALHADEIRA","TALHADEIRA CHATA SDS PLUS SPARTA 14 X 20 X 240MM REF: 15417","Talhadeira Chata Sds Plus 14 X 20 X","Sparta","240MM","indisponível","UN (EMB: 1)","27.22","27.2200","ESTIMADO","Média categoria FERRAMENTAS + fator variação SKU"
"FERRAMENTAS","TESOURA PARA PODA","TESOURA P/ PODA COM TRAVA CB EMB 180MM PALISAD","Tesoura P Poda Com Trava Cb Emb Palisad","indisponível","180MM","indisponível","UN (EMB: 1)","37.59","37.5900","ESTIMADO","Média categoria FERRAMENTAS + fator variação SKU"
"FERRAMENTAS","TESOURA PARA PODA","TESOURA RETA PARA CHAPA MTX 10 REF: 15447","Tesoura Reta Para Chapa 10","Mtx","indisponível","indisponível","UN (EMB: 1)","56.53","56.5300","ESTIMADO","Média categoria FERRAMENTAS + fator variação SKU"
"FERRAMENTAS","TORQUES","TORQUES ARMADOR SAO ROMAO 12 REF: 14295","Torques Armador Sao Romao 12","indisponível","indisponível","indisponível","UN (EMB: 12)","74.89","74.8900","ESTIMADO","Média categoria FERRAMENTAS + fator variação SKU"
"FERRAMENTAS","TRENA","TRENA IRWIN STANDARD 3M X 13MM REF: 11787","Trena Standard X","Irwin","13MM","3M","UN (EMB: 6)","36.56","36.5600","ESTIMADO","Média categoria FERRAMENTAS + fator variação SKU"
"FERRAMENTAS","TRENA","TRENA LONGA SPARTA CAIXA ABERTA 50M X 12,5MM REF: 14797","Trena Longa Aberta X","Sparta","12,5MM","50M","UN (EMB: 1)","56.96","56.9600","ESTIMADO","Média categoria FERRAMENTAS + fator variação SKU"
"FERRAMENTAS","TRENA","TRENA MTX CURTA 5M X 19MM REF: 14806","Trena Curta X","Mtx","19MM","5M","UN (EMB: 1)","66.05","66.0500","ESTIMADO","Média categoria FERRAMENTAS + fator variação SKU"
"FERRAMENTAS","VANGA QUADRADA","VANGA TRAMONTINA QUADRADA C/CABO 71CM REF: 13249","Vanga Quadrada C Cabo 71cm","Tramontina","indisponível","indisponível","UN (EMB: 215)","184.60","184.6000","ESTIMADO","Regra bitola mm (1.5mm/2.5mm/4mm/6mm/10mm) + rolo 100m"
"HIDRAULICA","ACABAMENTO REGISTRO","ACABAMENTO REGISTRO 1/2 C59 1085 KELLY CR REF: 12797","Acabamento Registro C59 1085 Kelly Cr","indisponível","1/2","indisponível","UN (EMB: 6)","71.76","71.7600","ESTIMADO","Média categoria HIDRAULICA + fator variação SKU"
"HIDRAULICA","ACABAMENTO REGISTRO","ACABAMENTO REGISTRO 3/4 C34 4900 DECA CR REF: 12049","Acabamento Registro C34 4900 Cr","Deca","3/4","indisponível","UN (EMB: 18)","39.20","39.2000","ESTIMADO","Média categoria HIDRAULICA + fator variação SKU"
"HIDRAULICA","ACABAMENTO REGISTRO","ACABAMENTO REGISTRO 3/4 C35 4900 DECA CR REF: 12050","Acabamento Registro C35 4900 Cr","Deca","3/4","indisponível","UN (EMB: 18)","40.21","40.2100","ESTIMADO","Média categoria HIDRAULICA + fator variação SKU"
"HIDRAULICA","ACABAMENTO VALVULA","ACABAMENTO VALV HYDRA BR REF: 12047","Acabamento Valv Hydra","indisponível","indisponível","indisponível","UN (EMB: 8)","37.18","37.1800","ESTIMADO","Média categoria HIDRAULICA + fator variação SKU"
"HIDRAULICA","ACABAMENTO VALVULA","ACABAMENTO VALV HYDRA CR REF: 12048","Acabamento Valv Hydra Cr","indisponível","indisponível","indisponível","UN (EMB: 8)","38.19","38.1900","ESTIMADO","Média categoria HIDRAULICA + fator variação SKU"
"HIDRAULICA","ACESSÓRIOS CAIXA ACOPLADA","ACESS CX ACOPL ASTRA BOLSA VEDACAO KS/BV REF: 11122","Acess Acopl Astra Bolsa Vedacao Ks Bv","indisponível","indisponível","indisponível","UN (EMB: 14)","21.84","21.8400","ESTIMADO","Média categoria HIDRAULICA + fator variação SKU"
"HIDRAULICA","ACESSÓRIOS CAIXA ACOPLADA","ACESS CX ACOPL ASTRA BOTAO ACIONAM MB CR REF: 10715","Acess Acopl Astra Botao Acionam Mb Cr","indisponível","indisponível","indisponível","UN (EMB: 8)","69.73","69.7300","ESTIMADO","Média categoria HIDRAULICA + fator variação SKU"
"HIDRAULICA","ACESSÓRIOS CAIXA ACOPLADA","ACESS CX ACOPL ASTRA BOTAO ACIONAM MB4 BR REF: 13908","Acess Acopl Astra Botao Acionam Mb4","indisponível","indisponível","indisponível","UN (EMB: 8)","77.98","77.9800","ESTIMADO","Média categoria HIDRAULICA + fator variação SKU"
"HIDRAULICA","ACESSÓRIOS CAIXA ACOPLADA","ACESS CX ACOPL ASTRA CONJ COMPLETO UNIV DUPLO ACIONAM MDU3/RP*BR REF: 13916","Acess Acopl Astra Conj Completo Univ Duplo Acionam Mdu3 Rp*","indisponível","indisponível","indisponível","UN (EMB: 3)","60.18","60.1800","ESTIMADO","Média categoria HIDRAULICA + fator variação SKU"
"HIDRAULICA","ACESSÓRIOS CAIXA ACOPLADA","ACESS CX ACOPL ASTRA CONJ COMPLETO UNIV SIMPLES MU/SP*BR REF: 13909","Acess Acopl Astra Conj Completo Univ Simples Mu Sp*","indisponível","indisponível","indisponível","UN (EMB: 3)","78.99","78.9900","ESTIMADO","Média categoria HIDRAULICA + fator variação SKU"
"HIDRAULICA","ACESSÓRIOS CAIXA ACOPLADA","ACESS CX ACOPL ASTRA CONJ FIXACAO KPF REF: 11121","Acess Acopl Astra Conj Fixacao Kpf","indisponível","indisponível","indisponível","UN (EMB: 12)","20.83","20.8300","ESTIMADO","Média categoria HIDRAULICA + fator variação SKU"
"HIDRAULICA","ACESSÓRIOS CAIXA ACOPLADA","ACESS CX ACOPL ASTRA ENTRADA AGUA UNIV CONVENC KEU REF: 10719","Acess Acopl Astra Entrada Agua Univ Convenc Keu","indisponível","indisponível","indisponível","UN (EMB: 6)","73.77","73.7700","ESTIMADO","Média categoria HIDRAULICA + fator variação SKU"
"HIDRAULICA","ACESSÓRIOS CAIXA ACOPLADA","ACESS CX ACOPL ASTRA ENTRADA AGUA UNIV HEU2 REF: 11120","Acess Acopl Astra Entrada Agua Univ Heu2","indisponível","indisponível","indisponível","UN (EMB: 6)","19.82","19.8200","ESTIMADO","Média categoria HIDRAULICA + fator variação SKU"
"HIDRAULICA","ACESSÓRIOS CAIXA ACOPLADA","ACESS CX ACOPL ASTRA ENTRADA AGUA UNIV HEU3 REF: 11120","Acess Acopl Astra Entrada Agua Univ Heu3","indisponível","indisponível","indisponível","UN (EMB: 6)","59.17","59.1700","ESTIMADO","Média categoria HIDRAULICA + fator variação SKU"
"HIDRAULICA","ACESSÓRIOS CAIXA ACOPLADA","ACESS CX ACOPL ASTRA OBTURADOR C/ CORRENTE KSO/AS REF: 14723","Acess Acopl Astra Obturador C Corrente Kso As","indisponível","indisponível","indisponível","UN (EMB: 1)","48.21","48.2100","ESTIMADO","Média categoria HIDRAULICA + fator variação SKU"
"HIDRAULICA","ACESSÓRIOS CAIXA ACOPLADA","ACESS CX ACOPL ASTRA OBTURADOR C/ CORRENTE KSOU REF: 14723","Acess Acopl Astra Obturador C Corrente Ksou","indisponível","indisponível","indisponível","UN (EMB: 1)","58.16","58.1600","ESTIMADO","Média categoria HIDRAULICA + fator variação SKU"
"HIDRAULICA","ACESSÓRIOS CAIXA ACOPLADA","ACESS CX ACOPL ASTRA OBTURADOR C/ CORRENTE UNIV AUT SERV KSOU/AS REF: 13907","Acess Acopl Astra Obturador C Corrente Univ Aut Serv Ksou As","indisponível","indisponível","indisponível","UN (EMB: 12)","76.97","76.9700","ESTIMADO","Média categoria HIDRAULICA + fator variação SKU"
"HIDRAULICA","ACESSÓRIOS CAIXA ACOPLADA","ACESS CX ACOPL ASTRA OBTURADOR S/ CORRENTE KS/O REF: 10720","Acess Acopl Astra Obturador S Corrente Ks O","indisponível","indisponível","indisponível","UN (EMB: 12)","74.78","74.7800","ESTIMADO","Média categoria HIDRAULICA + fator variação SKU"
"HIDRAULICA","ACESSÓRIOS CAIXA ACOPLADA","ACESS CX ACOPL ASTRA SAIDA UNIV DUPLO ACIONAM MDUS/RP*BR REF: 13906","Acess Acopl Astra Saida Univ Duplo Acionam Mdus Rp*","indisponível","indisponível","indisponível","UN (EMB: 6)","75.96","75.9600","ESTIMADO","Média categoria HIDRAULICA + fator variação SKU"
"HIDRAULICA","ACESSÓRIOS CAIXA ACOPLADA","ACESS CX ACOPL ASTRA TORNEIRA BOIA UNIV KFU REF: 10714","Acess Acopl Astra Torneira Boia Univ Kfu","indisponível","indisponível","indisponível","UN (EMB: 6)","68.72","68.7200","ESTIMADO","Média categoria HIDRAULICA + fator variação SKU"
"HIDRAULICA","ACESSÓRIOS CAIXA ACOPLADA","ACESS CX ACOPL HERC CONJ FIXACAO REF: 15034","Acess Acopl Herc Conj Fixacao","indisponível","indisponível","indisponível","UN (EMB: 1)","34.35","34.3500","ESTIMADO","Média categoria HIDRAULICA + fator variação SKU"
"HIDRAULICA","ACESSÓRIOS CAIXA ACOPLADA","KIT REPARO CABEÇOTE ASTRA CX ACOPLADA REF: 12120","Kit Reparo Cabeçote Astra Acoplada","indisponível","indisponível","indisponível","UN (EMB: 6)","44.92","44.9200","ESTIMADO","Média categoria HIDRAULICA + fator variação SKU"
"HIDRAULICA","ADAPTADOR CAIXA D AGUA","ADAPTADOR CAIXA D AGUA C/ REGISTRO TIGRE 25MM REF: 13975","Adaptador D Agua C Registro","Tigre","25MM","indisponível","UN (EMB: 6)","14.66","14.6600","ESTIMADO","Média categoria HIDRAULICA + fator variação SKU"
"HIDRAULICA","ADAPTADOR CAIXA D AGUA","ADAPTADOR CAIXA D AGUA C/ REGISTRO TIGRE 50MM REF: 13976","Adaptador D Agua C Registro","Tigre","50MM","indisponível","UN (EMB: 6)","15.67","15.6700","ESTIMADO","Média categoria HIDRAULICA + fator variação SKU"
"HIDRAULICA","ADAPTADOR COM FLANGE","ADAPTADOR C/ FLANGE FORTLEV 20X1/2 REF: 10405","Adaptador C Flange 2","Fortlev","20X1","indisponível","UN (EMB: 12)","19.60","19.6000","ESTIMADO","Média categoria HIDRAULICA + fator variação SKU"
"HIDRAULICA","ADAPTADOR COM FLANGE","ADAPTADOR C/ FLANGE FORTLEV 40X1.1/4 REF: 10408","Adaptador C Flange .1 4","Fortlev","40X1","indisponível","UN (EMB: 5)","22.63","22.6300","ESTIMADO","Média categoria HIDRAULICA + fator variação SKU"
"HIDRAULICA","ADAPTADOR COM FLANGE","ADAPTADOR C/ FLANGE FORTLEV 50X1.1/2 REF: 10409","Adaptador C Flange .1 2","Fortlev","50X1","indisponível","UN (EMB: 5)","23.64","23.6400","ESTIMADO","Média categoria HIDRAULICA + fator variação SKU"
"HIDRAULICA","ADAPTADOR COM FLANGE","ADAPTADOR C/ FLANGE TIGRE 25X3/4 REF: 13970","Adaptador C Flange 4","Tigre","25X3","indisponível","UN (EMB: 12)","74.61","74.6100","ESTIMADO","Média categoria HIDRAULICA + fator variação SKU"
"HIDRAULICA","ADAPTADOR COM FLANGE","ADAPTADOR C/ FLANGE TIGRE 32X1 REF: 13971","Adaptador C Flange","Tigre","32X1","indisponível","UN (EMB: 12)","75.62","75.6200","ESTIMADO","Média categoria HIDRAULICA + fator variação SKU"
"HIDRAULICA","ADAPTADOR COM FLANGE","ADAPTADOR C/ FLANGE TIGRE 40X1.1/4 REF: 13972","Adaptador C Flange .1 4","Tigre","40X1","indisponível","UN (EMB: 6)","76.63","76.6300","ESTIMADO","Média categoria HIDRAULICA + fator variação SKU"
"HIDRAULICA","ADAPTADOR COM FLANGE","ADAPTADOR C/ FLANGE TIGRE 50X1.1/2 REF: 13973","Adaptador C Flange .1 2","Tigre","50X1","indisponível","UN (EMB: 6)","77.64","77.6400","ESTIMADO","Média categoria HIDRAULICA + fator variação SKU"
"HIDRAULICA","ADAPTADOR COM FLANGE","ADAPTADOR C/ FLANGE TIGRE 60X2 REF: 13974","Adaptador C Flange","Tigre","60X2","indisponível","UN (EMB: 6)","78.65","78.6500","ESTIMADO","Média categoria HIDRAULICA + fator variação SKU"
"HIDRAULICA","ADAPTADOR COM FLANGE","ADAPTADOR C/FLANGE FORTLEV 25X3/4 REF: 10406","Adaptador C Flange 4","Fortlev","25X3","indisponível","UN (EMB: 10)","20.61","20.6100","ESTIMADO","Média categoria HIDRAULICA + fator variação SKU"
"HIDRAULICA","ADAPTADOR CURTO MARROM","ADAPTADOR CURTO MARROM FORTLEV 20X1/2 REF: 10411","Adaptador Curto 2","Fortlev","20X1","indisponível","UN (EMB: 50)","25.66","25.6600","ESTIMADO","Média categoria HIDRAULICA + fator variação SKU"
"HIDRAULICA","ADAPTADOR CURTO MARROM","ADAPTADOR CURTO MARROM FORTLEV 25X3/4 REF: 10412","Adaptador Curto 4","Fortlev","25X3","indisponível","UN (EMB: 50)","26.67","26.6700","ESTIMADO","Média categoria HIDRAULICA + fator variação SKU"
"HIDRAULICA","ADAPTADOR CURTO MARROM","ADAPTADOR CURTO MARROM FORTLEV 32X1 REF: 10413","Adaptador Curto","Fortlev","32X1","indisponível","UN (EMB: 25)","27.68","27.6800","ESTIMADO","Média categoria HIDRAULICA + fator variação SKU"
"HIDRAULICA","ADAPTADOR CURTO MARROM","ADAPTADOR CURTO MARROM FORTLEV 40X1.1/4 REF: 10414","Adaptador Curto .1 4","Fortlev","40X1","indisponível","UN (EMB: 10)","28.69","28.6900","ESTIMADO","Média categoria HIDRAULICA + fator variação SKU"
"HIDRAULICA","ADAPTADOR CURTO MARROM","ADAPTADOR CURTO MARROM FORTLEV 50X1.1/2 REF: 10415","Adaptador Curto .1 2","Fortlev","50X1","indisponível","UN (EMB: 25)","29.70","29.7000","ESTIMADO","Média categoria HIDRAULICA + fator variação SKU"
"HIDRAULICA","ADAPTADOR CURTO MARROM","ADAPTADOR CURTO MARROM FORTLEV 60X2 REF: 10416","Adaptador Curto","Fortlev","60X2","indisponível","UN (EMB: 10)","30.71","30.7100","ESTIMADO","Média categoria HIDRAULICA + fator variação SKU"
"HIDRAULICA","ADAPTADOR CURTO MARROM","ADAPTADOR CURTO MARROM TIGRE 20X1/2 REF: 13977","Adaptador Curto 2","Tigre","20X1","indisponível","UN (EMB: 60)","16.68","16.6800","ESTIMADO","Média categoria HIDRAULICA + fator variação SKU"
"HIDRAULICA","ADAPTADOR CURTO MARROM","ADAPTADOR CURTO MARROM TIGRE 25X3/4 REF: 13978","Adaptador Curto 4","Tigre","25X3","indisponível","UN (EMB: 50)","17.69","17.6900","ESTIMADO","Média categoria HIDRAULICA + fator variação SKU"
"HIDRAULICA","ADAPTADOR CURTO MARROM","ADAPTADOR CURTO MARROM TIGRE 50X1.1/2 REF: 13981","Adaptador Curto .1 2","Tigre","50X1","indisponível","UN (EMB: 25)","20.72","20.7200","ESTIMADO","Média categoria HIDRAULICA + fator variação SKU"
"HIDRAULICA","ADAPTADOR CURTO MARROM","ADAPTADOR CURTO MARROM TIGRE 60X2 REF: 13982","Adaptador Curto","Tigre","60X2","indisponível","UN (EMB: 12)","21.73","21.7300","ESTIMADO","Média categoria HIDRAULICA + fator variação SKU"
"HIDRAULICA","ANEL DE VEDAÇÃO P/ VASO","ANEL VEDACAO C/ GUIA BLUKIT REF: 14709","Anel Vedacao C Guia Blukit","indisponível","indisponível","indisponível","UN (EMB: 24)","34.07","34.0700","ESTIMADO","Média categoria HIDRAULICA + fator variação SKU"
"HIDRAULICA","ANEL DE VEDAÇÃO P/ VASO","ANEL VEDACAO C/ GUIA HERC REF: 14709","Anel Vedacao C Guia Herc","indisponível","indisponível","indisponível","UN (EMB: 24)","32.21","32.2100","ESTIMADO","Média categoria HIDRAULICA + fator variação SKU"
"HIDRAULICA","ANEL DE VEDAÇÃO P/ VASO","BOLSA EXCENT P/ VASO SANIT BACIA 4""","Bolsa Excent P Vaso Sanit Bacia 4""","indisponível","indisponível","indisponível","UN (EMB: 1)","61.86","61.8600","ESTIMADO","Média categoria HIDRAULICA + fator variação SKU"
"HIDRAULICA","ANEL VEDAÇÃO ESGOTO","ANEL VEDACAO ESGOTO FORTLEV 100MM REF: 10343","Anel Vedacao Esgoto","Fortlev","100MM","indisponível","UN (EMB: 25)","22.97","22.9700","ESTIMADO","Média categoria HIDRAULICA + fator variação SKU"
"HIDRAULICA","ANEL VEDAÇÃO ESGOTO","ANEL VEDACAO ESGOTO FORTLEV 200MM REF: 10345","Anel Vedacao Esgoto","Fortlev","200MM","indisponível","UN (EMB: 5)","24.99","24.9900","ESTIMADO","Média categoria HIDRAULICA + fator variação SKU"
"HIDRAULICA","ANEL VEDAÇÃO ESGOTO","ANEL VEDACAO ESGOTO FORTLEV 50MM REF: 10341","Anel Vedacao Esgoto","Fortlev","50MM","indisponível","UN (EMB: 50)","20.95","20.9500","ESTIMADO","Média categoria HIDRAULICA + fator variação SKU"
"HIDRAULICA","ANEL VEDAÇÃO ESGOTO","ANEL VEDACAO ESGOTO FORTLEV 75MM REF: 10342","Anel Vedacao Esgoto","Fortlev","75MM","indisponível","UN (EMB: 25)","21.96","21.9600","ESTIMADO","Média categoria HIDRAULICA + fator variação SKU"
"HIDRAULICA","ANEL VEDAÇÃO ESGOTO","ANEL VEDACAO ESGOTO TIGRE 40MM REF: 13983","Anel Vedacao Esgoto","Tigre","40MM","indisponível","UN (EMB: 50)","22.74","22.7400","ESTIMADO","Média categoria HIDRAULICA + fator variação SKU"
"HIDRAULICA","ANEL VEDAÇÃO ESGOTO","ANEL VEDACAO ESGOTO TIGRE 50MM REF: 13984","Anel Vedacao Esgoto","Tigre","50MM","indisponível","UN (EMB: 50)","23.75","23.7500","ESTIMADO","Média categoria HIDRAULICA + fator variação SKU"
"HIDRAULICA","ASSENTO SANITÁRIO","ASSENTO SANIT ASTRA TAJ ALMOF SLIM BR REF: 13910","Assento Sanit Astra Taj Almof Slim","indisponível","indisponível","indisponível","UN (EMB: 11)","15.00","15.0000","ESTIMADO","Média categoria HIDRAULICA + fator variação SKU"
"HIDRAULICA","ASSENTO SANITÁRIO","ASSENTO SANIT ASTRA TPJ SOFT BG REF: 11125","Assento Sanit Astra Tpj Soft Bg","indisponível","indisponível","indisponível","UN (EMB: 6)","24.87","24.8700","ESTIMADO","Média categoria HIDRAULICA + fator variação SKU"
"HIDRAULICA","ASSENTO SANITÁRIO","ASSENTO SANIT ASTRA TPJ SOFT BR REF: 11126","Assento Sanit Astra Tpj Soft","indisponível","indisponível","indisponível","UN (EMB: 12)","25.88","25.8800","ESTIMADO","Média categoria HIDRAULICA + fator variação SKU"
"HIDRAULICA","ASSENTO SANITÁRIO","ASSENTO SANIT ASTRA TPJ SOFT CZ REF: 11127","Assento Sanit Astra Tpj Soft","indisponível","indisponível","indisponível","UN (EMB: 6)","26.89","26.8900","ESTIMADO","Média categoria HIDRAULICA + fator variação SKU"
"HIDRAULICA","ASSENTO SANITÁRIO","ASSENTO SANIT HERC ENVOLVENTE BG REF: 12702","Assento Sanit Herc Envolvente Bg","indisponível","indisponível","indisponível","UN (EMB: 6)","34.23","34.2300","ESTIMADO","Média categoria HIDRAULICA + fator variação SKU"
"HIDRAULICA","ASSENTO SANITÁRIO","ASSENTO SANIT HERC ENVOLVENTE BR REF: 12701","Assento Sanit Herc Envolvente","indisponível","indisponível","indisponível","UN (EMB: 6)","40.79","40.7900","ESTIMADO","Média categoria HIDRAULICA + fator variação SKU"
"HIDRAULICA","ASSENTO SANITÁRIO","ASSENTO SANIT HERC ENVOLVENTE CZ CL REF: 12702","Assento Sanit Herc Envolvente Cl","indisponível","indisponível","indisponível","UN (EMB: 6)","41.80","41.8000","ESTIMADO","Média categoria HIDRAULICA + fator variação SKU"
"HIDRAULICA","ASSENTO SANITÁRIO","ASSENTO SANIT HERC PRIME ALMOF BG REF: 12704","Assento Sanit Herc Prime Almof Bg","indisponível","indisponível","indisponível","UN (EMB: 6)","33.22","33.2200","ESTIMADO","Média categoria HIDRAULICA + fator variação SKU"
"HIDRAULICA","ASSENTO SANITÁRIO","ASSENTO SANIT HERC PRIME ALMOF BR REF: 12703","Assento Sanit Herc Prime Almof","indisponível","indisponível","indisponível","UN (EMB: 6)","42.81","42.8100","ESTIMADO","Média categoria HIDRAULICA + fator variação SKU"
"HIDRAULICA","ASSENTO SANITÁRIO","ASSENTO SANIT HERC PRIME ALMOF CZ CL REF: 12704","Assento Sanit Herc Prime Almof Cl","indisponível","indisponível","indisponível","UN (EMB: 6)","43.82","43.8200","ESTIMADO","Média categoria HIDRAULICA + fator variação SKU"
"HIDRAULICA","ASSENTO SANITÁRIO","ASSENTO SANIT TIGRE MAX PLENA BR REF: 14225","Assento Sanit Max Plena","Tigre","indisponível","indisponível","UN (EMB: 5)","70.18","70.1800","ESTIMADO","Média categoria HIDRAULICA + fator variação SKU"
"HIDRAULICA","AUMENTO TORNEIRA ZAMAC","AUMENTO LONGO ZAMAC GARDEN 3/4 REF: 15152","Aumento Longo Zamac Garden","indisponível","3/4","indisponível","UN (EMB: 10)","21.55","21.5500","ESTIMADO","Média categoria HIDRAULICA + fator variação SKU"
"HIDRAULICA","AUMENTO TORNEIRA ZAMAC","AUMENTO MEDIO ZAMAC GARDEN 3/4 REF: 15153","Aumento Medio Zamac Garden","indisponível","3/4","indisponível","UN (EMB: 10)","22.56","22.5600","ESTIMADO","Média categoria HIDRAULICA + fator variação SKU"
"HIDRAULICA","BACIAS SANITARIAS","BACIA P/ CAIXA ACOPLADA BR ARAXA S. CLARA REF: 14757","Bacia P Acoplada Araxa S. Clara","indisponível","indisponível","indisponível","UN (EMB: 1)","16.56","16.5600","ESTIMADO","Média categoria HIDRAULICA + fator variação SKU"
"HIDRAULICA","BASE MICHU","BASE MICHU 3/4 X 1/2 4424 DECA REF: 12051","Base Michu X 1 2 4424","Deca","3/4","indisponível","UN (EMB: 4)","41.22","41.2200","ESTIMADO","Média categoria HIDRAULICA + fator variação SKU"
"HIDRAULICA","BASE MONOCOMANDO","BASE MONOCOMANDO CHUV CPVC 22MM 4493 DECA REF: 13078","Base Monocomando Chuv Cpvc 4493","Deca","22MM","indisponível","UN (EMB: 1)","27.60","27.6000","ESTIMADO","Média categoria HIDRAULICA + fator variação SKU"
"HIDRAULICA","BASE REGISTRO","BASE FACIL REGISTRO GAVETA PVC 25MM 4509 DECA REF: 13075","Base Facil Registro Gaveta 4509","Deca","25MM","indisponível","UN (EMB: 1)","24.57","24.5700","ESTIMADO","Média categoria HIDRAULICA + fator variação SKU"
"HIDRAULICA","BASE REGISTRO","BASE FACIL REGISTRO PRESSAO CPVC 22MM 4416 DECA REF: 13077","Base Facil Registro Pressao Cpvc 4416","Deca","22MM","indisponível","UN (EMB: 1)","26.59","26.5900","ESTIMADO","Média categoria HIDRAULICA + fator variação SKU"
"HIDRAULICA","BASE REGISTRO","BASE FACIL REGISTRO PRESSAO CPVC 28MM 4416 DECA REF: 13160","Base Facil Registro Pressao Cpvc 4416","Deca","28MM","indisponível","UN (EMB: 12)","45.42","45.4200","ESTIMADO","Média categoria HIDRAULICA + fator variação SKU"
"HIDRAULICA","BASE REGISTRO","BASE FACIL REGISTRO PRESSAO PVC 25MM 4416 DECA REF: 13076","Base Facil Registro Pressao 4416","Deca","25MM","indisponível","UN (EMB: 1)","25.58","25.5800","ESTIMADO","Média categoria HIDRAULICA + fator variação SKU"
"HIDRAULICA","BASE REGISTRO","BASE REGISTRO GAVETA 1 1/2 4509 DECA REF: 12052","Base Registro Gaveta 1 4509","Deca","1/2","indisponível","UN (EMB: 8)","42.23","42.2300","ESTIMADO","Média categoria HIDRAULICA + fator variação SKU"
"HIDRAULICA","BASE REGISTRO","BASE REGISTRO GAVETA 1 4509 DECA REF: 12350","Base Registro Gaveta 1 4509","Deca","indisponível","indisponível","UN (EMB: 12)","15.24","15.2400","ESTIMADO","Média categoria HIDRAULICA + fator variação SKU"
"HIDRAULICA","BASE REGISTRO","BASE REGISTRO GAVETA CPVC 22MM 4509 DECA REF: 12351","Base Registro Gaveta Cpvc 4509","Deca","22MM","indisponível","UN (EMB: 12)","16.25","16.2500","ESTIMADO","Média categoria HIDRAULICA + fator variação SKU"
"HIDRAULICA","BASE REGISTRO","BASE REGISTRO GAVETA CPVC 28MM 4509 DECA REF: 12352","Base Registro Gaveta Cpvc 4509","Deca","28MM","indisponível","UN (EMB: 12)","17.26","17.2600","ESTIMADO","Média categoria HIDRAULICA + fator variação SKU"
"HIDRAULICA","BASE REGISTRO","BASE REGISTRO PRESSAO 3/4 4416 DECA REF: 12054","Base Registro Pressao 4416","Deca","3/4","indisponível","UN (EMB: 12)","44.25","44.2500","ESTIMADO","Média categoria HIDRAULICA + fator variação SKU"
"HIDRAULICA","BASE VALVULA","BASE VALV 1 1/2 4550 HYDRA MAX REF: 12055","Base Valv 1 4550 Hydra Max","indisponível","1/2","indisponível","UN (EMB: 4)","45.26","45.2600","ESTIMADO","Média categoria HIDRAULICA + fator variação SKU"
"HIDRAULICA","BRAÇO CHUVEIRO","BRACO CHUVEIRO PVC ASTRA C/ CAPA 30CM BR REF: 10709","Aco Chuveiro Astra C Capa 30cm Br","indisponível","indisponível","indisponível","UN (EMB: 12)","63.90","63.9000","ESTIMADO","Regra modelo/marca (Lorenzetti/Bella/Maxi) + potência 5500W"
"HIDRAULICA","BRAÇO CHUVEIRO","BRACO CHUVEIRO PVC ASTRA C/ CAPA 40CM BR REF: 10710","Aco Chuveiro Astra C Capa 40cm Br","indisponível","indisponível","indisponível","UN (EMB: 6)","64.00","64.0000","ESTIMADO","Regra modelo/marca (Lorenzetti/Bella/Maxi) + potência 5500W"
"HIDRAULICA","BRAÇO CHUVEIRO","BRACO P/ CHUVEIRO POL ALUREM 30CM REF: 12514","Braco P Chuveiro Pol Alurem 30cm","indisponível","indisponível","indisponível","UN (EMB: 25)","64.40","64.4000","ESTIMADO","Regra modelo/marca (Lorenzetti/Bella/Maxi) + potência 5500W"
"HIDRAULICA","BRAÇO CHUVEIRO","BRACO P/ CHUVEIRO POL ALUREM 40CM REF: 12513","Braco P Chuveiro Pol Alurem 40cm","indisponível","indisponível","indisponível","UN (EMB: 25)","64.30","64.3000","ESTIMADO","Regra modelo/marca (Lorenzetti/Bella/Maxi) + potência 5500W"
"HIDRAULICA","BUCHA DE REDUÇÃO CURTA","BUCHA RED CURTA LL FORTLEV 25X20MM REF: 10417","Bucha Red Curta Ll 25x20mm","Fortlev","indisponível","indisponível","UN (EMB: 50)","31.72","31.7200","ESTIMADO","Média categoria HIDRAULICA + fator variação SKU"
"HIDRAULICA","BUCHA DE REDUÇÃO CURTA","BUCHA RED CURTA LL FORTLEV 32X25MM REF: 10418","Bucha Red Curta Ll 32x25mm","Fortlev","indisponível","indisponível","UN (EMB: 50)","32.73","32.7300","ESTIMADO","Média categoria HIDRAULICA + fator variação SKU"
"HIDRAULICA","BUCHA DE REDUÇÃO CURTA","BUCHA RED CURTA LL FORTLEV 40X32MM REF: 10419","Bucha Red Curta Ll 40x32mm","Fortlev","indisponível","indisponível","UN (EMB: 10)","33.74","33.7400","ESTIMADO","Média categoria HIDRAULICA + fator variação SKU"
"HIDRAULICA","BUCHA DE REDUÇÃO CURTA","BUCHA RED CURTA LL FORTLEV 60X50MM REF: 10420","Bucha Red Curta Ll 60x50mm","Fortlev","indisponível","indisponível","UN (EMB: 12)","34.75","34.7500","ESTIMADO","Média categoria HIDRAULICA + fator variação SKU"
"HIDRAULICA","BUCHA DE REDUÇÃO CURTA","BUCHA RED CURTA LL TIGRE 25X20MM REF: 13987","Bucha Red Curta Ll 25x20mm","Tigre","indisponível","indisponível","UN (EMB: 50)","26.78","26.7800","ESTIMADO","Média categoria HIDRAULICA + fator variação SKU"
"HIDRAULICA","BUCHA DE REDUÇÃO CURTA","BUCHA RED CURTA LL TIGRE 32X25MM REF: 13988","Bucha Red Curta Ll 32x25mm","Tigre","indisponível","indisponível","UN (EMB: 50)","27.79","27.7900","ESTIMADO","Média categoria HIDRAULICA + fator variação SKU"
"HIDRAULICA","BUCHA DE REDUÇÃO CURTA","BUCHA RED CURTA LL TIGRE 60X50MM REF: 13989","Bucha Red Curta Ll 60x50mm","Tigre","indisponível","indisponível","UN (EMB: 25)","28.80","28.8000","ESTIMADO","Média categoria HIDRAULICA + fator variação SKU"
"HIDRAULICA","BUCHA DE REDUÇÃO LONGA","BUCHA RED LONGA LL FORTLEV 40X25MM REF: 10421","Bucha Red Longa Ll 40x25mm","Fortlev","indisponível","indisponível","UN (EMB: 10)","35.76","35.7600","ESTIMADO","Média categoria HIDRAULICA + fator variação SKU"
"HIDRAULICA","BUCHA DE REDUÇÃO LONGA","BUCHA RED LONGA LL FORTLEV 50X25MM REF: 10422","Bucha Red Longa Ll 50x25mm","Fortlev","indisponível","indisponível","UN (EMB: 25)","36.77","36.7700","ESTIMADO","Média categoria HIDRAULICA + fator variação SKU"
"HIDRAULICA","BUCHA DE REDUÇÃO LONGA","BUCHA RED LONGA LL FORTLEV 50X32MM REF: 10423","Bucha Red Longa Ll 50x32mm","Fortlev","indisponível","indisponível","UN (EMB: 10)","37.78","37.7800","ESTIMADO","Média categoria HIDRAULICA + fator variação SKU"
"HIDRAULICA","BUCHA DE REDUÇÃO LONGA","BUCHA RED LONGA LL TIGRE 50X25MM REF: 13991","Bucha Red Longa Ll 50x25mm","Tigre","indisponível","indisponível","UN (EMB: 12)","30.82","30.8200","ESTIMADO","Média categoria HIDRAULICA + fator variação SKU"
"HIDRAULICA","BUCHA DE REDUÇÃO LONGA","BUCHA RED LONGA LL TIGRE 50X32MM REF: 13992","Bucha Red Longa Ll 50x32mm","Tigre","indisponível","indisponível","UN (EMB: 12)","31.83","31.8300","ESTIMADO","Média categoria HIDRAULICA + fator variação SKU"
"HIDRAULICA","BUCHA DE REDUÇÃO RR","BUCHA RED RR TIGRE 3/4X1/2 REF: 13993","Bucha Red Rr 3 2","Tigre","4X1","indisponível","UN (EMB: 50)","32.84","32.8400","ESTIMADO","Média categoria HIDRAULICA + fator variação SKU"
"HIDRAULICA","BUCHA REDUÇÃO ESGOTO","BUCHA RED LONGA ESGOTO FORTLEV 50X40MM REF: 10404","Bucha Red Longa Esgoto 50x40mm","Fortlev","indisponível","indisponível","UN (EMB: 20)","18.59","18.5900","ESTIMADO","Média categoria HIDRAULICA + fator variação SKU"
"HIDRAULICA","BUCHA REDUÇÃO ESGOTO","BUCHA RED LONGA ESGOTO TIGRE 50X40MM REF: 13990","Bucha Red Longa Esgoto 50x40mm","Tigre","indisponível","indisponível","UN (EMB: 20)","29.81","29.8100","ESTIMADO","Média categoria HIDRAULICA + fator variação SKU"
"HIDRAULICA","CAIXA DE GORDURA","CAIXA GORDURA QUAD 42L HERC C/ CESTO E TAMPA REF: 13958","Gordura Quad 42l Herc C Cesto E Tampa","indisponível","indisponível","indisponível","UN (EMB: 1)","63.48","63.4800","ESTIMADO","Média categoria HIDRAULICA + fator variação SKU"
"HIDRAULICA","CAIXA DESCARGA","CAIXA DESCARGA ASTRA C17 6/9L BR REF: 10713","Descarga Astra C17 6 9l","indisponível","indisponível","indisponível","UN (EMB: 10)","67.71","67.7100","ESTIMADO","Média categoria HIDRAULICA + fator variação SKU"
"HIDRAULICA","CAIXA DESCARGA ACOPL. (LOUÇA)","CAIXA P/ BACIA ACOPLADA BR ARAXA S. CLARA REF: 14275","P Bacia Acoplada Araxa S. Clara","indisponível","indisponível","indisponível","UN (EMB: 1)","54.69","54.6900","ESTIMADO","Média categoria HIDRAULICA + fator variação SKU"
"HIDRAULICA","CAIXA PARA HIDROMETRO","CAIXA P/ HIDROMETRO BRK 1 MED ENNOVE REF: 14524","P Hidrometro Brk 1 Med Ennove","indisponível","indisponível","indisponível","UN (EMB: 1)","44.20","44.2000","ESTIMADO","Média categoria HIDRAULICA + fator variação SKU"
"HIDRAULICA","CAIXA SIFONADA","CAIXA SIFONADA FORTLEV 100X100X50 CORPO REF: 10349","Sifonada 100x100x50 Corpo","Fortlev","indisponível","indisponível","UN (EMB: 6)","29.03","29.0300","ESTIMADO","Média categoria HIDRAULICA + fator variação SKU"
"HIDRAULICA","CAIXA SIFONADA","CAIXA SIFONADA FORTLEV 100X100X50 QUADRADA REF: 10346","Sifonada 100x100x50 Quadrada","Fortlev","indisponível","indisponível","UN (EMB: 12)","26.00","26.0000","ESTIMADO","Média categoria HIDRAULICA + fator variação SKU"
"HIDRAULICA","CAIXA SIFONADA","CAIXA SIFONADA FORTLEV 150X150X50 CORPO REF: 10350","Sifonada 150x150x50 Corpo","Fortlev","indisponível","indisponível","UN (EMB: 6)","30.04","30.0400","ESTIMADO","Média categoria HIDRAULICA + fator variação SKU"
"HIDRAULICA","CAIXA SIFONADA","CAIXA SIFONADA FORTLEV 150X150X50 QUADRADA REF: 10347","Sifonada 150x150x50 Quadrada","Fortlev","indisponível","indisponível","UN (EMB: 6)","27.01","27.0100","ESTIMADO","Média categoria HIDRAULICA + fator variação SKU"
"HIDRAULICA","CAIXA SIFONADA","CAIXA SIFONADA FORTLEV 150X150X50 REDONDA REF: 14290","Sifonada 150x150x50 Redonda","Fortlev","indisponível","indisponível","UN (EMB: 6)","69.84","69.8400","ESTIMADO","Média categoria HIDRAULICA + fator variação SKU"
"HIDRAULICA","CAIXA SIFONADA","CAIXA SIFONADA FORTLEV 250X172X50 QUADRADA REF: 11096","Sifonada 250x172x50 Quadrada","Fortlev","indisponível","indisponível","UN (EMB: 4)","60.58","60.5800","ESTIMADO","Média categoria HIDRAULICA + fator variação SKU"
"HIDRAULICA","CAIXA SIFONADA","CAIXA SIFONADA FORTLEV 250X172X50 REDONDA REF: 11097","Sifonada 250x172x50 Redonda","Fortlev","indisponível","indisponível","UN (EMB: 4)","61.59","61.5900","ESTIMADO","Média categoria HIDRAULICA + fator variação SKU"
"HIDRAULICA","CAIXA SIFONADA","CAIXA SIFONADA TIGRE 100X100X50 QUADRADA REF: 13995","Sifonada 100x100x50 Quadrada","Tigre","indisponível","indisponível","UN (EMB: 6)","34.86","34.8600","ESTIMADO","Média categoria HIDRAULICA + fator variação SKU"
"HIDRAULICA","CAIXA SIFONADA","CAIXA SIFONADA TIGRE 100X100X50MM REDONDA REF: 14730","Sifonada 100x100x50mm Redonda","Tigre","indisponível","indisponível","UN (EMB: 6)","55.28","55.2800","ESTIMADO","Média categoria HIDRAULICA + fator variação SKU"
"HIDRAULICA","CAIXA SIFONADA","CAIXA SIFONADA TIGRE 150X150X50 QUADRADA REF: 13996","Sifonada 150x150x50 Quadrada","Tigre","indisponível","indisponível","UN (EMB: 12)","35.87","35.8700","ESTIMADO","Média categoria HIDRAULICA + fator variação SKU"
"HIDRAULICA","CAIXA SIFONADA","CAIXA SIFONADA TIGRE 250X230X75 REDONDA REF: 13997","Sifonada 250x230x75 Redonda","Tigre","indisponível","indisponível","UN (EMB: 4)","36.88","36.8800","ESTIMADO","Média categoria HIDRAULICA + fator variação SKU"
"HIDRAULICA","CAIXA SIFONADA","CORPO CAIXA SIFONADA TIGRE 100X100X50 REF: 14012","Corpo Sifonada 100x100x50","Tigre","indisponível","indisponível","UN (EMB: 6)","52.03","52.0300","ESTIMADO","Média categoria HIDRAULICA + fator variação SKU"
"HIDRAULICA","CAIXA SIFONADA","CORPO CAIXA SIFONADA TIGRE 150X150X50 REF: 14013","Corpo Sifonada 150x150x50","Tigre","indisponível","indisponível","UN (EMB: 12)","53.04","53.0400","ESTIMADO","Média categoria HIDRAULICA + fator variação SKU"
"HIDRAULICA","CAP ESGOTO","CAP ESGOTO FORTLEV 100MM REF: 10284","Cap Esgoto","Fortlev","100MM","indisponível","UN (EMB: 10)","29.37","29.3700","ESTIMADO","Média categoria HIDRAULICA + fator variação SKU"
"HIDRAULICA","CAP ESGOTO","CAP ESGOTO FORTLEV 150MM REF: 10285","Cap Esgoto","Fortlev","150MM","indisponível","UN (EMB: 1)","30.38","30.3800","ESTIMADO","Média categoria HIDRAULICA + fator variação SKU"
"HIDRAULICA","CAP ESGOTO","CAP ESGOTO FORTLEV 40MM REF: 10281","Cap Esgoto","Fortlev","40MM","indisponível","UN (EMB: 10)","26.34","26.3400","ESTIMADO","Média categoria HIDRAULICA + fator variação SKU"
"HIDRAULICA","CAP ESGOTO","CAP ESGOTO FORTLEV 50MM REF: 10282","Cap Esgoto","Fortlev","50MM","indisponível","UN (EMB: 10)","27.35","27.3500","ESTIMADO","Média categoria HIDRAULICA + fator variação SKU"
"HIDRAULICA","CAP ESGOTO","CAP ESGOTO FORTLEV 75MM REF: 10283","Cap Esgoto","Fortlev","75MM","indisponível","UN (EMB: 10)","28.36","28.3600","ESTIMADO","Média categoria HIDRAULICA + fator variação SKU"
"HIDRAULICA","CAP ESGOTO","CAP ESGOTO TIGRE 100MM REF: 14001","Cap Esgoto","Tigre","100MM","indisponível","UN (EMB: 20)","40.92","40.9200","ESTIMADO","Média categoria HIDRAULICA + fator variação SKU"
"HIDRAULICA","CAP ESGOTO","CAP ESGOTO TIGRE 150MM REF: 14002","Cap Esgoto","Tigre","150MM","indisponível","UN (EMB: 6)","41.93","41.9300","ESTIMADO","Média categoria HIDRAULICA + fator variação SKU"
"HIDRAULICA","CAP ESGOTO","CAP ESGOTO TIGRE 40MM REF: 13998","Cap Esgoto","Tigre","40MM","indisponível","UN (EMB: 10)","37.89","37.8900","ESTIMADO","Média categoria HIDRAULICA + fator variação SKU"
"HIDRAULICA","CAP ESGOTO","CAP ESGOTO TIGRE 50MM REF: 13999","Cap Esgoto","Tigre","50MM","indisponível","UN (EMB: 25)","38.90","38.9000","ESTIMADO","Média categoria HIDRAULICA + fator variação SKU"
"HIDRAULICA","CAP ESGOTO","CAP ESGOTO TIGRE 75MM REF: 14000","Cap Esgoto","Tigre","75MM","indisponível","UN (EMB: 20)","39.91","39.9100","ESTIMADO","Média categoria HIDRAULICA + fator variação SKU"
"HIDRAULICA","CAP MARROM LL","CAP MARROM LL FORTLEV 20MM REF: 10430","Cap Ll","Fortlev","20MM","indisponível","UN (EMB: 50)","44.85","44.8500","ESTIMADO","Média categoria HIDRAULICA + fator variação SKU"
"HIDRAULICA","CAP MARROM LL","CAP MARROM LL FORTLEV 25MM REF: 10431","Cap Ll","Fortlev","25MM","indisponível","UN (EMB: 50)","45.86","45.8600","ESTIMADO","Média categoria HIDRAULICA + fator variação SKU"
"HIDRAULICA","CAP MARROM LL","CAP MARROM LL FORTLEV 32MM REF: 10432","Cap Ll","Fortlev","32MM","indisponível","UN (EMB: 25)","46.87","46.8700","ESTIMADO","Média categoria HIDRAULICA + fator variação SKU"
"HIDRAULICA","CAP MARROM LL","CAP MARROM LL FORTLEV 40MM REF: 10433","Cap Ll","Fortlev","40MM","indisponível","UN (EMB: 10)","47.88","47.8800","ESTIMADO","Média categoria HIDRAULICA + fator variação SKU"
"HIDRAULICA","CAP MARROM LL","CAP MARROM LL FORTLEV 50MM REF: 10434","Cap Ll","Fortlev","50MM","indisponível","UN (EMB: 10)","48.89","48.8900","ESTIMADO","Média categoria HIDRAULICA + fator variação SKU"
"HIDRAULICA","CAP MARROM LL","CAP MARROM LL TIGRE 20MM REF: 14003","Cap Ll","Tigre","20MM","indisponível","UN (EMB: 50)","42.94","42.9400","ESTIMADO","Média categoria HIDRAULICA + fator variação SKU"
"HIDRAULICA","CAP MARROM LL","CAP MARROM LL TIGRE 25MM REF: 14004","Cap Ll","Tigre","25MM","indisponível","UN (EMB: 50)","43.95","43.9500","ESTIMADO","Média categoria HIDRAULICA + fator variação SKU"
"HIDRAULICA","CAP MARROM LL","CAP MARROM LL TIGRE 32MM REF: 14005","Cap Ll","Tigre","32MM","indisponível","UN (EMB: 30)","44.96","44.9600","ESTIMADO","Média categoria HIDRAULICA + fator variação SKU"
"HIDRAULICA","CAP MARROM LL","CAP MARROM LL TIGRE 50MM REF: 14006","Cap Ll","Tigre","50MM","indisponível","UN (EMB: 20)","45.97","45.9700","ESTIMADO","Média categoria HIDRAULICA + fator variação SKU"
"HIDRAULICA","CAP MARROM LL","COLA PVC FORTLEV 175G C/ PINCEL REF: 12707","Cola 175g C Pincel","Fortlev","indisponível","indisponível","CX (EMB: 12)","4.56","4.5600","ESTIMADO","Regra tipo/marca (Roma/Atlas) + dimensões pintura"
"HIDRAULICA","CESTINHA P/ VALVULA AMERICANA","CESTINHA P/ VALVULA AMERICANA OVERTIME CR REF: 14356","Cestinha P Valvula Americana Overtime Cr","indisponível","indisponível","indisponível","UN (EMB: 12)","70.51","70.5100","ESTIMADO","Média categoria HIDRAULICA + fator variação SKU"
"HIDRAULICA","CHAVE BOIA","TORNEIRA JARDIM PT 1/2 3/4 FORTLEV REF: 14983","Torneira Jardim 3 4","Fortlev","1/2","indisponível","UN (EMB: 12)","47.84","47.8400","ESTIMADO","Média categoria HIDRAULICA + fator variação SKU"
"HIDRAULICA","CICALFER PREMIUM","TUBO DE LIGACAO P BACIA DECA CR 1968 C REF: 12714","Tubo De Ligacao P Bacia Cr 1968 C","Deca","indisponível","indisponível","UN (EMB: 1)","25.12","25.1200","ESTIMADO","Regra tubulação (PVC/Eletroduto) + diâmetro polegadas"
"HIDRAULICA","COLA TUBO CPVC","COLA CPVC TIGRE AQUATERM 175G C/ PINCEL REF: 14007","Cola Cpvc Aquaterm 175g C Pincel","Tigre","indisponível","indisponível","UN (EMB: 8)","4.56","4.5600","ESTIMADO","Regra tipo/marca (Roma/Atlas) + dimensões pintura"
"HIDRAULICA","COLA TUBO CPVC","COLA CPVC TIGRE AQUATHERM 17G REF: 15168","Cola Cpvc Aquatherm 17g","Tigre","indisponível","indisponível","UN (EMB: 20)","37.71","37.7100","ESTIMADO","Média categoria HIDRAULICA + fator variação SKU"
"HIDRAULICA","COLA TUBO CPVC","COLA CPVC TIGRE AQUATHERM 75G REF: 15169","Cola Cpvc Aquatherm 75g","Tigre","indisponível","indisponível","UN (EMB: 12)","38.72","38.7200","ESTIMADO","Média categoria HIDRAULICA + fator variação SKU"
"HIDRAULICA","COLA TUBO CPVC","COLA SPRAY CPVC ETANIZ 150G REF: 15163","Cola Spray Cpvc Etaniz 150g","indisponível","indisponível","indisponível","UN (EMB: 12)","32.66","32.6600","ESTIMADO","Média categoria HIDRAULICA + fator variação SKU"
"HIDRAULICA","COLA TUBO PVC","COLA PVC FORTLEV 17G REF: 12705","Cola 17g","Fortlev","indisponível","indisponível","CX (EMB: 48)","44.83","44.8300","ESTIMADO","Média categoria HIDRAULICA + fator variação SKU"
"HIDRAULICA","COLA TUBO PVC","COLA PVC FORTLEV 75G REF: 12706","Cola 75g","Fortlev","indisponível","indisponível","CX (EMB: 30)","45.84","45.8400","ESTIMADO","Média categoria HIDRAULICA + fator variação SKU"
"HIDRAULICA","COLA TUBO PVC","COLA PVC FORTLEV 850G REF: 12708","Cola 850g","Fortlev","indisponível","indisponível","CX (EMB: 6)","47.86","47.8600","ESTIMADO","Média categoria HIDRAULICA + fator variação SKU"
"HIDRAULICA","COLA TUBO PVC","COLA PVC TIGRE 175G C/ PINCEL REF: 14011","Cola 175g C Pincel","Tigre","indisponível","indisponível","UN (EMB: 15)","4.62","4.6200","ESTIMADO","Regra tipo/marca (Roma/Atlas) + dimensões pintura"
"HIDRAULICA","COLA TUBO PVC","COLA PVC TIGRE 17G REF: 14008","Cola 17g","Tigre","indisponível","indisponível","UN (EMB: 36)","47.99","47.9900","ESTIMADO","Média categoria HIDRAULICA + fator variação SKU"
"HIDRAULICA","COLA TUBO PVC","COLA PVC TIGRE 75G REF: 14009","Cola 75g","Tigre","indisponível","indisponível","UN (EMB: 30)","49.00","49.0000","ESTIMADO","Média categoria HIDRAULICA + fator variação SKU"
"HIDRAULICA","COLA TUBO PVC","COLA PVC TIGRE 850G REF: 14010","Cola 850g","Tigre","indisponível","indisponível","UN (EMB: 6)","50.01","50.0100","ESTIMADO","Média categoria HIDRAULICA + fator variação SKU"
"HIDRAULICA","COLA TUBO PVC","COLA SPRAY PVC ETANIZ 150G REF: 15162","Cola Spray Etaniz 150g","indisponível","indisponível","indisponível","UN (EMB: 12)","31.65","31.6500","ESTIMADO","Média categoria HIDRAULICA + fator variação SKU"
"HIDRAULICA","COLUNA P/ TANQUE (LOUÇA)","COLUNA P/ TANQUE ICASA BR REF: 15395","Coluna P Tanque Icasa","indisponível","indisponível","indisponível","UN (EMB: 1)","70.00","70.0000","ESTIMADO","Média categoria HIDRAULICA + fator variação SKU"
"HIDRAULICA","CONECTOR CPVC AGUA QUENTE","CONECTOR CPVC AQUATHERM TIGRE 22X3/4 REF: 15166","Conector Cpvc Aquatherm 4","Tigre","22X3","indisponível","UN (EMB: 10)","35.69","35.6900","ESTIMADO","Média categoria HIDRAULICA + fator variação SKU"
"HIDRAULICA","CONEXAO TORNEIRA","CONEXAO BICO MANG TRAMONTINA ROSCA 3/4 BUCHA RED 1/2 POTE C/ 75 PCS REF: 13912","Conexao Bico Mang Rosca Bucha Red 1 2 Pote C 75 Pcs","Tramontina","3/4","indisponível","UN (EMB: 1)","17.02","17.0200","ESTIMADO","Média categoria HIDRAULICA + fator variação SKU"
"HIDRAULICA","CONEXAO TORNEIRA","CONEXAO BICO MANG TRAMONTINA ROSCA 3/4 BUCHA RED 1/2 REF: 13179","Conexao Bico Mang Rosca Bucha Red 1 2","Tramontina","3/4","indisponível","UN (EMB: 12)","63.62","63.6200","ESTIMADO","Média categoria HIDRAULICA + fator variação SKU"
"HIDRAULICA","CONJUNTO REGISTRO E TORNEIRA","CONJ REG MAQ LAVAR 1/2 C/ TORN C/ BICO HERC 10CM BR REF: 12426","Conj Reg Maq Lavar C Torn C Bico Herc 10cm","indisponível","1/2","indisponível","UN (EMB: 1)","26.01","26.0100","ESTIMADO","Média categoria HIDRAULICA + fator variação SKU"
"HIDRAULICA","COTOVELO AZUL LR","COTOVELO AZUL LR FORTLEV 20X1/2 REF: 10395","Cotovelo Lr 2","Fortlev","20X1","indisponível","UN (EMB: 15)","74.50","74.5000","ESTIMADO","Média categoria HIDRAULICA + fator variação SKU"
"HIDRAULICA","COTOVELO AZUL LR","COTOVELO AZUL LR FORTLEV 25X3/4 REF: 10397","Cotovelo Lr 4","Fortlev","25X3","indisponível","UN (EMB: 20)","76.52","76.5200","ESTIMADO","Média categoria HIDRAULICA + fator variação SKU"
"HIDRAULICA","COTOVELO AZUL LR","COTOVELO AZUL LR TIGRE 20X1/2 REF: 14014","Cotovelo Lr 2","Tigre","20X1","indisponível","UN (EMB: 15)","54.05","54.0500","ESTIMADO","Média categoria HIDRAULICA + fator variação SKU"
"HIDRAULICA","COTOVELO AZUL LR","COTOVELO AZUL LR TIGRE 25X3/4 REF: 14015","Cotovelo Lr 4","Tigre","25X3","indisponível","UN (EMB: 20)","55.06","55.0600","ESTIMADO","Média categoria HIDRAULICA + fator variação SKU"
"HIDRAULICA","COTOVELO AZUL LR","COTOVELO AZUL RED LR FORTLEV 25X1/2 REF: 10396","Cotovelo Red Lr 2","Fortlev","25X1","indisponível","UN (EMB: 20)","75.51","75.5100","ESTIMADO","Média categoria HIDRAULICA + fator variação SKU"
"HIDRAULICA","COTOVELO AZUL LR","COTOVELO AZUL RED LR TIGRE 25X1/2 REF: 14016","Cotovelo Red Lr 2","Tigre","25X1","indisponível","UN (EMB: 20)","56.07","56.0700","ESTIMADO","Média categoria HIDRAULICA + fator variação SKU"
"HIDRAULICA","COTOVELO CPVC AGUA QUENTE","COTOVELO CPVC AQUATHERM TIGRE 22X45 REF: 15128","Cotovelo Cpvc Aquatherm","Tigre","22X45","indisponível","UN (EMB: 20)","63.30","63.3000","ESTIMADO","Média categoria HIDRAULICA + fator variação SKU"
"HIDRAULICA","COTOVELO CPVC AGUA QUENTE","COTOVELO CPVC AQUATHERM TIGRE 28X45 REF: 15129","Cotovelo Cpvc Aquatherm","Tigre","28X45","indisponível","UN (EMB: 10)","64.31","64.3100","ESTIMADO","Média categoria HIDRAULICA + fator variação SKU"
"HIDRAULICA","COTOVELO CPVC AGUA QUENTE","COTOVELO CPVC AQUATHERM TIGRE 28X90 REF: 15130","Cotovelo Cpvc Aquatherm","Tigre","28X90","indisponível","UN (EMB: 10)","65.32","65.3200","ESTIMADO","Média categoria HIDRAULICA + fator variação SKU"
"HIDRAULICA","COTOVELO CPVC AGUA QUENTE","COTOVELO TRANSICAO CPVC AQUATHERM TIGRE 22X1/2 REF: 15137","Cotovelo Transicao Cpvc Aquatherm 2","Tigre","22X1","indisponível","UN (EMB: 20)","72.39","72.3900","ESTIMADO","Média categoria HIDRAULICA + fator variação SKU"
"HIDRAULICA","COTOVELO CPVC AGUA QUENTE","COTOVELO TRANSICAO CPVC AQUATHERM TIGRE 28X1 REF: 15138","Cotovelo Transicao Cpvc Aquatherm","Tigre","28X1","indisponível","UN (EMB: 10)","73.40","73.4000","ESTIMADO","Média categoria HIDRAULICA + fator variação SKU"
"HIDRAULICA","COTOVELO ESGOTO","COTOVELO ESGOTO C/ ANEL FORTLEV 40X90 REF: 10310","Cotovelo Esgoto C Anel","Fortlev","40X90","indisponível","UN (EMB: 25)","54.64","54.6400","ESTIMADO","Média categoria HIDRAULICA + fator variação SKU"
"HIDRAULICA","COTOVELO ESGOTO","COTOVELO ESGOTO FORTLEV 100X45 REF: 10303","Cotovelo Esgoto","Fortlev","100X45","indisponível","UN (EMB: 10)","47.57","47.5700","ESTIMADO","Média categoria HIDRAULICA + fator variação SKU"
"HIDRAULICA","COTOVELO ESGOTO","COTOVELO ESGOTO FORTLEV 100X90 REF: 10308","Cotovelo Esgoto","Fortlev","100X90","indisponível","UN (EMB: 20)","52.62","52.6200","ESTIMADO","Média categoria HIDRAULICA + fator variação SKU"
"HIDRAULICA","COTOVELO ESGOTO","COTOVELO ESGOTO FORTLEV 150X45 REF: 10304","Cotovelo Esgoto","Fortlev","150X45","indisponível","UN (EMB: 8)","48.58","48.5800","ESTIMADO","Média categoria HIDRAULICA + fator variação SKU"
"HIDRAULICA","COTOVELO ESGOTO","COTOVELO ESGOTO FORTLEV 150X90 REF: 10309","Cotovelo Esgoto","Fortlev","150X90","indisponível","UN (EMB: 10)","53.63","53.6300","ESTIMADO","Média categoria HIDRAULICA + fator variação SKU"
"HIDRAULICA","COTOVELO ESGOTO","COTOVELO ESGOTO FORTLEV 40X45 REF: 10300","Cotovelo Esgoto","Fortlev","40X45","indisponível","UN (EMB: 25)","44.54","44.5400","ESTIMADO","Média categoria HIDRAULICA + fator variação SKU"
"HIDRAULICA","COTOVELO ESGOTO","COTOVELO ESGOTO FORTLEV 40X90 REF: 10305","Cotovelo Esgoto","Fortlev","40X90","indisponível","UN (EMB: 25)","49.59","49.5900","ESTIMADO","Média categoria HIDRAULICA + fator variação SKU"
"HIDRAULICA","COTOVELO ESGOTO","COTOVELO ESGOTO FORTLEV 50X45 REF: 10301","Cotovelo Esgoto","Fortlev","50X45","indisponível","UN (EMB: 15)","45.55","45.5500","ESTIMADO","Média categoria HIDRAULICA + fator variação SKU"
"HIDRAULICA","COTOVELO ESGOTO","COTOVELO ESGOTO FORTLEV 50X90 REF: 10306","Cotovelo Esgoto","Fortlev","50X90","indisponível","UN (EMB: 25)","50.60","50.6000","ESTIMADO","Média categoria HIDRAULICA + fator variação SKU"
"HIDRAULICA","COTOVELO ESGOTO","COTOVELO ESGOTO FORTLEV 75X45 REF: 10302","Cotovelo Esgoto","Fortlev","75X45","indisponível","UN (EMB: 10)","46.56","46.5600","ESTIMADO","Média categoria HIDRAULICA + fator variação SKU"
"HIDRAULICA","COTOVELO ESGOTO","COTOVELO ESGOTO FORTLEV 75X90 REF: 10307","Cotovelo Esgoto","Fortlev","75X90","indisponível","UN (EMB: 20)","51.61","51.6100","ESTIMADO","Média categoria HIDRAULICA + fator variação SKU"
"HIDRAULICA","COTOVELO ESGOTO","COTOVELO ESGOTO TIGRE 100X45 REF: 14023","Cotovelo Esgoto","Tigre","100X45","indisponível","UN (EMB: 15)","63.14","63.1400","ESTIMADO","Média categoria HIDRAULICA + fator variação SKU"
"HIDRAULICA","COTOVELO ESGOTO","COTOVELO ESGOTO TIGRE 100X90 REF: 14024","Cotovelo Esgoto","Tigre","100X90","indisponível","UN (EMB: 25)","64.15","64.1500","ESTIMADO","Média categoria HIDRAULICA + fator variação SKU"
"HIDRAULICA","COTOVELO ESGOTO","COTOVELO ESGOTO TIGRE 40X45 REF: 14017","Cotovelo Esgoto","Tigre","40X45","indisponível","UN (EMB: 25)","57.08","57.0800","ESTIMADO","Média categoria HIDRAULICA + fator variação SKU"
"HIDRAULICA","COTOVELO ESGOTO","COTOVELO ESGOTO TIGRE 40X90 REF: 14018","Cotovelo Esgoto","Tigre","40X90","indisponível","UN (EMB: 60)","58.09","58.0900","ESTIMADO","Média categoria HIDRAULICA + fator variação SKU"
"HIDRAULICA","COTOVELO ESGOTO","COTOVELO ESGOTO TIGRE 50X45 REF: 14019","Cotovelo Esgoto","Tigre","50X45","indisponível","UN (EMB: 15)","59.10","59.1000","ESTIMADO","Média categoria HIDRAULICA + fator variação SKU"
"HIDRAULICA","COTOVELO ESGOTO","COTOVELO ESGOTO TIGRE 50X90 REF: 14020","Cotovelo Esgoto","Tigre","50X90","indisponível","UN (EMB: 30)","60.11","60.1100","ESTIMADO","Média categoria HIDRAULICA + fator variação SKU"
"HIDRAULICA","COTOVELO ESGOTO","COTOVELO ESGOTO TIGRE 75X45 REF: 14021","Cotovelo Esgoto","Tigre","75X45","indisponível","UN (EMB: 15)","61.12","61.1200","ESTIMADO","Média categoria HIDRAULICA + fator variação SKU"
"HIDRAULICA","COTOVELO ESGOTO","COTOVELO ESGOTO TIGRE 75X90 REF: 14022","Cotovelo Esgoto","Tigre","75X90","indisponível","UN (EMB: 25)","62.13","62.1300","ESTIMADO","Média categoria HIDRAULICA + fator variação SKU"
"HIDRAULICA","COTOVELO ESGOTO COM VISITA","COTOVELO VISITA ESGOTO FORTLEV 100X50X90 REF: 10311","Cotovelo Visita Esgoto 100x50x90","Fortlev","indisponível","indisponível","UN (EMB: 1)","55.65","55.6500","ESTIMADO","Média categoria HIDRAULICA + fator variação SKU"
"HIDRAULICA","COTOVELO MARROM LL","COTOVELO MARROM LL FORTLEV 20X45 REF: 10450","Cotovelo Ll","Fortlev","20X45","indisponível","UN (EMB: 40)","65.05","65.0500","ESTIMADO","Média categoria HIDRAULICA + fator variação SKU"
"HIDRAULICA","COTOVELO MARROM LL","COTOVELO MARROM LL FORTLEV 20X90 REF: 10456","Cotovelo Ll","Fortlev","20X90","indisponível","UN (EMB: 50)","71.11","71.1100","ESTIMADO","Média categoria HIDRAULICA + fator variação SKU"
"HIDRAULICA","COTOVELO MARROM LL","COTOVELO MARROM LL FORTLEV 25X45 REF: 10451","Cotovelo Ll","Fortlev","25X45","indisponível","UN (EMB: 40)","66.06","66.0600","ESTIMADO","Média categoria HIDRAULICA + fator variação SKU"
"HIDRAULICA","COTOVELO MARROM LL","COTOVELO MARROM LL FORTLEV 25X90 REF: 10457","Cotovelo Ll","Fortlev","25X90","indisponível","UN (EMB: 50)","72.12","72.1200","ESTIMADO","Média categoria HIDRAULICA + fator variação SKU"
"HIDRAULICA","COTOVELO MARROM LL","COTOVELO MARROM LL FORTLEV 32X45 REF: 10452","Cotovelo Ll","Fortlev","32X45","indisponível","UN (EMB: 10)","67.07","67.0700","ESTIMADO","Média categoria HIDRAULICA + fator variação SKU"
"HIDRAULICA","COTOVELO MARROM LL","COTOVELO MARROM LL FORTLEV 40X45 REF: 10453","Cotovelo Ll","Fortlev","40X45","indisponível","UN (EMB: 10)","68.08","68.0800","ESTIMADO","Média categoria HIDRAULICA + fator variação SKU"
"HIDRAULICA","COTOVELO MARROM LL","COTOVELO MARROM LL FORTLEV 40X90 REF: 10459","Cotovelo Ll","Fortlev","40X90","indisponível","UN (EMB: 10)","74.14","74.1400","ESTIMADO","Média categoria HIDRAULICA + fator variação SKU"
"HIDRAULICA","COTOVELO MARROM LL","COTOVELO MARROM LL FORTLEV 50X45 REF: 10454","Cotovelo Ll","Fortlev","50X45","indisponível","UN (EMB: 10)","69.09","69.0900","ESTIMADO","Média categoria HIDRAULICA + fator variação SKU"
"HIDRAULICA","COTOVELO MARROM LL","COTOVELO MARROM LL FORTLEV 50X90 REF: 10460","Cotovelo Ll","Fortlev","50X90","indisponível","UN (EMB: 20)","75.15","75.1500","ESTIMADO","Média categoria HIDRAULICA + fator variação SKU"
"HIDRAULICA","COTOVELO MARROM LL","COTOVELO MARROM LL FORTLEV 60X45 REF: 10455","Cotovelo Ll","Fortlev","60X45","indisponível","UN (EMB: 10)","70.10","70.1000","ESTIMADO","Média categoria HIDRAULICA + fator variação SKU"
"HIDRAULICA","COTOVELO MARROM LL","COTOVELO MARROM LL FORTLEV 60X90 REF: 10461","Cotovelo Ll","Fortlev","60X90","indisponível","UN (EMB: 10)","76.16","76.1600","ESTIMADO","Média categoria HIDRAULICA + fator variação SKU"
"HIDRAULICA","COTOVELO MARROM LL","COTOVELO MARROM LL TIGRE 20X45 REF: 14026","Cotovelo Ll","Tigre","20X45","indisponível","UN (EMB: 40)","66.17","66.1700","ESTIMADO","Média categoria HIDRAULICA + fator variação SKU"
"HIDRAULICA","COTOVELO MARROM LL","COTOVELO MARROM LL TIGRE 25X45 REF: 14028","Cotovelo Ll","Tigre","25X45","indisponível","UN (EMB: 40)","68.19","68.1900","ESTIMADO","Média categoria HIDRAULICA + fator variação SKU"
"HIDRAULICA","COTOVELO MARROM LL","COTOVELO MARROM LL TIGRE 25X90 REF: 14029","Cotovelo Ll","Tigre","25X90","indisponível","UN (EMB: 50)","69.20","69.2000","ESTIMADO","Média categoria HIDRAULICA + fator variação SKU"
"HIDRAULICA","COTOVELO MARROM LL","COTOVELO MARROM LL TIGRE 32X45 REF: 14030","Cotovelo Ll","Tigre","32X45","indisponível","UN (EMB: 12)","70.21","70.2100","ESTIMADO","Média categoria HIDRAULICA + fator variação SKU"
"HIDRAULICA","COTOVELO MARROM LL","COTOVELO MARROM LL TIGRE 40X45 REF: 14032","Cotovelo Ll","Tigre","40X45","indisponível","UN (EMB: 15)","72.23","72.2300","ESTIMADO","Média categoria HIDRAULICA + fator variação SKU"
"HIDRAULICA","COTOVELO MARROM LL","COTOVELO MARROM LL TIGRE 50X45 REF: 14034","Cotovelo Ll","Tigre","50X45","indisponível","UN (EMB: 15)","74.25","74.2500","ESTIMADO","Média categoria HIDRAULICA + fator variação SKU"
"HIDRAULICA","COTOVELO MARROM LL","COTOVELO MARROM LL TIGRE 50X90 REF: 14035","Cotovelo Ll","Tigre","50X90","indisponível","UN (EMB: 15)","75.26","75.2600","ESTIMADO","Média categoria HIDRAULICA + fator variação SKU"
"HIDRAULICA","COTOVELO MARROM LL","COTOVELO MARROM LL TIGRE 60X90 REF: 14036","Cotovelo Ll","Tigre","60X90","indisponível","UN (EMB: 12)","76.27","76.2700","ESTIMADO","Média categoria HIDRAULICA + fator variação SKU"
"HIDRAULICA","COTOVELO MARROM LL","COTOVELO MARROM RED LL FORTLEV 25X20X90 REF: 10462","Cotovelo Red Ll 25x20x90","Fortlev","indisponível","indisponível","UN (EMB: 20)","77.17","77.1700","ESTIMADO","Média categoria HIDRAULICA + fator variação SKU"
"HIDRAULICA","COTOVELO MARROM LR","COTOVELO MARROM LR FORTLEV 20X1/2 REF: 10351","Cotovelo Lr 2","Fortlev","20X1","indisponível","UN (EMB: 30)","31.05","31.0500","ESTIMADO","Média categoria HIDRAULICA + fator variação SKU"
"HIDRAULICA","COTOVELO MARROM LR","COTOVELO MARROM LR FORTLEV 25X1/2 REF: 10352","Cotovelo Lr 2","Fortlev","25X1","indisponível","UN (EMB: 20)","32.06","32.0600","ESTIMADO","Média categoria HIDRAULICA + fator variação SKU"
"HIDRAULICA","COTOVELO MARROM LR","COTOVELO MARROM LR TIGRE 20X1/2 REF: 14037","Cotovelo Lr 2","Tigre","20X1","indisponível","UN (EMB: 30)","77.28","77.2800","ESTIMADO","Média categoria HIDRAULICA + fator variação SKU"
"HIDRAULICA","COTOVELO MARROM LR","COTOVELO MARROM LR TIGRE 25X1/2 REF: 14039","Cotovelo Lr 2","Tigre","25X1","indisponível","UN (EMB: 20)","79.30","79.3000","ESTIMADO","Média categoria HIDRAULICA + fator variação SKU"
"HIDRAULICA","COTOVELO MARROM LR","COTOVELO MARROM LR TIGRE 25X3/4 REF: 14038","Cotovelo Lr 4","Tigre","25X3","indisponível","UN (EMB: 40)","78.29","78.2900","ESTIMADO","Média categoria HIDRAULICA + fator variação SKU"
"HIDRAULICA","CURVA CPVC AGUA QUENTE","CURVA TRANSPOSICAO AQUATHERM CPVC TIGRE 22MM REF: 15167","Curva Transposicao Aquatherm Cpvc","Tigre","22MM","indisponível","UN (EMB: 10)","36.70","36.7000","ESTIMADO","Média categoria HIDRAULICA + fator variação SKU"
"HIDRAULICA","CURVA ESGOTO CURTA","CURVA CURTA ESGOTO FORTLEV 100X90 REF: 10289","Curva Curta Esgoto","Fortlev","100X90","indisponível","UN (EMB: 10)","34.42","34.4200","ESTIMADO","Média categoria HIDRAULICA + fator variação SKU"
"HIDRAULICA","CURVA ESGOTO CURTA","CURVA CURTA ESGOTO FORTLEV 40X90 REF: 10286","Curva Curta Esgoto","Fortlev","40X90","indisponível","UN (EMB: 25)","31.39","31.3900","ESTIMADO","Média categoria HIDRAULICA + fator variação SKU"
"HIDRAULICA","CURVA ESGOTO CURTA","CURVA CURTA ESGOTO FORTLEV 50X90 REF: 10287","Curva Curta Esgoto","Fortlev","50X90","indisponível","UN (EMB: 20)","32.40","32.4000","ESTIMADO","Média categoria HIDRAULICA + fator variação SKU"
"HIDRAULICA","CURVA ESGOTO CURTA","CURVA CURTA ESGOTO FORTLEV 75X90 REF: 10288","Curva Curta Esgoto","Fortlev","75X90","indisponível","UN (EMB: 10)","33.41","33.4100","ESTIMADO","Média categoria HIDRAULICA + fator variação SKU"
"HIDRAULICA","CURVA ESGOTO CURTA","CURVA CURTA ESGOTO TIGRE 40X90 REF: 14040","Curva Curta Esgoto","Tigre","40X90","indisponível","UN (EMB: 40)","15.31","15.3100","ESTIMADO","Média categoria HIDRAULICA + fator variação SKU"
"HIDRAULICA","CURVA ESGOTO CURTA","CURVA CURTA ESGOTO TIGRE 50X90 REF: 14041","Curva Curta Esgoto","Tigre","50X90","indisponível","UN (EMB: 20)","16.32","16.3200","ESTIMADO","Média categoria HIDRAULICA + fator variação SKU"
"HIDRAULICA","CURVA ESGOTO LONGA","CURVA LONGA ESGOTO FORTLEV 100X45 REF: 10293","Curva Longa Esgoto","Fortlev","100X45","indisponível","UN (EMB: 5)","38.46","38.4600","ESTIMADO","Média categoria HIDRAULICA + fator variação SKU"
"HIDRAULICA","CURVA ESGOTO LONGA","CURVA LONGA ESGOTO FORTLEV 150X90 REF: 10299","Curva Longa Esgoto","Fortlev","150X90","indisponível","UN (EMB: 2)","43.53","43.5300","ESTIMADO","Média categoria HIDRAULICA + fator variação SKU"
"HIDRAULICA","CURVA ESGOTO LONGA","CURVA LONGA ESGOTO FORTLEV 40X45 REF: 10290","Curva Longa Esgoto","Fortlev","40X45","indisponível","UN (EMB: 10)","35.43","35.4300","ESTIMADO","Média categoria HIDRAULICA + fator variação SKU"
"HIDRAULICA","CURVA ESGOTO LONGA","CURVA LONGA ESGOTO FORTLEV 40X90 REF: 10295","Curva Longa Esgoto","Fortlev","40X90","indisponível","UN (EMB: 10)","40.48","40.4800","ESTIMADO","Média categoria HIDRAULICA + fator variação SKU"
"HIDRAULICA","CURVA ESGOTO LONGA","CURVA LONGA ESGOTO FORTLEV 50X45 REF: 10291","Curva Longa Esgoto","Fortlev","50X45","indisponível","UN (EMB: 5)","36.44","36.4400","ESTIMADO","Média categoria HIDRAULICA + fator variação SKU"
"HIDRAULICA","CURVA ESGOTO LONGA","CURVA LONGA ESGOTO FORTLEV 50X90 REF: 10296","Curva Longa Esgoto","Fortlev","50X90","indisponível","UN (EMB: 12)","40.50","40.5000","ESTIMADO","Média categoria HIDRAULICA + fator variação SKU"
"HIDRAULICA","CURVA ESGOTO LONGA","CURVA LONGA ESGOTO FORTLEV 75X45 REF: 10292","Curva Longa Esgoto","Fortlev","75X45","indisponível","UN (EMB: 5)","37.45","37.4500","ESTIMADO","Média categoria HIDRAULICA + fator variação SKU"
"HIDRAULICA","CURVA ESGOTO LONGA","CURVA LONGA ESGOTO FORTLEV 75X90 REF: 10297","Curva Longa Esgoto","Fortlev","75X90","indisponível","UN (EMB: 10)","41.51","41.5100","ESTIMADO","Média categoria HIDRAULICA + fator variação SKU"
"HIDRAULICA","CURVA ESGOTO LONGA","CURVA LONGA ESGOTO TIGRE 40X90 REF: 14043","Curva Longa Esgoto","Tigre","40X90","indisponível","UN (EMB: 10)","18.34","18.3400","ESTIMADO","Média categoria HIDRAULICA + fator variação SKU"
"HIDRAULICA","CURVA ESGOTO LONGA","CURVA LONGA ESGOTO TIGRE 50X90 REF: 14044","Curva Longa Esgoto","Tigre","50X90","indisponível","UN (EMB: 20)","19.35","19.3500","ESTIMADO","Média categoria HIDRAULICA + fator variação SKU"
"HIDRAULICA","CURVA MARROM LL","CURVA MARROM LL FORTLEV 20X45 REF: 10442","Curva Ll","Fortlev","20X45","indisponível","UN (EMB: 20)","56.97","56.9700","ESTIMADO","Média categoria HIDRAULICA + fator variação SKU"
"HIDRAULICA","CURVA MARROM LL","CURVA MARROM LL FORTLEV 20X90 REF: 10436","Curva Ll","Fortlev","20X90","indisponível","UN (EMB: 20)","50.91","50.9100","ESTIMADO","Média categoria HIDRAULICA + fator variação SKU"
"HIDRAULICA","CURVA MARROM LL","CURVA MARROM LL FORTLEV 25X45 REF: 10443","Curva Ll","Fortlev","25X45","indisponível","UN (EMB: 15)","57.98","57.9800","ESTIMADO","Média categoria HIDRAULICA + fator variação SKU"
"HIDRAULICA","CURVA MARROM LL","CURVA MARROM LL FORTLEV 25X90 REF: 10437","Curva Ll","Fortlev","25X90","indisponível","UN (EMB: 20)","51.92","51.9200","ESTIMADO","Média categoria HIDRAULICA + fator variação SKU"
"HIDRAULICA","CURVA MARROM LL","CURVA MARROM LL FORTLEV 32X45 REF: 10444","Curva Ll","Fortlev","32X45","indisponível","UN (EMB: 10)","58.99","58.9900","ESTIMADO","Média categoria HIDRAULICA + fator variação SKU"
"HIDRAULICA","CURVA MARROM LL","CURVA MARROM LL FORTLEV 32X90 REF: 10438","Curva Ll","Fortlev","32X90","indisponível","UN (EMB: 10)","52.93","52.9300","ESTIMADO","Média categoria HIDRAULICA + fator variação SKU"
"HIDRAULICA","CURVA MARROM LL","CURVA MARROM LL FORTLEV 40X45 REF: 10445","Curva Ll","Fortlev","40X45","indisponível","UN (EMB: 5)","60.00","60.0000","ESTIMADO","Média categoria HIDRAULICA + fator variação SKU"
"HIDRAULICA","CURVA MARROM LL","CURVA MARROM LL FORTLEV 40X90 REF: 10439","Curva Ll","Fortlev","40X90","indisponível","UN (EMB: 10)","53.94","53.9400","ESTIMADO","Média categoria HIDRAULICA + fator variação SKU"
"HIDRAULICA","CURVA MARROM LL","CURVA MARROM LL FORTLEV 50X45 REF: 10446","Curva Ll","Fortlev","50X45","indisponível","UN (EMB: 5)","61.01","61.0100","ESTIMADO","Média categoria HIDRAULICA + fator variação SKU"
"HIDRAULICA","CURVA MARROM LL","CURVA MARROM LL FORTLEV 50X90 REF: 10440","Curva Ll","Fortlev","50X90","indisponível","UN (EMB: 10)","54.95","54.9500","ESTIMADO","Média categoria HIDRAULICA + fator variação SKU"
"HIDRAULICA","CURVA MARROM LL","CURVA MARROM LL FORTLEV 60X90 REF: 10441","Curva Ll","Fortlev","60X90","indisponível","UN (EMB: 5)","55.96","55.9600","ESTIMADO","Média categoria HIDRAULICA + fator variação SKU"
"HIDRAULICA","CURVA MARROM LL","CURVA MARROM LL TIGRE 20X90 REF: 14047","Curva Ll","Tigre","20X90","indisponível","UN (EMB: 20)","22.38","22.3800","ESTIMADO","Média categoria HIDRAULICA + fator variação SKU"
"HIDRAULICA","CURVA MARROM LL","CURVA MARROM LL TIGRE 25X90 REF: 14048","Curva Ll","Tigre","25X90","indisponível","UN (EMB: 25)","23.39","23.3900","ESTIMADO","Média categoria HIDRAULICA + fator variação SKU"
"HIDRAULICA","CURVA MARROM LL","CURVA MARROM LL TIGRE 50X90 REF: 14050","Curva Ll","Tigre","50X90","indisponível","UN (EMB: 10)","25.41","25.4100","ESTIMADO","Média categoria HIDRAULICA + fator variação SKU"
"HIDRAULICA","CURVA TRANSPOSIÇÃO MARROM LL","CURVA TRANSPOSICAO MARROM LL FORTLEV 20MM REF: 10447","Curva Transposicao Ll","Fortlev","20MM","indisponível","UN (EMB: 20)","62.02","62.0200","ESTIMADO","Média categoria HIDRAULICA + fator variação SKU"
"HIDRAULICA","CURVA TRANSPOSIÇÃO MARROM LL","CURVA TRANSPOSICAO MARROM LL FORTLEV 25MM REF: 10448","Curva Transposicao Ll","Fortlev","25MM","indisponível","UN (EMB: 20)","63.03","63.0300","ESTIMADO","Média categoria HIDRAULICA + fator variação SKU"
"HIDRAULICA","CURVA TRANSPOSIÇÃO MARROM LL","CURVA TRANSPOSICAO MARROM LL FORTLEV 32MM REF: 10449","Curva Transposicao Ll","Fortlev","32MM","indisponível","UN (EMB: 10)","64.04","64.0400","ESTIMADO","Média categoria HIDRAULICA + fator variação SKU"
"HIDRAULICA","CX D'AGUA POLIET. ABER.E TAMPA","CAIXA D AGUA FORTLEV C/ TAMPA 1.000L REF: 10257","D Agua C Tampa 1.000l","Fortlev","indisponível","indisponível","UN (EMB: 1)","67.10","67.1000","ESTIMADO","Média categoria HIDRAULICA + fator variação SKU"
"HIDRAULICA","CX D'AGUA POLIET. ABER.E TAMPA","CAIXA D AGUA FORTLEV C/ TAMPA 2.000L REF: 10259","D Agua C Tampa 2.000l","Fortlev","indisponível","indisponível","UN (EMB: 1)","69.12","69.1200","ESTIMADO","Média categoria HIDRAULICA + fator variação SKU"
"HIDRAULICA","CX D'AGUA POLIET. ABER.E TAMPA","CAIXA D AGUA FORTLEV C/ TAMPA 3000L REF: 10259","D Agua C Tampa 3000l","Fortlev","indisponível","indisponível","UN (EMB: 1)","16.39","16.3900","ESTIMADO","Média categoria HIDRAULICA + fator variação SKU"
"HIDRAULICA","CX D'AGUA POLIET. ABER.E TAMPA","CAIXA D AGUA FORTLEV C/ TAMPA 310L REF: 10254","D Agua C Tampa 310l","Fortlev","indisponível","indisponível","UN (EMB: 1)","64.07","64.0700","ESTIMADO","Média categoria HIDRAULICA + fator variação SKU"
"HIDRAULICA","CX D'AGUA POLIET. ABER.E TAMPA","CAIXA D AGUA FORTLEV C/ TAMPA 500L REF: 10255","D Agua C Tampa 500l","Fortlev","indisponível","indisponível","UN (EMB: 1)","65.08","65.0800","ESTIMADO","Média categoria HIDRAULICA + fator variação SKU"
"HIDRAULICA","CX D'AGUA POLIET. ABER.E TAMPA","TAMPA P/ VALV PIA LAV ASTRA 1","Tampa P Valv Pia Lav Astra 1","indisponível","indisponível","indisponível","UN (EMB: 100)","60.85","60.8500","ESTIMADO","Média categoria HIDRAULICA + fator variação SKU"
"HIDRAULICA","CX D'AGUA POLIET. FECH.E TAMPA","CAIXA D AGUA FECHADA FORTLEV 1.000L REF: 11885","D Agua Fechada 1.000l","Fortlev","indisponível","indisponível","UN (EMB: 1)","69.55","69.5500","ESTIMADO","Média categoria HIDRAULICA + fator variação SKU"
"HIDRAULICA","CX D'AGUA POLIET. FECH.E TAMPA","CAIXA D AGUA FECHADA FORTLEV 310L REF: 10263","D Agua Fechada 310l","Fortlev","indisponível","indisponível","UN (EMB: 1)","73.16","73.1600","ESTIMADO","Média categoria HIDRAULICA + fator variação SKU"
"HIDRAULICA","CX D'AGUA POLIET. FECH.E TAMPA","CAIXA D AGUA FECHADA FORTLEV 500L REF: 11792","D Agua Fechada 500l","Fortlev","indisponível","indisponível","UN (EMB: 1)","41.61","41.6100","ESTIMADO","Média categoria HIDRAULICA + fator variação SKU"
"HIDRAULICA","ENGATE FLEXÍVEL METALIZADO","ENGATE FLEXIVEL AÇO INOX 40 CM STAR FY","Engate Flexivel Inox 40 Cm Star Fy","indisponível","indisponível","indisponível","UN (EMB: 1)","41.30","41.3000","ESTIMADO","Média categoria HIDRAULICA + fator variação SKU"
"HIDRAULICA","ENGATE FLEXÍVEL METALIZADO","ENGATE FLEXIVEL AÇO INOX 60 CM STAR FY","Engate Flexivel Inox 60 Cm Star Fy","indisponível","indisponível","indisponível","UN (EMB: 1)","42.31","42.3100","ESTIMADO","Média categoria HIDRAULICA + fator variação SKU"
"HIDRAULICA","ENGATE FLEXÍVEL PVC","ENGATE FLEXIVEL PVC TIGRE 40CM BR REF: 14051","Engate Flexivel 40cm","Tigre","indisponível","indisponível","UN (EMB: 20)","26.42","26.4200","ESTIMADO","Média categoria HIDRAULICA + fator variação SKU"
"HIDRAULICA","ENGATE FLEXÍVEL PVC","ENGATE FLEXIVEL PVC TIGRE 50CM BR REF: 14052","Engate Flexivel 50cm","Tigre","indisponível","indisponível","UN (EMB: 20)","27.43","27.4300","ESTIMADO","Média categoria HIDRAULICA + fator variação SKU"
"HIDRAULICA","ENGATE FLEXÍVEL PVC","ENGATE FLEXIVEL PVC TIGRE 60CM BR REF: 14053","Engate Flexivel 60cm","Tigre","indisponível","indisponível","UN (EMB: 10)","28.44","28.4400","ESTIMADO","Média categoria HIDRAULICA + fator variação SKU"
"HIDRAULICA","ENGATE RAPIDO","ENGATE RAPIDO TRAMONTINA 1/2 POTE C/ 40 PCS REF: 13920","Engate Rapido Pote C 40 Pcs","Tramontina","1/2","indisponível","UN (EMB: 1)","25.10","25.1000","ESTIMADO","Média categoria HIDRAULICA + fator variação SKU"
"HIDRAULICA","ENGATE RAPIDO","ENGATE RAPIDO TRAMONTINA 1/2 REF: 13180","Engate Rapido","Tramontina","1/2","indisponível","UN (EMB: 12)","64.63","64.6300","ESTIMADO","Média categoria HIDRAULICA + fator variação SKU"
"HIDRAULICA","ENGATE RAPIDO","ENGATE RAPIDO TRAMONTINA C/ STOP 1/2 REF: 13959","Engate Rapido C Stop","Tramontina","1/2","indisponível","UN (EMB: 12)","63.50","63.5000","ESTIMADO","Média categoria HIDRAULICA + fator variação SKU"
"HIDRAULICA","ESGUICHO","ESGUICHO REG HERC PISTOLA C/ CONEX DIRETA 1/2 REF: 12338","Esguicho Reg Herc Pistola C Conex Direta","indisponível","1/2","indisponível","UN (EMB: 1)","68.12","68.1200","ESTIMADO","Média categoria HIDRAULICA + fator variação SKU"
"HIDRAULICA","ESGUICHO","ESGUICHO TIPO ECLIPSE GARDEN 1/2 REF: 15158","Esguicho Tipo Eclipse Garden","indisponível","1/2","indisponível","UN (EMB: 10)","27.61","27.6100","ESTIMADO","Média categoria HIDRAULICA + fator variação SKU"
"HIDRAULICA","ESGUICHO","ESGUICHO TRAMONTINA ENGATE RAPIDO 1/2 3/4 5/8 POTE C/ 34 PCS REF: 13923","Esguicho Engate Rapido 3 4 5 8 Pote C 34 Pcs","Tramontina","1/2","indisponível","UN (EMB: 1)","28.13","28.1300","ESTIMADO","Média categoria HIDRAULICA + fator variação SKU"
"HIDRAULICA","ESGUICHO","ESGUICHO TRAMONTINA ENGATE RAPIDO 1/2 3/4 5/8 REF: 13183","Esguicho Engate Rapido 3 4 5 8","Tramontina","1/2","indisponível","UN (EMB: 12)","67.66","67.6600","ESTIMADO","Média categoria HIDRAULICA + fator variação SKU"
"HIDRAULICA","ESGUICHO","ESGUICHO TRAMONTINA ENGATE ROSCA 1/2 POTE C/30 PCS REF: 13922","Esguicho Engate Rosca Pote C 30 Pcs","Tramontina","1/2","indisponível","UN (EMB: 1)","27.12","27.1200","ESTIMADO","Média categoria HIDRAULICA + fator variação SKU"
"HIDRAULICA","ESGUICHO","ESGUICHO TRAMONTINA ENGATE ROSCA 1/2 REF: 13182","Esguicho Engate Rosca","Tramontina","1/2","indisponível","UN (EMB: 12)","66.65","66.6500","ESTIMADO","Média categoria HIDRAULICA + fator variação SKU"
"HIDRAULICA","ESPIGÃO FIXO","ESPIGAO FIXO LATAO GARDEN 3/4X1/2 REF: 14850","Espigao Fixo Latao Garden 3 2","indisponível","4X1","indisponível","UN (EMB: 100)","44.50","44.5000","ESTIMADO","Média categoria HIDRAULICA + fator variação SKU"
"HIDRAULICA","ESPIGÃO FIXO","ESPIGAO FIXO ZAMAC GARDEN 1/2X1/2 REF: 14847","Espigao Fixo Zamac Garden 1 2","indisponível","2X1","indisponível","UN (EMB: 100)","42.46","42.4600","ESTIMADO","Média categoria HIDRAULICA + fator variação SKU"
"HIDRAULICA","EXTENSÃO P/ TORNEIRA","EXTENSAO CURTA CR GARDEN 3/4 REF: 14464","Extensao Curta Cr Garden","indisponível","3/4","indisponível","UN (EMB: 1)","48.60","48.6000","ESTIMADO","Média categoria HIDRAULICA + fator variação SKU"
"HIDRAULICA","EXTENSÃO P/ TORNEIRA","EXTENSAO LONGA CR GARDEN 3/4 REF: 15159","Extensao Longa Cr Garden","indisponível","3/4","indisponível","UN (EMB: 10)","28.62","28.6200","ESTIMADO","Média categoria HIDRAULICA + fator variação SKU"
"HIDRAULICA","EXTENSÃO P/ TORNEIRA","EXTENSAO MEDIA CR GARDEN 3/4 REF: 14465","Extensao Media Cr Garden","indisponível","3/4","indisponível","UN (EMB: 1)","49.61","49.6100","ESTIMADO","Média categoria HIDRAULICA + fator variação SKU"
"HIDRAULICA","FILTRO E REFIL P/ CAIXA D'AGUA","ELEMENTO FILTRANTE FORTLEV 25 MICRAS REF: 10464","Elemento Filtrante 25 Micras","Fortlev","indisponível","indisponível","UN (EMB: 4)","79.19","79.1900","ESTIMADO","Média categoria HIDRAULICA + fator variação SKU"
"HIDRAULICA","FILTRO E REFIL P/ CAIXA D'AGUA","FILTRO FORTLEV 25 MICRAS REF: 10463","Filtro 25 Micras","Fortlev","indisponível","indisponível","UN (EMB: 4)","78.18","78.1800","ESTIMADO","Média categoria HIDRAULICA + fator variação SKU"
"HIDRAULICA","GRELHA DE INOX","GRELHA DE INOX QUADRADA OVERTIME ROTATIVA 10CM CAIXILHO REF: 14308","Grelha De Quadrada Overtime Rotativa 10cm Caixilho","indisponível","indisponível","indisponível","UN (EMB: 1)","23.02","23.0200","ESTIMADO","Média categoria HIDRAULICA + fator variação SKU"
"HIDRAULICA","GRELHA DE INOX","GRELHA DE INOX QUADRADA OVERTIME ROTATIVA 10CM REF: 14312","Grelha De Quadrada Overtime Rotativa 10cm","indisponível","indisponível","indisponível","UN (EMB: 1)","27.06","27.0600","ESTIMADO","Média categoria HIDRAULICA + fator variação SKU"
"HIDRAULICA","GRELHA DE INOX","GRELHA DE INOX QUADRADA OVERTIME ROTATIVA 15CM CAIXILHO REF: 14311","Grelha De Quadrada Overtime Rotativa 15cm Caixilho","indisponível","indisponível","indisponível","UN (EMB: 1)","26.05","26.0500","ESTIMADO","Média categoria HIDRAULICA + fator variação SKU"
"HIDRAULICA","GRELHA DE INOX","GRELHA DE INOX QUADRADA OVERTIME ROTATIVA 15CM REF: 14313","Grelha De Quadrada Overtime Rotativa 15cm","indisponível","indisponível","indisponível","UN (EMB: 1)","28.07","28.0700","ESTIMADO","Média categoria HIDRAULICA + fator variação SKU"
"HIDRAULICA","GRELHA DE INOX","GRELHA DE INOX REDONDA OVERTIME ROTATIVA 10CM CAIXILHO REF: 14309","Grelha De Redonda Overtime Rotativa 10cm Caixilho","indisponível","indisponível","indisponível","UN (EMB: 1)","24.03","24.0300","ESTIMADO","Média categoria HIDRAULICA + fator variação SKU"
"HIDRAULICA","GRELHA DE INOX","GRELHA DE INOX REDONDA OVERTIME ROTATIVA 15CM CAIXILHO REF: 14310","Grelha De Redonda Overtime Rotativa 15cm Caixilho","indisponível","indisponível","indisponível","UN (EMB: 1)","25.04","25.0400","ESTIMADO","Média categoria HIDRAULICA + fator variação SKU"
"HIDRAULICA","GRELHA DE INOX","GRELHA DE INOX REDONDA OVERTIME ROTATIVA 15CM REF: 14315","Grelha De Redonda Overtime Rotativa 15cm","indisponível","indisponível","indisponível","UN (EMB: 1)","30.09","30.0900","ESTIMADO","Média categoria HIDRAULICA + fator variação SKU"
"HIDRAULICA","GRELHA DE PVC QUADRADA","GRELHA DE PVC QUADRADA FORTLEV 10CM BR REF: 11100","Grelha De Quadrada 10cm","Fortlev","indisponível","indisponível","UN (EMB: 20)","64.62","64.6200","ESTIMADO","Média categoria HIDRAULICA + fator variação SKU"
"HIDRAULICA","GRELHA DE PVC QUADRADA","GRELHA DE PVC QUADRADA FORTLEV 15CM BR REF: 11102","Grelha De Quadrada 15cm","Fortlev","indisponível","indisponível","UN (EMB: 20)","66.64","66.6400","ESTIMADO","Média categoria HIDRAULICA + fator variação SKU"
"HIDRAULICA","GRELHA DE PVC QUADRADA","GRELHA DE PVC QUADRADA TIGRE 10CM BR REF: 14054","Grelha De Quadrada 10cm","Tigre","indisponível","indisponível","UN (EMB: 12)","29.45","29.4500","ESTIMADO","Média categoria HIDRAULICA + fator variação SKU"
"HIDRAULICA","GRELHA DE PVC QUADRADA","GRELHA DE PVC QUADRADA TIGRE 15CM BR REF: 14055","Grelha De Quadrada 15cm","Tigre","indisponível","indisponível","UN (EMB: 12)","30.46","30.4600","ESTIMADO","Média categoria HIDRAULICA + fator variação SKU"
"HIDRAULICA","GRELHA DE PVC REDONDA","GRELHA DE PVC REDONDA FORTLEV 10CM BR REF: 11101","Grelha De Redonda 10cm","Fortlev","indisponível","indisponível","UN (EMB: 20)","65.63","65.6300","ESTIMADO","Média categoria HIDRAULICA + fator variação SKU"
"HIDRAULICA","GRELHA DE PVC REDONDA","GRELHA DE PVC REDONDA FORTLEV 15CM BR REF: 11103","Grelha De Redonda 15cm","Fortlev","indisponível","indisponível","UN (EMB: 20)","67.65","67.6500","ESTIMADO","Média categoria HIDRAULICA + fator variação SKU"
"HIDRAULICA","GRELHA DE PVC REDONDA","GRELHA DE PVC REDONDA TIGRE 10CM BR REF: 14056","Grelha De Redonda 10cm","Tigre","indisponível","indisponível","UN (EMB: 12)","31.47","31.4700","ESTIMADO","Média categoria HIDRAULICA + fator variação SKU"
"HIDRAULICA","GRELHA DE PVC REDONDA","GRELHA DE PVC REDONDA TIGRE 15CM BR REF: 14057","Grelha De Redonda 15cm","Tigre","indisponível","indisponível","UN (EMB: 12)","32.48","32.4800","ESTIMADO","Média categoria HIDRAULICA + fator variação SKU"
"HIDRAULICA","JUNÇÃO ESGOTO","JUNCAO ESGOTO FORTLEV 100X45 REF: 10315","Juncao Esgoto","Fortlev","100X45","indisponível","UN (EMB: 10)","59.69","59.6900","ESTIMADO","Média categoria HIDRAULICA + fator variação SKU"
"HIDRAULICA","JUNÇÃO ESGOTO","JUNCAO ESGOTO FORTLEV 40X45 REF: 10312","Juncao Esgoto","Fortlev","40X45","indisponível","UN (EMB: 25)","56.66","56.6600","ESTIMADO","Média categoria HIDRAULICA + fator variação SKU"
"HIDRAULICA","JUNÇÃO ESGOTO","JUNCAO ESGOTO FORTLEV 50X45 REF: 10313","Juncao Esgoto","Fortlev","50X45","indisponível","UN (EMB: 10)","57.67","57.6700","ESTIMADO","Média categoria HIDRAULICA + fator variação SKU"
"HIDRAULICA","JUNÇÃO ESGOTO","JUNCAO ESGOTO FORTLEV 75X45 REF: 10314","Juncao Esgoto","Fortlev","75X45","indisponível","UN (EMB: 10)","58.68","58.6800","ESTIMADO","Média categoria HIDRAULICA + fator variação SKU"
"HIDRAULICA","JUNÇÃO ESGOTO","JUNCAO ESGOTO TIGRE 100X100 REF: 14058","Juncao Esgoto","Tigre","100X100","indisponível","UN (EMB: 20)","32.50","32.5000","ESTIMADO","Média categoria HIDRAULICA + fator variação SKU"
"HIDRAULICA","JUNÇÃO ESGOTO","JUNCAO ESGOTO TIGRE 100X50 REF: 14059","Juncao Esgoto","Tigre","100X50","indisponível","UN (EMB: 20)","33.51","33.5100","ESTIMADO","Média categoria HIDRAULICA + fator variação SKU"
"HIDRAULICA","JUNÇÃO ESGOTO","JUNCAO ESGOTO TIGRE 40X45 REF: 14060","Juncao Esgoto","Tigre","40X45","indisponível","UN (EMB: 15)","34.52","34.5200","ESTIMADO","Média categoria HIDRAULICA + fator variação SKU"
"HIDRAULICA","JUNÇÃO ESGOTO","JUNCAO ESGOTO TIGRE 50X50 REF: 14061","Juncao Esgoto","Tigre","50X50","indisponível","UN (EMB: 20)","35.53","35.5300","ESTIMADO","Média categoria HIDRAULICA + fator variação SKU"
"HIDRAULICA","JUNÇÃO ESGOTO","JUNCAO ESGOTO TIGRE 75X75 REF: 14062","Juncao Esgoto","Tigre","75X75","indisponível","UN (EMB: 20)","36.54","36.5400","ESTIMADO","Média categoria HIDRAULICA + fator variação SKU"
"HIDRAULICA","JUNÇÃO ESGOTO C/ REDUÇÃO","JUNCAO REDUCAO ESGOTO FORTLEV 100X75X45 REF: 10319","Juncao Reducao Esgoto 100x75x45","Fortlev","indisponível","indisponível","UN (EMB: 10)","63.73","63.7300","ESTIMADO","Média categoria HIDRAULICA + fator variação SKU"
"HIDRAULICA","JUNÇÃO ESGOTO C/ REDUÇÃO","JUNCAO REDUCAO ESGOTO FORTLEV 75X50X45 REF: 10317","Juncao Reducao Esgoto 75x50x45","Fortlev","indisponível","indisponível","UN (EMB: 10)","61.71","61.7100","ESTIMADO","Média categoria HIDRAULICA + fator variação SKU"
"HIDRAULICA","KIT BACIA E CAIXA ACOPLADA","KIT COMPLETO BACIA|CAIXA|ACESSORIOS 3/6L BR STAR FY","Kit Completo Bacia||acessorios 3 6l Star Fy","indisponível","indisponível","indisponível","UN (EMB: 1)","38.27","38.2700","ESTIMADO","Média categoria HIDRAULICA + fator variação SKU"
"HIDRAULICA","LIGA FACIL","LIGA FACIL ESGOTO ESTRELA 150X100 REF: 14531","Liga Facil Esgoto Estrela","indisponível","150X100","indisponível","UN (EMB: 1)","51.27","51.2700","ESTIMADO","Média categoria HIDRAULICA + fator variação SKU"
"HIDRAULICA","LIGA FACIL","LIGA FACIL ESGOTO ESTRELA 75X75 REF: 14529","Liga Facil Esgoto Estrela","indisponível","75X75","indisponível","UN (EMB: 1)","49.25","49.2500","ESTIMADO","Média categoria HIDRAULICA + fator variação SKU"
"HIDRAULICA","LUVA AZUL LR","LUVA AZUL LR FORTLEV 20X1/2 REF: 10398","Luva Lr 2","Fortlev","20X1","indisponível","UN (EMB: 20)","77.53","77.5300","ESTIMADO","Média categoria HIDRAULICA + fator variação SKU"
"HIDRAULICA","LUVA AZUL LR","LUVA AZUL LR FORTLEV 25X3/4 REF: 10400","Luva Lr 4","Fortlev","25X3","indisponível","UN (EMB: 20)","14.55","14.5500","ESTIMADO","Média categoria HIDRAULICA + fator variação SKU"
"HIDRAULICA","LUVA AZUL LR","LUVA AZUL LR TIGRE 20X1/2 REF: 14063","Luva Lr 2","Tigre","20X1","indisponível","UN (EMB: 20)","37.55","37.5500","ESTIMADO","Média categoria HIDRAULICA + fator variação SKU"
"HIDRAULICA","LUVA AZUL LR","LUVA AZUL LR TIGRE 25X3/4 REF: 14065","Luva Lr 4","Tigre","25X3","indisponível","UN (EMB: 30)","39.57","39.5700","ESTIMADO","Média categoria HIDRAULICA + fator variação SKU"
"HIDRAULICA","LUVA AZUL LR","LUVA AZUL RED LR FORTLEV 25X1/2 REF: 10399","Luva Red Lr 2","Fortlev","25X1","indisponível","UN (EMB: 20)","78.54","78.5400","ESTIMADO","Média categoria HIDRAULICA + fator variação SKU"
"HIDRAULICA","LUVA AZUL LR","LUVA AZUL RED LR TIGRE 25X1/2 REF: 14064","Luva Red Lr 2","Tigre","25X1","indisponível","UN (EMB: 30)","38.56","38.5600","ESTIMADO","Média categoria HIDRAULICA + fator variação SKU"
"HIDRAULICA","LUVA CPVC AGUA QUENTE","LUVA CPVC AQUATHERM TIGRE 22MM REF: 15133","Luva Cpvc Aquatherm","Tigre","22MM","indisponível","UN (EMB: 40)","68.35","68.3500","ESTIMADO","Média categoria HIDRAULICA + fator variação SKU"
"HIDRAULICA","LUVA CPVC AGUA QUENTE","LUVA CPVC AQUATHERM TIGRE 28MM REF: 15122","Luva Cpvc Aquatherm","Tigre","28MM","indisponível","UN (EMB: 10)","57.24","57.2400","ESTIMADO","Média categoria HIDRAULICA + fator variação SKU"
"HIDRAULICA","LUVA CPVC AGUA QUENTE","LUVA TRANSICAO CPVC AQUATHERM TIGRE 22X1/2 REF: 15120","Luva Transicao Cpvc Aquatherm 2","Tigre","22X1","indisponível","UN (EMB: 20)","55.22","55.2200","ESTIMADO","Média categoria HIDRAULICA + fator variação SKU"
"HIDRAULICA","LUVA CPVC AGUA QUENTE","LUVA TRANSICAO CPVC AQUATHERM TIGRE 22X3/4 REF: 15126","Luva Transicao Cpvc Aquatherm 4","Tigre","22X3","indisponível","UN (EMB: 20)","61.28","61.2800","ESTIMADO","Média categoria HIDRAULICA + fator variação SKU"
"HIDRAULICA","LUVA DE CORRER ESGOTO","LUVA CORRER P/ TUBO ESGOTO FORTLEV 100MM REF: 10328","Luva Correr P Tubo Esgoto","Fortlev","100MM","indisponível","UN (EMB: 10)","26.24","26.2400","ESTIMADO","Regra tubulação (PVC/Eletroduto) + diâmetro polegadas"
"HIDRAULICA","LUVA DE CORRER ESGOTO","LUVA CORRER P/ TUBO ESGOTO FORTLEV 40MM REF: 10325","Luva Correr P Tubo Esgoto","Fortlev","40MM","indisponível","UN (EMB: 10)","26.00","26.0000","ESTIMADO","Regra tubulação (PVC/Eletroduto) + diâmetro polegadas"
"HIDRAULICA","LUVA DE CORRER ESGOTO","LUVA CORRER P/ TUBO ESGOTO FORTLEV 75MM REF: 10327","Luva Correr P Tubo Esgoto","Fortlev","75MM","indisponível","UN (EMB: 10)","26.16","26.1600","ESTIMADO","Regra tubulação (PVC/Eletroduto) + diâmetro polegadas"
"HIDRAULICA","LUVA DE CORRER ESGOTO","LUVA CORRER P/ TUBO ESGOTO TIGRE 100MM REF: 14074","Luva Correr P Tubo Esgoto","Tigre","100MM","indisponível","UN (EMB: 15)","29.92","29.9200","ESTIMADO","Regra tubulação (PVC/Eletroduto) + diâmetro polegadas"
"HIDRAULICA","LUVA DE CORRER ESGOTO","LUVA CORRER P/ TUBO ESGOTO TIGRE 40MM REF: 14071","Luva Correr P Tubo Esgoto","Tigre","40MM","indisponível","UN (EMB: 25)","29.68","29.6800","ESTIMADO","Regra tubulação (PVC/Eletroduto) + diâmetro polegadas"
"HIDRAULICA","LUVA DE CORRER ESGOTO","LUVA CORRER P/ TUBO ESGOTO TIGRE 50MM REF: 14072","Luva Correr P Tubo Esgoto","Tigre","50MM","indisponível","UN (EMB: 10)","29.76","29.7600","ESTIMADO","Regra tubulação (PVC/Eletroduto) + diâmetro polegadas"
"HIDRAULICA","LUVA DE CORRER ESGOTO","LUVA CORRER P/ TUBO ESGOTO TIGRE 75MM REF: 14073","Luva Correr P Tubo Esgoto","Tigre","75MM","indisponível","UN (EMB: 15)","29.84","29.8400","ESTIMADO","Regra tubulação (PVC/Eletroduto) + diâmetro polegadas"
"HIDRAULICA","LUVA DE CORRER MARROM LL","LUVA CORRER MARROM FORTLEV 20MM REF: 10365","Luva Correr","Fortlev","20MM","indisponível","UN (EMB: 1)","45.19","45.1900","ESTIMADO","Média categoria HIDRAULICA + fator variação SKU"
"HIDRAULICA","LUVA DE CORRER MARROM LL","LUVA CORRER MARROM FORTLEV 32MM REF: 10367","Luva Correr","Fortlev","32MM","indisponível","UN (EMB: 6)","47.21","47.2100","ESTIMADO","Média categoria HIDRAULICA + fator variação SKU"
"HIDRAULICA","LUVA DE CORRER MARROM LL","LUVA CORRER MARROM FORTLEV 50MM REF: 10369","Luva Correr","Fortlev","50MM","indisponível","UN (EMB: 8)","49.23","49.2300","ESTIMADO","Média categoria HIDRAULICA + fator variação SKU"
"HIDRAULICA","LUVA DE CORRER MARROM LL","LUVA CORRER MARROM TIGRE 20MM REF: 14066","Luva Correr","Tigre","20MM","indisponível","UN (EMB: 20)","40.58","40.5800","ESTIMADO","Média categoria HIDRAULICA + fator variação SKU"
"HIDRAULICA","LUVA DE CORRER MARROM LL","LUVA CORRER MARROM TIGRE 25MM REF: 14067","Luva Correr","Tigre","25MM","indisponível","UN (EMB: 20)","41.59","41.5900","ESTIMADO","Média categoria HIDRAULICA + fator variação SKU"
"HIDRAULICA","LUVA DE CORRER MARROM LL","LUVA CORRER MARROM TIGRE 32MM REF: 14068","Luva Correr","Tigre","32MM","indisponível","UN (EMB: 10)","42.60","42.6000","ESTIMADO","Média categoria HIDRAULICA + fator variação SKU"
"HIDRAULICA","LUVA DE CORRER MARROM LL","LUVA CORRER MARROM TIGRE 50MM REF: 14070","Luva Correr","Tigre","50MM","indisponível","UN (EMB: 10)","44.62","44.6200","ESTIMADO","Média categoria HIDRAULICA + fator variação SKU"
"HIDRAULICA","LUVA ESGOTO","LUVA ESGOTO FORTLEV 100MM REF: 10323","Luva Esgoto","Fortlev","100MM","indisponível","UN (EMB: 10)","67.77","67.7700","ESTIMADO","Média categoria HIDRAULICA + fator variação SKU"
"HIDRAULICA","LUVA ESGOTO","LUVA ESGOTO FORTLEV 150MM REF: 10324","Luva Esgoto","Fortlev","150MM","indisponível","UN (EMB: 5)","68.78","68.7800","ESTIMADO","Média categoria HIDRAULICA + fator variação SKU"
"HIDRAULICA","LUVA ESGOTO","LUVA ESGOTO FORTLEV 40MM REF: 10320","Luva Esgoto","Fortlev","40MM","indisponível","UN (EMB: 20)","64.74","64.7400","ESTIMADO","Média categoria HIDRAULICA + fator variação SKU"
"HIDRAULICA","LUVA ESGOTO","LUVA ESGOTO FORTLEV 50MM REF: 10321","Luva Esgoto","Fortlev","50MM","indisponível","UN (EMB: 25)","65.75","65.7500","ESTIMADO","Média categoria HIDRAULICA + fator variação SKU"
"HIDRAULICA","LUVA ESGOTO","LUVA ESGOTO FORTLEV 75MM REF: 10322","Luva Esgoto","Fortlev","75MM","indisponível","UN (EMB: 10)","66.76","66.7600","ESTIMADO","Média categoria HIDRAULICA + fator variação SKU"
"HIDRAULICA","LUVA ESGOTO","LUVA ESGOTO TIGRE 100MM REF: 14078","Luva Esgoto","Tigre","100MM","indisponível","UN (EMB: 25)","52.70","52.7000","ESTIMADO","Média categoria HIDRAULICA + fator variação SKU"
"HIDRAULICA","LUVA ESGOTO","LUVA ESGOTO TIGRE 150MM REF: 14079","Luva Esgoto","Tigre","150MM","indisponível","UN (EMB: 15)","53.71","53.7100","ESTIMADO","Média categoria HIDRAULICA + fator variação SKU"
"HIDRAULICA","LUVA ESGOTO","LUVA ESGOTO TIGRE 40MM REF: 14075","Luva Esgoto","Tigre","40MM","indisponível","UN (EMB: 20)","49.67","49.6700","ESTIMADO","Média categoria HIDRAULICA + fator variação SKU"
"HIDRAULICA","LUVA ESGOTO","LUVA ESGOTO TIGRE 50MM REF: 14076","Luva Esgoto","Tigre","50MM","indisponível","UN (EMB: 25)","50.68","50.6800","ESTIMADO","Média categoria HIDRAULICA + fator variação SKU"
"HIDRAULICA","LUVA ESGOTO","LUVA ESGOTO TIGRE 75MM REF: 14077","Luva Esgoto","Tigre","75MM","indisponível","UN (EMB: 15)","51.69","51.6900","ESTIMADO","Média categoria HIDRAULICA + fator variação SKU"
"HIDRAULICA","LUVA MARROM LL","LUVA MARROM FORTLEV 20MM REF: 10354","Luva","Fortlev","20MM","indisponível","UN (EMB: 50)","34.08","34.0800","ESTIMADO","Média categoria HIDRAULICA + fator variação SKU"
"HIDRAULICA","LUVA MARROM LL","LUVA MARROM FORTLEV 25MM REF: 10355","Luva","Fortlev","25MM","indisponível","UN (EMB: 50)","35.09","35.0900","ESTIMADO","Média categoria HIDRAULICA + fator variação SKU"
"HIDRAULICA","LUVA MARROM LL","LUVA MARROM FORTLEV 32MM REF: 10356","Luva","Fortlev","32MM","indisponível","UN (EMB: 25)","36.10","36.1000","ESTIMADO","Média categoria HIDRAULICA + fator variação SKU"
"HIDRAULICA","LUVA MARROM LL","LUVA MARROM FORTLEV 40MM REF: 10357","Luva","Fortlev","40MM","indisponível","UN (EMB: 10)","37.11","37.1100","ESTIMADO","Média categoria HIDRAULICA + fator variação SKU"
"HIDRAULICA","LUVA MARROM LL","LUVA MARROM FORTLEV 50MM REF: 10358","Luva","Fortlev","50MM","indisponível","UN (EMB: 10)","38.12","38.1200","ESTIMADO","Média categoria HIDRAULICA + fator variação SKU"
"HIDRAULICA","LUVA MARROM LL","LUVA MARROM FORTLEV 60MM REF: 10359","Luva","Fortlev","60MM","indisponível","UN (EMB: 10)","39.13","39.1300","ESTIMADO","Média categoria HIDRAULICA + fator variação SKU"
"HIDRAULICA","LUVA MARROM LL","LUVA MARROM TIGRE 20MM REF: 14084","Luva","Tigre","20MM","indisponível","UN (EMB: 50)","58.76","58.7600","ESTIMADO","Média categoria HIDRAULICA + fator variação SKU"
"HIDRAULICA","LUVA MARROM LL","LUVA MARROM TIGRE 25MM REF: 14085","Luva","Tigre","25MM","indisponível","UN (EMB: 50)","59.77","59.7700","ESTIMADO","Média categoria HIDRAULICA + fator variação SKU"
"HIDRAULICA","LUVA MARROM LL","LUVA MARROM TIGRE 32MM REF: 14086","Luva","Tigre","32MM","indisponível","UN (EMB: 40)","60.78","60.7800","ESTIMADO","Média categoria HIDRAULICA + fator variação SKU"
"HIDRAULICA","LUVA MARROM LL","LUVA MARROM TIGRE 40MM REF: 14087","Luva","Tigre","40MM","indisponível","UN (EMB: 12)","61.79","61.7900","ESTIMADO","Média categoria HIDRAULICA + fator variação SKU"
"HIDRAULICA","LUVA MARROM LL","LUVA MARROM TIGRE 60MM REF: 14089","Luva","Tigre","60MM","indisponível","UN (EMB: 12)","63.81","63.8100","ESTIMADO","Média categoria HIDRAULICA + fator variação SKU"
"HIDRAULICA","LUVA MARROM LL","LUVA REDUCAO MARROM LL FORTLEV 25X20MM REF: 10363","Luva Reducao Ll 25x20mm","Fortlev","indisponível","indisponível","UN (EMB: 50)","43.17","43.1700","ESTIMADO","Média categoria HIDRAULICA + fator variação SKU"
"HIDRAULICA","LUVA MARROM LL","LUVA REDUCAO MARROM LL FORTLEV 32X25MM REF: 10364","Luva Reducao Ll 32x25mm","Fortlev","indisponível","indisponível","UN (EMB: 20)","44.18","44.1800","ESTIMADO","Média categoria HIDRAULICA + fator variação SKU"
"HIDRAULICA","LUVA MARROM LL","LUVA REDUCAO MARROM LL TIGRE 25X20MM REF: 14090","Luva Reducao Ll 25x20mm","Tigre","indisponível","indisponível","UN (EMB: 30)","64.82","64.8200","ESTIMADO","Média categoria HIDRAULICA + fator variação SKU"
"HIDRAULICA","LUVA MARROM LL","LUVA REDUCAO MARROM LL TIGRE 32X25MM REF: 14091","Luva Reducao Ll 32x25mm","Tigre","indisponível","indisponível","UN (EMB: 20)","65.83","65.8300","ESTIMADO","Média categoria HIDRAULICA + fator variação SKU"
"HIDRAULICA","LUVA MARROM LR","LUVA MARROM LR FORTLEV 20X1/2 REF: 10360","Luva Lr 2","Fortlev","20X1","indisponível","UN (EMB: 25)","40.14","40.1400","ESTIMADO","Média categoria HIDRAULICA + fator variação SKU"
"HIDRAULICA","LUVA MARROM LR","LUVA MARROM LR FORTLEV 25X1/2 REF: 10361","Luva Lr 2","Fortlev","25X1","indisponível","UN (EMB: 30)","41.15","41.1500","ESTIMADO","Média categoria HIDRAULICA + fator variação SKU"
"HIDRAULICA","LUVA MARROM LR","LUVA MARROM LR FORTLEV 25X3/4 REF: 10362","Luva Lr 4","Fortlev","25X3","indisponível","UN (EMB: 30)","42.16","42.1600","ESTIMADO","Média categoria HIDRAULICA + fator variação SKU"
"HIDRAULICA","LUVA MARROM LR","LUVA MARROM LR TIGRE 20X1/2 REF: 14080","Luva Lr 2","Tigre","20X1","indisponível","UN (EMB: 25)","54.72","54.7200","ESTIMADO","Média categoria HIDRAULICA + fator variação SKU"
"HIDRAULICA","LUVA MARROM LR","LUVA MARROM LR TIGRE 25X3/4 REF: 14081","Luva Lr 4","Tigre","25X3","indisponível","UN (EMB: 30)","55.73","55.7300","ESTIMADO","Média categoria HIDRAULICA + fator variação SKU"
"HIDRAULICA","LUVA MARROM LR","LUVA MARROM LR TIGRE 32X1 REF: 14082","Luva Lr","Tigre","32X1","indisponível","UN (EMB: 20)","56.74","56.7400","ESTIMADO","Média categoria HIDRAULICA + fator variação SKU"
"HIDRAULICA","LUVA MARROM LR","LUVA MARROM LR TIGRE 50X1.1/2 REF: 14083","Luva Lr .1 2","Tigre","50X1","indisponível","UN (EMB: 10)","57.75","57.7500","ESTIMADO","Média categoria HIDRAULICA + fator variação SKU"
"HIDRAULICA","LUVA MARROM LR","LUVA REDUCAO MARROM LR TIGRE 25X20MM REF: 14092","Luva Reducao Lr 25x20mm","Tigre","indisponível","indisponível","UN (EMB: 30)","66.84","66.8400","ESTIMADO","Média categoria HIDRAULICA + fator variação SKU"
"HIDRAULICA","MANGUEIRA FLEXÍVEL","MANG FLEX TRAMONTINA 1/2 X 2,0MM C/ ENG VD 10M REF: 13217","Mang Flex X 2 0mm C Eng","Tramontina","1/2","10M","UN (EMB: 240)","37.00","37.0000","ESTIMADO","Média categoria HIDRAULICA + fator variação SKU"
"HIDRAULICA","MANGUEIRA FLEXÍVEL","MANG FLEX TRAMONTINA 1/2 X 2,0MM C/ ENG VD 15M REF: 13218","Mang Flex X 2 0mm C Eng","Tramontina","1/2","15M","UN (EMB: 160)","38.01","38.0100","ESTIMADO","Média categoria HIDRAULICA + fator variação SKU"
"HIDRAULICA","MANGUEIRA FLEXÍVEL","MANG FLEX TRAMONTINA 1/2 X 2,0MM VD 200M REF: 13247","Mang Flex X 2 0mm","Tramontina","1/2","200M","UN (EMB: 1)","67.30","67.3000","ESTIMADO","Média categoria HIDRAULICA + fator variação SKU"
"HIDRAULICA","MANGUEIRA GÁS","MANG GAS OFICIAL IBIRA 1,25M REF: 14431","Mang Gas Oficial Ibira","indisponível","indisponível","1,25M","UN (EMB: 1)","16.26","16.2600","ESTIMADO","Média categoria HIDRAULICA + fator variação SKU"
"HIDRAULICA","MANGUEIRA MAQUINA DE LAVAR","MANG P/ MAQ DE LAVAR ENTRADA IBIRA 1,2M REF: 14467","Mang P Maq De Lavar Entrada Ibira","indisponível","indisponível","1,2M","UN (EMB: 20)","51.63","51.6300","ESTIMADO","Média categoria HIDRAULICA + fator variação SKU"
"HIDRAULICA","MANGUEIRA MAQUINA DE LAVAR","MANG P/ MAQ DE LAVAR ENTRADA IBIRA 1,4M REF: 14430","Mang P Maq De Lavar Entrada Ibira","indisponível","indisponível","1,4M","UN (EMB: 1)","15.25","15.2500","ESTIMADO","Média categoria HIDRAULICA + fator variação SKU"
"HIDRAULICA","MANGUEIRA MAQUINA DE LAVAR","MANG P/ MAQ DE LAVAR ENTRADA IBIRA 2,0M REF: 14468","Mang P Maq De Lavar Entrada Ibira","indisponível","indisponível","2,0M","UN (EMB: 20)","52.64","52.6400","ESTIMADO","Média categoria HIDRAULICA + fator variação SKU"
"HIDRAULICA","MANGUEIRA NÍVEL","MANG NIVEL IBIRA 5/16 X 1,5MM CRISTAL 50M REF: 14424","Mang Nivel Ibira X 1 5mm","indisponível","5/16","50M","UN (EMB: 1)","74.19","74.1900","ESTIMADO","Média categoria HIDRAULICA + fator variação SKU"
"HIDRAULICA","NIPLE BRANCO","NIPLE ROSCAVEL 1/2 FORTLEV REF: 12881","Niple Roscavel","Fortlev","1/2","indisponível","UN (EMB: 50)","25.61","25.6100","ESTIMADO","Média categoria HIDRAULICA + fator variação SKU"
"HIDRAULICA","NIPLE BRANCO","NIPLE ROSCAVEL 3/4 FORTLEV REF: 12045","Niple Roscavel","Fortlev","3/4","indisponível","UN (EMB: 50)","35.16","35.1600","ESTIMADO","Média categoria HIDRAULICA + fator variação SKU"
"HIDRAULICA","PASTA LUBRIFICANTE","PASTA LUBRIF BISNAGA TIGRE 1000G REF: 15387","Pasta Lubrif Bisnaga 1000g","Tigre","indisponível","indisponível","UN (EMB: 1)","61.92","61.9200","ESTIMADO","Média categoria HIDRAULICA + fator variação SKU"
"HIDRAULICA","PASTA LUBRIFICANTE","PASTA LUBRIF BISNAGA TIGRE 160G REF: 14094","Pasta Lubrif Bisnaga 160g","Tigre","indisponível","indisponível","UN (EMB: 12)","68.86","68.8600","ESTIMADO","Média categoria HIDRAULICA + fator variação SKU"
"HIDRAULICA","PASTA LUBRIFICANTE","PASTA LUBRIF BISNAGA TIGRE 400G REF: 15388","Pasta Lubrif Bisnaga 400g","Tigre","indisponível","indisponível","UN (EMB: 1)","62.93","62.9300","ESTIMADO","Média categoria HIDRAULICA + fator variação SKU"
"HIDRAULICA","PLUG ÁGUA RR","PLUG ROSCAVEL FORTLEV 1/2 REF: 10370","Plug Roscavel","Fortlev","1/2","indisponível","UN (EMB: 50)","50.24","50.2400","ESTIMADO","Média categoria HIDRAULICA + fator variação SKU"
"HIDRAULICA","PLUG ÁGUA RR","PLUG ROSCAVEL FORTLEV 3/4 REF: 10371","Plug Roscavel","Fortlev","3/4","indisponível","UN (EMB: 50)","51.25","51.2500","ESTIMADO","Média categoria HIDRAULICA + fator variação SKU"
"HIDRAULICA","PLUG ÁGUA RR","PLUG ROSCAVEL TIGRE 1/2 REF: 14095","Plug Roscavel","Tigre","1/2","indisponível","UN (EMB: 50)","69.87","69.8700","ESTIMADO","Média categoria HIDRAULICA + fator variação SKU"
"HIDRAULICA","PLUG ÁGUA RR","PLUG ROSCAVEL TIGRE 3/4 REF: 14096","Plug Roscavel","Tigre","3/4","indisponível","UN (EMB: 50)","70.88","70.8800","ESTIMADO","Média categoria HIDRAULICA + fator variação SKU"
"HIDRAULICA","PORTA-GRELHA DE PVC","PORTA-GRELHA DE PVC QUAD FORTLEV 15CM BR REF: 11106","Porta Grelha De Quad 15cm","Fortlev","indisponível","indisponível","UN (EMB: 20)","70.68","70.6800","ESTIMADO","Média categoria HIDRAULICA + fator variação SKU"
"HIDRAULICA","PORTA-GRELHA DE PVC","PORTA-GRELHA DE PVC QUAD TIGRE 10CM BR REF: 14097","Porta Grelha De Quad 10cm","Tigre","indisponível","indisponível","UN (EMB: 12)","71.89","71.8900","ESTIMADO","Média categoria HIDRAULICA + fator variação SKU"
"HIDRAULICA","PORTA-GRELHA DE PVC","PORTA-GRELHA DE PVC QUAD TIGRE 15CM BR REF: 14098","Porta Grelha De Quad 15cm","Tigre","indisponível","indisponível","UN (EMB: 6)","72.90","72.9000","ESTIMADO","Média categoria HIDRAULICA + fator variação SKU"
"HIDRAULICA","PORTA-GRELHA DE PVC","PORTA-GRELHA DE PVC RED FORTLEV 10CM BR REF: 11105","Porta Grelha De Red 10cm","Fortlev","indisponível","indisponível","UN (EMB: 12)","69.67","69.6700","ESTIMADO","Média categoria HIDRAULICA + fator variação SKU"
"HIDRAULICA","PORTA-GRELHA DE PVC","PORTA-GRELHA DE PVC RED FORTLEV 15CM BR REF: 11107","Porta Grelha De Red 15cm","Fortlev","indisponível","indisponível","UN (EMB: 20)","71.69","71.6900","ESTIMADO","Média categoria HIDRAULICA + fator variação SKU"
"HIDRAULICA","PORTA-GRELHA DE PVC","PORTA-GRELHA DE PVC RED TIGRE 10CM BR REF: 14099","Porta Grelha De Red 10cm","Tigre","indisponível","indisponível","UN (EMB: 12)","73.91","73.9100","ESTIMADO","Média categoria HIDRAULICA + fator variação SKU"
"HIDRAULICA","PORTA-GRELHA DE PVC","PORTA-GRELHA DE PVC RED TIGRE 15CM BR REF: 14100","Porta Grelha De Red 15cm","Tigre","indisponível","indisponível","UN (EMB: 6)","74.92","74.9200","ESTIMADO","Média categoria HIDRAULICA + fator variação SKU"
"HIDRAULICA","PRESSURIZADOR P/ CAIXA D AGUA","PRESSURIZADOR CAIXA D AGUA BLUKIT REF: 14328","Pressurizador D Agua Blukit","indisponível","indisponível","indisponível","UN (EMB: 1)","43.22","43.2200","ESTIMADO","Média categoria HIDRAULICA + fator variação SKU"
"HIDRAULICA","PROLONGADOR P/ CX SIFONADA","PROLONGADOR P/ CX SIFONADA FORTLEV 15X20CM REF: 11108","Prolongador P Sifonada 15x20cm","Fortlev","indisponível","indisponível","UN (EMB: 10)","4.57","4.5700","ESTIMADO","Regra tipo/marca (Roma/Atlas) + dimensões pintura"
"HIDRAULICA","PROLONGADOR P/ CX SIFONADA","PROLONGADOR P/ CX SIFONADA TIGRE 25X20CM REF: 14527","Prolongador P Sifonada 25x20cm","Tigre","indisponível","indisponível","UN (EMB: 1)","4.86","4.8600","ESTIMADO","Regra tipo/marca (Roma/Atlas) + dimensões pintura"
"HIDRAULICA","RAIO LINEAR","RALO LINEAR BR HERC MOD SIF 50CM REF: 12336","Ralo Linear Herc Mod Sif 50cm","indisponível","indisponível","indisponível","UN (EMB: 1)","66.10","66.1000","ESTIMADO","Média categoria HIDRAULICA + fator variação SKU"
"HIDRAULICA","RAIO LINEAR","RALO LINEAR BR HERC MOD SIF 70CM REF: 12337","Ralo Linear Herc Mod Sif 70cm","indisponível","indisponível","indisponível","UN (EMB: 1)","67.11","67.1100","ESTIMADO","Média categoria HIDRAULICA + fator variação SKU"
"HIDRAULICA","REDUÇÃO ESGOTO","REDUCAO ESGOTO FORTLEV 100X50MM REF: 10330","Reducao Esgoto 100x50mm","Fortlev","indisponível","indisponível","UN (EMB: 10)","74.84","74.8400","ESTIMADO","Média categoria HIDRAULICA + fator variação SKU"
"HIDRAULICA","REDUÇÃO ESGOTO","REDUCAO ESGOTO FORTLEV 100X75MM REF: 10331","Reducao Esgoto 100x75mm","Fortlev","indisponível","indisponível","UN (EMB: 10)","75.85","75.8500","ESTIMADO","Média categoria HIDRAULICA + fator variação SKU"
"HIDRAULICA","REDUÇÃO ESGOTO","REDUCAO ESGOTO FORTLEV 150X100MM REF: 12880","Reducao Esgoto 150x100mm","Fortlev","indisponível","indisponível","UN (EMB: 1)","24.60","24.6000","ESTIMADO","Média categoria HIDRAULICA + fator variação SKU"
"HIDRAULICA","REDUÇÃO ESGOTO","REDUCAO ESGOTO FORTLEV 75X50MM REF: 10329","Reducao Esgoto 75x50mm","Fortlev","indisponível","indisponível","UN (EMB: 10)","73.83","73.8300","ESTIMADO","Média categoria HIDRAULICA + fator variação SKU"
"HIDRAULICA","REDUÇÃO ESGOTO","REDUCAO ESGOTO TIGRE EXCENTRICA 100X50MM REF: 14101","Reducao Esgoto Excentrica 100x50mm","Tigre","indisponível","indisponível","UN (EMB: 15)","75.93","75.9300","ESTIMADO","Média categoria HIDRAULICA + fator variação SKU"
"HIDRAULICA","REDUÇÃO ESGOTO","REDUCAO ESGOTO TIGRE EXCENTRICA 100X75MM REF: 14102","Reducao Esgoto Excentrica 100x75mm","Tigre","indisponível","indisponível","UN (EMB: 25)","76.94","76.9400","ESTIMADO","Média categoria HIDRAULICA + fator variação SKU"
"HIDRAULICA","REDUÇÃO ESGOTO","REDUCAO ESGOTO TIGRE EXCENTRICA 150X100MM REF: 14103","Reducao Esgoto Excentrica 150x100mm","Tigre","indisponível","indisponível","UN (EMB: 10)","77.95","77.9500","ESTIMADO","Média categoria HIDRAULICA + fator variação SKU"
"HIDRAULICA","REDUÇÃO ESGOTO","REDUCAO ESGOTO TIGRE EXCENTRICA 75X50MM REF: 14104","Reducao Esgoto Excentrica 75x50mm","Tigre","indisponível","indisponível","UN (EMB: 20)","78.96","78.9600","ESTIMADO","Média categoria HIDRAULICA + fator variação SKU"
"HIDRAULICA","REFIL PARA FILTRO D'AGUA","REFIL P/ PURIFICADOR TIGRE REF: 14183","Refil P Purificador","Tigre","indisponível","indisponível","UN (EMB: 1)","27.76","27.7600","ESTIMADO","Média categoria HIDRAULICA + fator variação SKU"
"HIDRAULICA","REG.ESF.PVC C/ UNIÃO ROSCÁVEL","REGISTRO ESFERA ROSCAVEL C/ UNIAO FORTLEV RR 1.1/4 REF: 10394","Registro Esfera Roscavel C Uniao Rr 1.","Fortlev","1/4","indisponível","UN (EMB: 5)","74.48","74.4800","ESTIMADO","Média categoria HIDRAULICA + fator variação SKU"
"HIDRAULICA","REG.ESF.PVC C/ UNIÃO ROSCÁVEL","REGISTRO ESFERA ROSCAVEL C/ UNIAO FORTLEV RR 3/4 REF: 10391","Registro Esfera Roscavel C Uniao Rr","Fortlev","3/4","indisponível","UN (EMB: 10)","71.45","71.4500","ESTIMADO","Média categoria HIDRAULICA + fator variação SKU"
"HIDRAULICA","REG.ESF.PVC C/ UNIÃO SOLDÁVEL","REGISTRO ESFERA C/ UNIAO FORTLEV LL 20MM REF: 10384","Registro Esfera C Uniao Ll","Fortlev","20MM","indisponível","UN (EMB: 10)","64.38","64.3800","ESTIMADO","Média categoria HIDRAULICA + fator variação SKU"
"HIDRAULICA","REG.ESF.PVC C/ UNIÃO SOLDÁVEL","REGISTRO ESFERA C/ UNIAO FORTLEV LL 25MM REF: 10385","Registro Esfera C Uniao Ll","Fortlev","25MM","indisponível","UN (EMB: 10)","65.39","65.3900","ESTIMADO","Média categoria HIDRAULICA + fator variação SKU"
"HIDRAULICA","REG.ESF.PVC C/ UNIÃO SOLDÁVEL","REGISTRO ESFERA C/ UNIAO FORTLEV LL 40MM REF: 10387","Registro Esfera C Uniao Ll","Fortlev","40MM","indisponível","UN (EMB: 5)","67.41","67.4100","ESTIMADO","Média categoria HIDRAULICA + fator variação SKU"
"HIDRAULICA","REG.ESF.PVC C/ UNIÃO SOLDÁVEL","REGISTRO ESFERA C/ UNIAO FORTLEV LL 50MM REF: 10388","Registro Esfera C Uniao Ll","Fortlev","50MM","indisponível","UN (EMB: 2)","68.42","68.4200","ESTIMADO","Média categoria HIDRAULICA + fator variação SKU"
"HIDRAULICA","REG.ESF.PVC C/ UNIÃO SOLDÁVEL","REGISTRO ESFERA C/ UNIAO TIGRE LL 20MM REF: 14105","Registro Esfera C Uniao Ll","Tigre","20MM","indisponível","UN (EMB: 20)","14.97","14.9700","ESTIMADO","Média categoria HIDRAULICA + fator variação SKU"
"HIDRAULICA","REG.ESF.PVC C/ UNIÃO SOLDÁVEL","REGISTRO ESFERA C/ UNIAO TIGRE LL 25MM REF: 14106","Registro Esfera C Uniao Ll","Tigre","25MM","indisponível","UN (EMB: 20)","15.98","15.9800","ESTIMADO","Média categoria HIDRAULICA + fator variação SKU"
"HIDRAULICA","REG.ESF.PVC C/ UNIÃO SOLDÁVEL","REGISTRO ESFERA C/ UNIAO TIGRE LL 32MM REF: 14107","Registro Esfera C Uniao Ll","Tigre","32MM","indisponível","UN (EMB: 10)","16.99","16.9900","ESTIMADO","Média categoria HIDRAULICA + fator variação SKU"
"HIDRAULICA","REG.ESF.PVC C/ UNIÃO SOLDÁVEL","REGISTRO ESFERA C/ UNIAO TIGRE LL 50MM REF: 14108","Registro Esfera C Uniao Ll","Tigre","50MM","indisponível","UN (EMB: 5)","18.00","18.0000","ESTIMADO","Média categoria HIDRAULICA + fator variação SKU"
"HIDRAULICA","REGISTRO ESFERA SOLDAVEL","REGISTRO ESFERA LL TIGRE 20MM REF: 14109","Registro Esfera Ll","Tigre","20MM","indisponível","UN (EMB: 20)","19.01","19.0100","ESTIMADO","Média categoria HIDRAULICA + fator variação SKU"
"HIDRAULICA","REGISTRO ESFERA SOLDAVEL","REGISTRO ESFERA LL TIGRE 25MM REF: 14110","Registro Esfera Ll","Tigre","25MM","indisponível","UN (EMB: 20)","20.02","20.0200","ESTIMADO","Média categoria HIDRAULICA + fator variação SKU"
"HIDRAULICA","REGISTRO ESFERA SOLDAVEL","REGISTRO ESFERA LL TIGRE 32MM REF: 14111","Registro Esfera Ll","Tigre","32MM","indisponível","UN (EMB: 10)","21.03","21.0300","ESTIMADO","Média categoria HIDRAULICA + fator variação SKU"
"HIDRAULICA","REGISTRO ESFERA SOLDAVEL","REGISTRO ESFERA LL TIGRE 50MM REF: 14112","Registro Esfera Ll","Tigre","50MM","indisponível","UN (EMB: 5)","22.04","22.0400","ESTIMADO","Média categoria HIDRAULICA + fator variação SKU"
"HIDRAULICA","REGISTRO ESFERA SOLDAVEL","REGISTRO ESFERA LL TIGRE 60MM REF: 14113","Registro Esfera Ll","Tigre","60MM","indisponível","UN (EMB: 2)","23.05","23.0500","ESTIMADO","Média categoria HIDRAULICA + fator variação SKU"
"HIDRAULICA","REGISTRO ESFERA SOLDAVEL","REGISTRO ESFERA LL VIQUA 25MM REF: 12098","Registro Esfera Ll Viqua","indisponível","25MM","indisponível","UN (EMB: 5)","22.70","22.7000","ESTIMADO","Média categoria HIDRAULICA + fator variação SKU"
"HIDRAULICA","REGISTRO ESFERA SOLDAVEL","REGISTRO ESFERA LL VIQUA 32MM REF: 12083","Registro Esfera Ll Viqua","indisponível","32MM","indisponível","UN (EMB: 5)","72.55","72.5500","ESTIMADO","Média categoria HIDRAULICA + fator variação SKU"
"HIDRAULICA","REGISTRO ESFERA SOLDAVEL","REGISTRO ESFERA LL VIQUA 50MM REF: 12084","Registro Esfera Ll Viqua","indisponível","50MM","indisponível","UN (EMB: 2)","73.56","73.5600","ESTIMADO","Média categoria HIDRAULICA + fator variação SKU"
"HIDRAULICA","REGISTRO GAVETA","REGISTRO GAVETA BRUTO 3/4 1510 DECA REF: 12173","Registro Gaveta Bruto 1510","Deca","3/4","indisponível","UN (EMB: 12)","33.45","33.4500","ESTIMADO","Média categoria HIDRAULICA + fator variação SKU"
"HIDRAULICA","REPARO P/ MANGUEIRA","REPARADOR MANG TRAMONTINA 1/2 POTE C/ 55 PCS REF: 13921","Reparador Mang Pote C 55 Pcs","Tramontina","1/2","indisponível","UN (EMB: 1)","26.11","26.1100","ESTIMADO","Média categoria HIDRAULICA + fator variação SKU"
"HIDRAULICA","REPARO P/ MANGUEIRA","REPARADOR MANG TRAMONTINA 1/2 REF: 13181","Reparador Mang","Tramontina","1/2","indisponível","UN (EMB: 12)","65.64","65.6400","ESTIMADO","Média categoria HIDRAULICA + fator variação SKU"
"HIDRAULICA","REPARO P/ VALVULA","REPARO ACION LUXO MASTER 4336 HYDRA REF: 12056","Reparo Acion Luxo Master 4336 Hydra","indisponível","indisponível","indisponível","UN (EMB: 14)","46.27","46.2700","ESTIMADO","Média categoria HIDRAULICA + fator variação SKU"
"HIDRAULICA","REPARO P/ VALVULA","REPARO VALV 4 MODELOS 874 HYDRA REF: 12057","Reparo Valv 4 Modelos 874 Hydra","indisponível","indisponível","indisponível","UN (EMB: 12)","47.28","47.2800","ESTIMADO","Média categoria HIDRAULICA + fator variação SKU"
"HIDRAULICA","REPARO P/ VALVULA","REPARO VALV LUXO MASTER 924 HYDRA REF: 12058","Reparo Valv Luxo Master 924 Hydra","indisponível","indisponível","indisponível","UN (EMB: 12)","48.29","48.2900","ESTIMADO","Média categoria HIDRAULICA + fator variação SKU"
"HIDRAULICA","REPARO P/ VALVULA","REPARO VALV P/ MAX 2550 325 HYDRA REF: 12059","Reparo Valv P Max 2550 325 Hydra","indisponível","indisponível","indisponível","UN (EMB: 8)","49.30","49.3000","ESTIMADO","Média categoria HIDRAULICA + fator variação SKU"
"HIDRAULICA","SIFÃO COPO","SIFAO SANFONADO UNIV ASTRA COPO BR REF: 10732","Sifao Sanfonado Univ Astra Copo","indisponível","indisponível","indisponível","UN (EMB: 10)","21.90","21.9000","ESTIMADO","Média categoria HIDRAULICA + fator variação SKU"
"HIDRAULICA","SIFÃO SANFONADO","SIFAO SANFONADO 66 CM UNIV TIGRE BR REF: 14114","Sifao Sanfonado 66 Cm Univ","Tigre","indisponível","indisponível","UN (EMB: 1)","24.06","24.0600","ESTIMADO","Média categoria HIDRAULICA + fator variação SKU"
"HIDRAULICA","SIFÃO SANFONADO","SIFAO SIFONADO ANTIODOR BR STAR FY","Sifao Sifonado Antiodor Star Fy","indisponível","indisponível","indisponível","UN (EMB: 1)","43.32","43.3200","ESTIMADO","Média categoria HIDRAULICA + fator variação SKU"
"HIDRAULICA","SOLUÇÃO PREPARADORA","SOLUCAO PREP TIGRE 200ML REF: 14115","Solucao Prep 200ml","Tigre","indisponível","indisponível","UN (EMB: 10)","25.07","25.0700","ESTIMADO","Média categoria HIDRAULICA + fator variação SKU"
"HIDRAULICA","SPUD PVC","SPUD PVC ASTRA BR REF: 10734","Spud Astra","indisponível","indisponível","indisponível","UN (EMB: 30)","23.92","23.9200","ESTIMADO","Média categoria HIDRAULICA + fator variação SKU"
"HIDRAULICA","TAMPA CAIXA DE INSPEÇÃO","TAMPA CAIXA INSPECAO MR ALUM 100MM REF: 14573","Tampa Inspecao Mr Alum","indisponível","100MM","indisponível","UN (EMB: 1)","27.70","27.7000","ESTIMADO","Média categoria HIDRAULICA + fator variação SKU"
"HIDRAULICA","TANQUE (LOUÇA)","TANQUE ICASA 27L 50X50CM BR REF: 15394","Tanque Icasa 27l 50x50cm","indisponível","indisponível","indisponível","UN (EMB: 1)","68.99","68.9900","ESTIMADO","Média categoria HIDRAULICA + fator variação SKU"
"HIDRAULICA","TANQUE DE POLIETILENO","TANQUE DE POLIETILENO FORTLEV 2.000L REF: 10266","Tanque De Polietileno 2.000l","Fortlev","indisponível","indisponível","UN (EMB: 1)","28.87","28.8700","ESTIMADO","Média categoria HIDRAULICA + fator variação SKU"
"HIDRAULICA","TANQUE DE POLIETILENO","TANQUE DE POLIETILENO FORTLEV 3000L REF: 10266","Tanque De Polietileno 3000l","Fortlev","indisponível","indisponível","UN (EMB: 1)","17.40","17.4000","ESTIMADO","Média categoria HIDRAULICA + fator variação SKU"
"HIDRAULICA","TÊ AZUL LLR","TE AZUL LLR FORTLEV 20X1/2 REF: 10401","Te Llr 2","Fortlev","20X1","indisponível","UN (EMB: 20)","15.56","15.5600","ESTIMADO","Média categoria HIDRAULICA + fator variação SKU"
"HIDRAULICA","TÊ AZUL LLR","TE AZUL RED LLR FORTLEV 25X1/2 REF: 10402","Te Red Llr 2","Fortlev","25X1","indisponível","UN (EMB: 15)","16.57","16.5700","ESTIMADO","Média categoria HIDRAULICA + fator variação SKU"
"HIDRAULICA","TÊ AZUL LLR","TE AZUL RED LLR TIGRE 25X1/2 REF: 14117","Te Red Llr 2","Tigre","25X1","indisponível","UN (EMB: 15)","27.09","27.0900","ESTIMADO","Média categoria HIDRAULICA + fator variação SKU"
"HIDRAULICA","TÊ CPVC AGUA QUENTE","TE CPVC AQUATHERM TIGRE 22X90 REF: 15131","Te Cpvc Aquatherm","Tigre","22X90","indisponível","UN (EMB: 40)","66.33","66.3300","ESTIMADO","Média categoria HIDRAULICA + fator variação SKU"
"HIDRAULICA","TÊ CPVC AGUA QUENTE","TE CPVC AQUATHERM TIGRE 28MM REF: 15124","Te Cpvc Aquatherm","Tigre","28MM","indisponível","UN (EMB: 10)","59.26","59.2600","ESTIMADO","Média categoria HIDRAULICA + fator variação SKU"
"HIDRAULICA","TÊ CPVC AGUA QUENTE","TE REDUCAO CPVC AQUATHERM TIGRE 28X22 REF: 15136","Te Reducao Cpvc Aquatherm","Tigre","28X22","indisponível","UN (EMB: 20)","71.38","71.3800","ESTIMADO","Média categoria HIDRAULICA + fator variação SKU"
"HIDRAULICA","TÊ CPVC AGUA QUENTE","TE TRANSICAO CPVC AQUATHERM TIGRE 22X3/4 REF: 15127","Te Transicao Cpvc Aquatherm 4","Tigre","22X3","indisponível","UN (EMB: 10)","62.29","62.2900","ESTIMADO","Média categoria HIDRAULICA + fator variação SKU"
"HIDRAULICA","TÊ CPVC AGUA QUENTE","TE TRANSICAO MISTURADOR CPVC AQUATHERM TIGRE 22X3/4 REF: 15123","Te Transicao Misturador Cpvc Aquatherm 4","Tigre","22X3","indisponível","UN (EMB: 10)","58.25","58.2500","ESTIMADO","Média categoria HIDRAULICA + fator variação SKU"
"HIDRAULICA","TÊ ESGOTO","TE ESGOTO FORTLEV 100X100 REF: 10335","Te Esgoto","Fortlev","100X100","indisponível","UN (EMB: 10)","14.89","14.8900","ESTIMADO","Média categoria HIDRAULICA + fator variação SKU"
"HIDRAULICA","TÊ ESGOTO","TE ESGOTO FORTLEV 150X90 REF: 10336","Te Esgoto","Fortlev","150X90","indisponível","UN (EMB: 8)","15.90","15.9000","ESTIMADO","Média categoria HIDRAULICA + fator variação SKU"
"HIDRAULICA","TÊ ESGOTO","TE ESGOTO FORTLEV 40X90 REF: 10332","Te Esgoto","Fortlev","40X90","indisponível","UN (EMB: 25)","76.86","76.8600","ESTIMADO","Média categoria HIDRAULICA + fator variação SKU"
"HIDRAULICA","TÊ ESGOTO","TE ESGOTO FORTLEV 75X90 REF: 10334","Te Esgoto","Fortlev","75X90","indisponível","UN (EMB: 10)","78.88","78.8800","ESTIMADO","Média categoria HIDRAULICA + fator variação SKU"
"HIDRAULICA","TÊ ESGOTO","TE ESGOTO TIGRE 100X100 REF: 14123","Te Esgoto","Tigre","100X100","indisponível","UN (EMB: 20)","33.15","33.1500","ESTIMADO","Média categoria HIDRAULICA + fator variação SKU"
"HIDRAULICA","TÊ ESGOTO","TE ESGOTO TIGRE 100X50 REF: 14121","Te Esgoto","Tigre","100X50","indisponível","UN (EMB: 20)","31.13","31.1300","ESTIMADO","Média categoria HIDRAULICA + fator variação SKU"
"HIDRAULICA","TÊ ESGOTO","TE ESGOTO TIGRE 100X75 REF: 14122","Te Esgoto","Tigre","100X75","indisponível","UN (EMB: 20)","32.14","32.1400","ESTIMADO","Média categoria HIDRAULICA + fator variação SKU"
"HIDRAULICA","TÊ ESGOTO","TE ESGOTO TIGRE 40X90 REF: 14118","Te Esgoto","Tigre","40X90","indisponível","UN (EMB: 25)","28.10","28.1000","ESTIMADO","Média categoria HIDRAULICA + fator variação SKU"
"HIDRAULICA","TÊ ESGOTO","TE ESGOTO TIGRE 75X75 REF: 14120","Te Esgoto","Tigre","75X75","indisponível","UN (EMB: 25)","30.12","30.1200","ESTIMADO","Média categoria HIDRAULICA + fator variação SKU"
"HIDRAULICA","TÊ ESGOTO C/ REDUÇÃO","TE REDUCAO ESGOTO FORTLEV 100X50X90 REF: 10338","Te Reducao Esgoto 100x50x90","Fortlev","indisponível","indisponível","UN (EMB: 10)","17.92","17.9200","ESTIMADO","Média categoria HIDRAULICA + fator variação SKU"
"HIDRAULICA","TÊ ESGOTO C/ REDUÇÃO","TE REDUCAO ESGOTO FORTLEV 100X75X90 REF: 10339","Te Reducao Esgoto 100x75x90","Fortlev","indisponível","indisponível","UN (EMB: 10)","18.93","18.9300","ESTIMADO","Média categoria HIDRAULICA + fator variação SKU"
"HIDRAULICA","TÊ ESGOTO C/ REDUÇÃO","TE REDUCAO ESGOTO FORTLEV 150X100 REF: 12046","Te Reducao Esgoto","Fortlev","150X100","indisponível","UN (EMB: 10)","36.17","36.1700","ESTIMADO","Média categoria HIDRAULICA + fator variação SKU"
"HIDRAULICA","TÊ ESGOTO C/ REDUÇÃO","TE REDUCAO ESGOTO FORTLEV 75X50X90 REF: 10337","Te Reducao Esgoto 75x50x90","Fortlev","indisponível","indisponível","UN (EMB: 10)","16.91","16.9100","ESTIMADO","Média categoria HIDRAULICA + fator variação SKU"
"HIDRAULICA","TÊ MARROM LLL","TE MARROM LLL FORTLEV 20MM REF: 10372","Te Lll","Fortlev","20MM","indisponível","UN (EMB: 50)","52.26","52.2600","ESTIMADO","Média categoria HIDRAULICA + fator variação SKU"
"HIDRAULICA","TÊ MARROM LLL","TE MARROM LLL FORTLEV 25MM REF: 10373","Te Lll","Fortlev","25MM","indisponível","UN (EMB: 50)","53.27","53.2700","ESTIMADO","Média categoria HIDRAULICA + fator variação SKU"
"HIDRAULICA","TÊ MARROM LLL","TE MARROM LLL FORTLEV 32MM REF: 10374","Te Lll","Fortlev","32MM","indisponível","UN (EMB: 15)","54.28","54.2800","ESTIMADO","Média categoria HIDRAULICA + fator variação SKU"
"HIDRAULICA","TÊ MARROM LLL","TE MARROM LLL FORTLEV 40MM REF: 10375","Te Lll","Fortlev","40MM","indisponível","UN (EMB: 10)","55.29","55.2900","ESTIMADO","Média categoria HIDRAULICA + fator variação SKU"
"HIDRAULICA","TÊ MARROM LLL","TE MARROM LLL FORTLEV 50MM REF: 10376","Te Lll","Fortlev","50MM","indisponível","UN (EMB: 10)","56.30","56.3000","ESTIMADO","Média categoria HIDRAULICA + fator variação SKU"
"HIDRAULICA","TÊ MARROM LLL","TE MARROM LLL FORTLEV 60MM REF: 10377","Te Lll","Fortlev","60MM","indisponível","UN (EMB: 5)","57.31","57.3100","ESTIMADO","Média categoria HIDRAULICA + fator variação SKU"
"HIDRAULICA","TÊ MARROM LLL","TE MARROM LLL TIGRE 20MM REF: 14124","Te Lll","Tigre","20MM","indisponível","UN (EMB: 50)","34.16","34.1600","ESTIMADO","Média categoria HIDRAULICA + fator variação SKU"
"HIDRAULICA","TÊ MARROM LLL","TE MARROM LLL TIGRE 25MM REF: 14125","Te Lll","Tigre","25MM","indisponível","UN (EMB: 50)","35.17","35.1700","ESTIMADO","Média categoria HIDRAULICA + fator variação SKU"
"HIDRAULICA","TÊ MARROM LLL","TE MARROM LLL TIGRE 40MM REF: 14127","Te Lll","Tigre","40MM","indisponível","UN (EMB: 10)","37.19","37.1900","ESTIMADO","Média categoria HIDRAULICA + fator variação SKU"
"HIDRAULICA","TÊ MARROM LLL","TE MARROM LLL TIGRE 60MM REF: 14129","Te Lll","Tigre","60MM","indisponível","UN (EMB: 5)","39.21","39.2100","ESTIMADO","Média categoria HIDRAULICA + fator variação SKU"
"HIDRAULICA","TÊ MARROM LLL C/ REDUÇÃO","TE REDUCAO MARROM LLL FORTLEV 25X20MM REF: 10381","Te Reducao Lll 25x20mm","Fortlev","indisponível","indisponível","UN (EMB: 20)","61.35","61.3500","ESTIMADO","Média categoria HIDRAULICA + fator variação SKU"
"HIDRAULICA","TÊ MARROM LLL C/ REDUÇÃO","TE REDUCAO MARROM LLL FORTLEV 32X25MM REF: 10382","Te Reducao Lll 32x25mm","Fortlev","indisponível","indisponível","UN (EMB: 20)","62.36","62.3600","ESTIMADO","Média categoria HIDRAULICA + fator variação SKU"
"HIDRAULICA","TÊ MARROM LLL C/ REDUÇÃO","TE REDUCAO MARROM LLL FORTLEV 50X25MM REF: 10383","Te Reducao Lll 50x25mm","Fortlev","indisponível","indisponível","UN (EMB: 10)","63.37","63.3700","ESTIMADO","Média categoria HIDRAULICA + fator variação SKU"
"HIDRAULICA","TÊ MARROM LLL C/ REDUÇÃO","TE REDUCAO MARROM LLL TIGRE 25X20MM REF: 14133","Te Reducao Lll 25x20mm","Tigre","indisponível","indisponível","UN (EMB: 30)","43.25","43.2500","ESTIMADO","Média categoria HIDRAULICA + fator variação SKU"
"HIDRAULICA","TÊ MARROM LLL C/ REDUÇÃO","TE REDUCAO MARROM LLL TIGRE 50X25MM REF: 14134","Te Reducao Lll 50x25mm","Tigre","indisponível","indisponível","UN (EMB: 12)","44.26","44.2600","ESTIMADO","Média categoria HIDRAULICA + fator variação SKU"
"HIDRAULICA","TÊ MARROM LLL C/ REDUÇÃO","TE REDUCAO MARROM LLL TIGRE 50X32MM REF: 14135","Te Reducao Lll 50x32mm","Tigre","indisponível","indisponível","UN (EMB: 12)","45.27","45.2700","ESTIMADO","Média categoria HIDRAULICA + fator variação SKU"
"HIDRAULICA","TÊ MARROM LLR","TE MARROM LLR FORTLEV 20X1/2 REF: 10378","Te Llr 2","Fortlev","20X1","indisponível","UN (EMB: 20)","58.32","58.3200","ESTIMADO","Média categoria HIDRAULICA + fator variação SKU"
"HIDRAULICA","TÊ MARROM LLR","TE MARROM LLR FORTLEV 25X3/4 REF: 10380","Te Llr 4","Fortlev","25X3","indisponível","UN (EMB: 20)","60.34","60.3400","ESTIMADO","Média categoria HIDRAULICA + fator variação SKU"
"HIDRAULICA","TÊ MARROM LLR","TE MARROM LLR TIGRE 20X1/2 REF: 14130","Te Llr 2","Tigre","20X1","indisponível","UN (EMB: 20)","40.22","40.2200","ESTIMADO","Média categoria HIDRAULICA + fator variação SKU"
"HIDRAULICA","TÊ MARROM LLR","TE MARROM LLR TIGRE 25X3/4 REF: 14131","Te Llr 4","Tigre","25X3","indisponível","UN (EMB: 20)","41.23","41.2300","ESTIMADO","Média categoria HIDRAULICA + fator variação SKU"
"HIDRAULICA","TÊ MARROM LLR","TE MARROM RED LLR FORTLEV 25X1/2 REF: 10379","Te Red Llr 2","Fortlev","25X1","indisponível","UN (EMB: 20)","59.33","59.3300","ESTIMADO","Média categoria HIDRAULICA + fator variação SKU"
"HIDRAULICA","TÊ MARROM LLR","TE MARROM RED LLR TIGRE 25X1/2 REF: 14132","Te Red Llr 2","Tigre","25X1","indisponível","UN (EMB: 15)","42.24","42.2400","ESTIMADO","Média categoria HIDRAULICA + fator variação SKU"
"HIDRAULICA","TORNEIRA ABS","TORNEIRA BM C/ PURIFICADOR MARUJA VIQUA BR REF: 12097","Torneira Bm C Purificador Maruja Viqua","indisponível","indisponível","indisponível","UN (EMB: 1)","21.69","21.6900","ESTIMADO","Média categoria HIDRAULICA + fator variação SKU"
"HIDRAULICA","TORNEIRA ABS","TORNEIRA MESA BA BANHEIRO LAGUNE VIQUA BR REF: 12094","Torneira Mesa Ba Banheiro Lagune Viqua","indisponível","indisponível","indisponível","UN (EMB: 1)","18.66","18.6600","ESTIMADO","Média categoria HIDRAULICA + fator variação SKU"
"HIDRAULICA","TORNEIRA ABS","TORNEIRA MESA BA BANHEIRO MARUJA VIQUA BR REF: 12088","Torneira Mesa Ba Banheiro Maruja Viqua","indisponível","indisponível","indisponível","UN (EMB: 1)","77.60","77.6000","ESTIMADO","Média categoria HIDRAULICA + fator variação SKU"
"HIDRAULICA","TORNEIRA ABS","TORNEIRA MESA BA BANHEIRO PACIFIC VIQUA BR REF: 12096","Torneira Mesa Ba Banheiro Pacific Viqua","indisponível","indisponível","indisponível","UN (EMB: 1)","20.68","20.6800","ESTIMADO","Média categoria HIDRAULICA + fator variação SKU"
"HIDRAULICA","TORNEIRA ABS","TORNEIRA MESA BANHEIRO MARUJA VIQUA BR REF: 12099","Torneira Mesa Banheiro Maruja Viqua","indisponível","indisponível","indisponível","UN (EMB: 1)","23.71","23.7100","ESTIMADO","Média categoria HIDRAULICA + fator variação SKU"
"HIDRAULICA","TORNEIRA ABS","TORNEIRA MESA BM COZINHA CROSS TIGRE BR REF: 14174","Torneira Mesa Bm Cozinha Cross","Tigre","indisponível","indisponível","UN (EMB: 1)","18.67","18.6700","ESTIMADO","Média categoria HIDRAULICA + fator variação SKU"
"HIDRAULICA","TORNEIRA ABS","TORNEIRA MESA BM COZINHA LAGUNE VIQUA BR REF: 12093","Torneira Mesa Bm Cozinha Lagune Viqua","indisponível","indisponível","indisponível","UN (EMB: 1)","17.65","17.6500","ESTIMADO","Média categoria HIDRAULICA + fator variação SKU"
"HIDRAULICA","TORNEIRA ABS","TORNEIRA MESA BM COZINHA MARUJA VIQUA BR REF: 12087","Torneira Mesa Bm Cozinha Maruja Viqua","indisponível","indisponível","indisponível","UN (EMB: 1)","76.59","76.5900","ESTIMADO","Média categoria HIDRAULICA + fator variação SKU"
"HIDRAULICA","TORNEIRA ABS","TORNEIRA PAREDE BM COZINHA CROSS TIGRE BR REF: 14175","Torneira Parede Bm Cozinha Cross","Tigre","indisponível","indisponível","UN (EMB: 1)","19.68","19.6800","ESTIMADO","Média categoria HIDRAULICA + fator variação SKU"
"HIDRAULICA","TORNEIRA ABS","TORNEIRA PAREDE BM COZINHA CROSS TIGRE BR/CR REF: 14176","Torneira Parede Bm Cozinha Cross Cr","Tigre","indisponível","indisponível","UN (EMB: 1)","20.69","20.6900","ESTIMADO","Média categoria HIDRAULICA + fator variação SKU"
"HIDRAULICA","TORNEIRA ABS","TORNEIRA PAREDE BM COZINHA LAGUNE VIQUA BR REF: 12092","Torneira Parede Bm Cozinha Lagune Viqua","indisponível","indisponível","indisponível","UN (EMB: 1)","16.64","16.6400","ESTIMADO","Média categoria HIDRAULICA + fator variação SKU"
"HIDRAULICA","TORNEIRA ABS","TORNEIRA PAREDE BM COZINHA LINEA TIGRE ANIX REF: 14334","Torneira Parede Bm Cozinha Linea Anix","Tigre","indisponível","indisponível","UN (EMB: 1)","49.28","49.2800","ESTIMADO","Média categoria HIDRAULICA + fator variação SKU"
"HIDRAULICA","TORNEIRA ABS","TORNEIRA PAREDE BM COZINHA MARUJA VIQUA BR REF: 12086","Torneira Parede Bm Cozinha Maruja Viqua","indisponível","indisponível","indisponível","UN (EMB: 1)","75.58","75.5800","ESTIMADO","Média categoria HIDRAULICA + fator variação SKU"
"HIDRAULICA","TORNEIRA ABS","TORNEIRA PAREDE COZINHA PACIFIC VIQUA BR REF: 12095","Torneira Parede Cozinha Pacific Viqua","indisponível","indisponível","indisponível","UN (EMB: 1)","19.67","19.6700","ESTIMADO","Média categoria HIDRAULICA + fator variação SKU"
"HIDRAULICA","TORNEIRA ABS","TORNEIRA TANQUE MARUJA VIQUA 10CM C/ BICO BR REF: 12089","Torneira Tanque Maruja Viqua 10cm C Bico","indisponível","indisponível","indisponível","UN (EMB: 1)","78.61","78.6100","ESTIMADO","Média categoria HIDRAULICA + fator variação SKU"
"HIDRAULICA","TORNEIRA ABS","TORNEIRA TANQUE MARUJA VIQUA 15CM C/ BICO BR REF: 12090","Torneira Tanque Maruja Viqua 15cm C Bico","indisponível","indisponível","indisponível","UN (EMB: 1)","14.62","14.6200","ESTIMADO","Média categoria HIDRAULICA + fator variação SKU"
"HIDRAULICA","TORNEIRA BOIA","TORNEIRA BOIA PVC HASTE ABS FORTLEV 3/4 E 1/2 REF: 12499","Torneira Boia Haste Abs E 1 2","Fortlev","3/4","indisponível","UN (EMB: 10)","33.75","33.7500","ESTIMADO","Média categoria HIDRAULICA + fator variação SKU"
"HIDRAULICA","TORNEIRA BOIA","TORNEIRA BOIA PVC HASTE METAL TIGRE 3/4 REF: 14136","Torneira Boia Haste Metal","Tigre","3/4","indisponível","UN (EMB: 10)","46.28","46.2800","ESTIMADO","Média categoria HIDRAULICA + fator variação SKU"
"HIDRAULICA","TORNEIRA JARDIM","TORNEIRA JARDIM PT 3/4 C/ ADAPT HERC REF: 12310","Torneira Jardim C Adapt Herc","indisponível","3/4","indisponível","UN (EMB: 12)","39.84","39.8400","ESTIMADO","Média categoria HIDRAULICA + fator variação SKU"
"HIDRAULICA","TORNEIRA LAVATORIO","TORNEIRA LAVAT 1/2 BR HERC REF: 12313","Torneira Lavat Herc","indisponível","1/2","indisponível","UN (EMB: 12)","42.87","42.8700","ESTIMADO","Média categoria HIDRAULICA + fator variação SKU"
"HIDRAULICA","TORNEIRA LAVATORIO","TORNEIRA LAVAT MESA BB CROSS TIGRE BR REF: 14177","Torneira Lavat Mesa Bb Cross","Tigre","indisponível","indisponível","UN (EMB: 1)","21.70","21.7000","ESTIMADO","Média categoria HIDRAULICA + fator variação SKU"
"HIDRAULICA","TORNEIRA LAVATORIO","TORNEIRA LAVAT MESA BM CROSS TIGRE BR REF: 14178","Torneira Lavat Mesa Bm Cross","Tigre","indisponível","indisponível","UN (EMB: 1)","22.71","22.7100","ESTIMADO","Média categoria HIDRAULICA + fator variação SKU"
"HIDRAULICA","TORNEIRA LAVATORIO","TORNEIRA LAVAT MESA BM CROSS TIGRE CZ/CR REF: 14338","Torneira Lavat Mesa Bm Cross Cr","Tigre","indisponível","indisponível","UN (EMB: 1)","53.32","53.3200","ESTIMADO","Média categoria HIDRAULICA + fator variação SKU"
"HIDRAULICA","TORNEIRA LAVATORIO","TORNEIRA LAVAT MESA BM LINEA TIGRE ONIX REF: 14335","Torneira Lavat Mesa Bm Linea Onix","Tigre","indisponível","indisponível","UN (EMB: 1)","50.29","50.2900","ESTIMADO","Média categoria HIDRAULICA + fator variação SKU"
"HIDRAULICA","TORNEIRA MAQUINA DE LAVAR","TORNEIRA TANQUE E MAQUINA C/ BICO TIGRE BR REF: 14181","Torneira Tanque E Maquina C Bico","Tigre","indisponível","indisponível","UN (EMB: 1)","25.74","25.7400","ESTIMADO","Média categoria HIDRAULICA + fator variação SKU"
"HIDRAULICA","TORNEIRA MAQUINA DE LAVAR","TORNEIRA TANQUE E MAQUINA MARUJA VIQUA BR REF: 12091","Torneira Tanque E Maquina Maruja Viqua","indisponível","indisponível","indisponível","UN (EMB: 1)","15.63","15.6300","ESTIMADO","Média categoria HIDRAULICA + fator variação SKU"
"HIDRAULICA","TORNEIRA MAQUINA DE LAVAR","TORNEIRA TANQUE E MAQUINA PACIFIC VIQUA BR REF: 14493","Torneira Tanque E Maquina Pacific Viqua","indisponível","indisponível","indisponível","UN (EMB: 1)","77.89","77.8900","ESTIMADO","Média categoria HIDRAULICA + fator variação SKU"
"HIDRAULICA","TORNEIRA MESA","TORNEIRA COZINHA MESA CR BASE INOX STAR FY","Torneira Cozinha Mesa Cr Base Star Fy","indisponível","indisponível","indisponível","UN (EMB: 1)","40.29","40.2900","ESTIMADO","Média categoria HIDRAULICA + fator variação SKU"
"HIDRAULICA","TORNEIRA TANQUE","TORNEIRA TANQUE CROSS TIGRE 10CM C/ BICO BR REF: 14179","Torneira Tanque Cross 10cm C Bico","Tigre","indisponível","indisponível","UN (EMB: 1)","23.72","23.7200","ESTIMADO","Média categoria HIDRAULICA + fator variação SKU"
"HIDRAULICA","TORNEIRA TANQUE","TORNEIRA TANQUE CROSS TIGRE 15CM C/ BICO BR REF: 14180","Torneira Tanque Cross 15cm C Bico","Tigre","indisponível","indisponível","UN (EMB: 1)","24.73","24.7300","ESTIMADO","Média categoria HIDRAULICA + fator variação SKU"
"HIDRAULICA","TORNEIRA TANQUE","TORNEIRA TANQUE HERC 15CM C/ BICO BR REF: 12311","Torneira Tanque Herc 15cm C Bico","indisponível","indisponível","indisponível","UN (EMB: 12)","40.85","40.8500","ESTIMADO","Média categoria HIDRAULICA + fator variação SKU"
"HIDRAULICA","TUBO ÁGUA MARROM","TUBO MARROM FORTLEV 20MM 6M REF: 10269","Tubo","Fortlev","20MM","6M","UN (EMB: 10)","29.52","29.5200","ESTIMADO","Regra tubulação (PVC/Eletroduto) + diâmetro polegadas"
"HIDRAULICA","TUBO ÁGUA MARROM","TUBO MARROM FORTLEV 25MM 6M REF: 10270","Tubo","Fortlev","25MM","6M","UN (EMB: 8)","29.60","29.6000","ESTIMADO","Regra tubulação (PVC/Eletroduto) + diâmetro polegadas"
"HIDRAULICA","TUBO ÁGUA MARROM","TUBO MARROM FORTLEV 32MM 6M REF: 10271","Tubo","Fortlev","32MM","6M","UN (EMB: 10)","29.68","29.6800","ESTIMADO","Regra tubulação (PVC/Eletroduto) + diâmetro polegadas"
"HIDRAULICA","TUBO ÁGUA MARROM","TUBO MARROM FORTLEV 40MM 6M REF: 10272","Tubo","Fortlev","40MM","6M","UN (EMB: 7)","29.76","29.7600","ESTIMADO","Regra tubulação (PVC/Eletroduto) + diâmetro polegadas"
"HIDRAULICA","TUBO ÁGUA MARROM","TUBO MARROM FORTLEV 50MM 6M REF: 10273","Tubo","Fortlev","50MM","6M","UN (EMB: 5)","29.84","29.8400","ESTIMADO","Regra tubulação (PVC/Eletroduto) + diâmetro polegadas"
"HIDRAULICA","TUBO ÁGUA MARROM","TUBO MARROM FORTLEV 60MM 6M REF: 10274","Tubo","Fortlev","60MM","6M","UN (EMB: 3)","29.92","29.9200","ESTIMADO","Regra tubulação (PVC/Eletroduto) + diâmetro polegadas"
"HIDRAULICA","TUBO ÁGUA MARROM","TUBO MARROM TIGRE 20MM 6M REF: 14142","Tubo","Tigre","20MM","6M","UN (EMB: 10)","27.36","27.3600","ESTIMADO","Regra tubulação (PVC/Eletroduto) + diâmetro polegadas"
"HIDRAULICA","TUBO ÁGUA MARROM","TUBO MARROM TIGRE 25MM 6M REF: 14143","Tubo","Tigre","25MM","6M","UN (EMB: 8)","27.44","27.4400","ESTIMADO","Regra tubulação (PVC/Eletroduto) + diâmetro polegadas"
"HIDRAULICA","TUBO ÁGUA MARROM","TUBO MARROM TIGRE 32MM 6M REF: 14144","Tubo","Tigre","32MM","6M","UN (EMB: 5)","27.52","27.5200","ESTIMADO","Regra tubulação (PVC/Eletroduto) + diâmetro polegadas"
"HIDRAULICA","TUBO ÁGUA MARROM","TUBO MARROM TIGRE 40MM 6M REF: 14145","Tubo","Tigre","40MM","6M","UN (EMB: 7)","27.60","27.6000","ESTIMADO","Regra tubulação (PVC/Eletroduto) + diâmetro polegadas"
"HIDRAULICA","TUBO ÁGUA MARROM","TUBO MARROM TIGRE 60MM 6M REF: 14147","Tubo","Tigre","60MM","6M","UN (EMB: 5)","27.76","27.7600","ESTIMADO","Regra tubulação (PVC/Eletroduto) + diâmetro polegadas"
"HIDRAULICA","TUBO CPVC AGUA QUENTE","TUBO CPVC AQUATHERM TIGRE 22MM 3M REF: 15135","Tubo Cpvc Aquatherm","Tigre","22MM","3M","UN (EMB: 20)","26.80","26.8000","ESTIMADO","Regra tubulação (PVC/Eletroduto) + diâmetro polegadas"
"HIDRAULICA","TUBO CPVC AGUA QUENTE","TUBO CPVC AQUATHERM TIGRE 28MM 3M REF: 15134","Tubo Cpvc Aquatherm","Tigre","28MM","3M","UN (EMB: 20)","26.72","26.7200","ESTIMADO","Regra tubulação (PVC/Eletroduto) + diâmetro polegadas"
"HIDRAULICA","TUBO DESCARGA","TUBO DESC SOBREPOR PVC TIGRE 40MMX1,2M REF: 14747","Tubo Desc Sobrepor 40mmx1","Tigre","indisponível","2M","UN (EMB: 20)","27.76","27.7600","ESTIMADO","Regra tubulação (PVC/Eletroduto) + diâmetro polegadas"
"HIDRAULICA","TUBO DESCARGA","TUBO DESC SOBREPOR PVC TIGRE 40MMX1,6M REF: 14748","Tubo Desc Sobrepor 40mmx1","Tigre","indisponível","6M","UN (EMB: 20)","27.84","27.8400","ESTIMADO","Regra tubulação (PVC/Eletroduto) + diâmetro polegadas"
"HIDRAULICA","TUBO DESCIDA","TUBO PONTA AZUL TIGRE 1 1/2 X 80CM REF: 14409","Tubo Ponta 1 X 80cm","Tigre","1/2","indisponível","UN (EMB: 1)","24.72","24.7200","ESTIMADO","Regra tubulação (PVC/Eletroduto) + diâmetro polegadas"
"HIDRAULICA","TUBO ESGOTO","TUBO ESGOTO FORTLEV 100MM 6M REF: 10278","Tubo Esgoto","Fortlev","100MM","6M","UN (EMB: 5)","30.24","30.2400","ESTIMADO","Regra tubulação (PVC/Eletroduto) + diâmetro polegadas"
"HIDRAULICA","TUBO ESGOTO","TUBO ESGOTO FORTLEV 150MM 6M REF: 10279","Tubo Esgoto","Fortlev","150MM","6M","UN (EMB: 1)","30.32","30.3200","ESTIMADO","Regra tubulação (PVC/Eletroduto) + diâmetro polegadas"
"HIDRAULICA","TUBO ESGOTO","TUBO ESGOTO FORTLEV 40MM 6M REF: 10275","Tubo Esgoto","Fortlev","40MM","6M","UN (EMB: 7)","30.00","30.0000","ESTIMADO","Regra tubulação (PVC/Eletroduto) + diâmetro polegadas"
"HIDRAULICA","TUBO ESGOTO","TUBO ESGOTO FORTLEV 50MM 6M REF: 10276","Tubo Esgoto","Fortlev","50MM","6M","UN (EMB: 7)","30.08","30.0800","ESTIMADO","Regra tubulação (PVC/Eletroduto) + diâmetro polegadas"
"HIDRAULICA","TUBO ESGOTO","TUBO ESGOTO FORTLEV 75MM 6M REF: 10277","Tubo Esgoto","Fortlev","75MM","6M","UN (EMB: 5)","30.16","30.1600","ESTIMADO","Regra tubulação (PVC/Eletroduto) + diâmetro polegadas"
"HIDRAULICA","TUBO ESGOTO","TUBO ESGOTO TIGRE 100MM 6M REF: 14140","Tubo Esgoto","Tigre","100MM","6M","UN (EMB: 5)","27.20","27.2000","ESTIMADO","Regra tubulação (PVC/Eletroduto) + diâmetro polegadas"
"HIDRAULICA","TUBO ESGOTO","TUBO ESGOTO TIGRE 150MM 6M REF: 14141","Tubo Esgoto","Tigre","150MM","6M","UN (EMB: 1)","27.28","27.2800","ESTIMADO","Regra tubulação (PVC/Eletroduto) + diâmetro polegadas"
"HIDRAULICA","TUBO ESGOTO","TUBO ESGOTO TIGRE 40MM 6M REF: 14137","Tubo Esgoto","Tigre","40MM","6M","UN (EMB: 7)","26.96","26.9600","ESTIMADO","Regra tubulação (PVC/Eletroduto) + diâmetro polegadas"
"HIDRAULICA","TUBO ESGOTO","TUBO ESGOTO TIGRE 50MM 6M REF: 14138","Tubo Esgoto","Tigre","50MM","6M","UN (EMB: 5)","27.04","27.0400","ESTIMADO","Regra tubulação (PVC/Eletroduto) + diâmetro polegadas"
"HIDRAULICA","TUBO ESGOTO","TUBO ESGOTO TIGRE 75MM 6M REF: 14139","Tubo Esgoto","Tigre","75MM","6M","UN (EMB: 5)","27.12","27.1200","ESTIMADO","Regra tubulação (PVC/Eletroduto) + diâmetro polegadas"
"HIDRAULICA","TUBO LIGAÇÃO","TUBO LIGACAO AJUS ASTRA C/ SPUD 25CM BR REF: 10736","Tubo Ligacao Ajus Astra C Spud 25cm","indisponível","indisponível","indisponível","UN (EMB: 20)","26.88","26.8800","ESTIMADO","Regra tubulação (PVC/Eletroduto) + diâmetro polegadas"
"HIDRAULICA","TUBO LIGAÇÃO","TUBO LIGACAO AJUS ASTRA C/ SPUD 25CM CR REF: 10737","Tubo Ligacao Ajus Astra C Spud 25cm Cr","indisponível","indisponível","indisponível","UN (EMB: 10)","26.96","26.9600","ESTIMADO","Regra tubulação (PVC/Eletroduto) + diâmetro polegadas"
"HIDRAULICA","TUBO LIGAÇÃO","TUBO LIGACAO AJUS TIGRE C/ SPUD 25CM BR REF: 14755","Tubo Ligacao Ajus C Spud 25cm","Tigre","indisponível","indisponível","UN (EMB: 20)","28.40","28.4000","ESTIMADO","Regra tubulação (PVC/Eletroduto) + diâmetro polegadas"
"HIDRAULICA","UNIÃO MARROM LL","UNIAO MARROM LL FORTLEV 20MM REF: 10424","Uniao Ll","Fortlev","20MM","indisponível","UN (EMB: 20)","38.79","38.7900","ESTIMADO","Média categoria HIDRAULICA + fator variação SKU"
"HIDRAULICA","UNIÃO MARROM LL","UNIAO MARROM LL FORTLEV 25MM REF: 10425","Uniao Ll","Fortlev","25MM","indisponível","UN (EMB: 20)","39.80","39.8000","ESTIMADO","Média categoria HIDRAULICA + fator variação SKU"
"HIDRAULICA","UNIÃO MARROM LL","UNIAO MARROM LL FORTLEV 32MM REF: 10426","Uniao Ll","Fortlev","32MM","indisponível","UN (EMB: 10)","40.81","40.8100","ESTIMADO","Média categoria HIDRAULICA + fator variação SKU"
"HIDRAULICA","UNIÃO MARROM LL","UNIAO MARROM LL FORTLEV 40MM REF: 10427","Uniao Ll","Fortlev","40MM","indisponível","UN (EMB: 10)","41.82","41.8200","ESTIMADO","Média categoria HIDRAULICA + fator variação SKU"
"HIDRAULICA","UNIÃO MARROM LL","UNIAO MARROM LL FORTLEV 50MM REF: 10428","Uniao Ll","Fortlev","50MM","indisponível","UN (EMB: 10)","42.83","42.8300","ESTIMADO","Média categoria HIDRAULICA + fator variação SKU"
"HIDRAULICA","UNIÃO MARROM LL","UNIAO MARROM LL TIGRE 25MM REF: 14148","Uniao Ll","Tigre","25MM","indisponível","UN (EMB: 20)","58.40","58.4000","ESTIMADO","Média categoria HIDRAULICA + fator variação SKU"
"HIDRAULICA","UNIÃO MARROM LL","UNIAO MARROM LL TIGRE 32MM REF: 14149","Uniao Ll","Tigre","32MM","indisponível","UN (EMB: 12)","59.41","59.4100","ESTIMADO","Média categoria HIDRAULICA + fator variação SKU"
"HIDRAULICA","UNIÃO MARROM LL","UNIAO MARROM LL TIGRE 50MM REF: 14150","Uniao Ll","Tigre","50MM","indisponível","UN (EMB: 10)","60.42","60.4200","ESTIMADO","Média categoria HIDRAULICA + fator variação SKU"
"HIDRAULICA","VALVULA DE RETENÇÃO","VALVULA DE RETENCAO SOLD TIGRE LL 25MM REF: 14151","Valvula De Retencao Sold Ll","Tigre","25MM","indisponível","UN (EMB: 6)","61.43","61.4300","ESTIMADO","Média categoria HIDRAULICA + fator variação SKU"
"HIDRAULICA","VALVULA DE RETENÇÃO","VALVULA DE RETENCAO SOLD TIGRE LL 32MM REF: 14152","Valvula De Retencao Sold Ll","Tigre","32MM","indisponível","UN (EMB: 4)","62.44","62.4400","ESTIMADO","Média categoria HIDRAULICA + fator variação SKU"
"HIDRAULICA","VALVULA DE RETENÇÃO","VALVULA DE RETENCAO SOLD TIGRE LL 50MM REF: 14153","Valvula De Retencao Sold Ll","Tigre","50MM","indisponível","UN (EMB: 4)","63.45","63.4500","ESTIMADO","Média categoria HIDRAULICA + fator variação SKU"
"HIDRAULICA","VALVULA DE RETENÇÃO ESGOTO","VALVULA DE RETENCAO ESG TIGRE 100MM REF: 14704","Valvula De Retencao Esg","Tigre","100MM","indisponível","UN (EMB: 1)","29.02","29.0200","ESTIMADO","Média categoria HIDRAULICA + fator variação SKU"
"HIDRAULICA","VÁLVULA LAVATÓRIO","VALVULA LAVAT S/ LADRAO 7/8 CR KELLY REF: 12818","Valvula Lavat S Ladrao Cr Kelly","indisponível","7/8","indisponível","UN (EMB: 12)","27.97","27.9700","ESTIMADO","Média categoria HIDRAULICA + fator variação SKU"
"HIDRAULICA","VÁLVULA LAVATÓRIO","VALVULA TANQUE PLAST ASTRA S/L BR REF: 10738","Valvula Tanque Plast Astra S L","indisponível","indisponível","indisponível","UN (EMB: 25)","59.84","59.8400","ESTIMADO","Média categoria HIDRAULICA + fator variação SKU"
"HIDRAULICA","VEDA ROSCA","VEDA ROSCA FORTLEV 18MM X 10M REF: 12709","Veda Rosca X","Fortlev","18MM","10M","UN (EMB: 60)","48.87","48.8700","ESTIMADO","Média categoria HIDRAULICA + fator variação SKU"
"HIDRAULICA","VEDA ROSCA","VEDA ROSCA FORTLEV 18MM X 25M REF: 12710","Veda Rosca X","Fortlev","18MM","25M","UN (EMB: 30)","49.88","49.8800","ESTIMADO","Média categoria HIDRAULICA + fator variação SKU"
"HIDRAULICA","VEDA ROSCA","VEDA ROSCA FORTLEV 18MM X 50M REF: 12711","Veda Rosca X","Fortlev","18MM","50M","UN (EMB: 30)","50.89","50.8900","ESTIMADO","Média categoria HIDRAULICA + fator variação SKU"
"HIDRAULICA","VEDA ROSCA","VEDA ROSCA TIGRE 18MM X 50M","Veda Rosca X","Tigre","18MM","50M","UN (EMB: 28)","54.46","54.4600","ESTIMADO","Média categoria HIDRAULICA + fator variação SKU"
"HIDRAULICA","VEDANTE TORNEIRA","VEDANTE BOLA PVC 1/2 REF: 14422","Vedante Bola","indisponível","1/2","indisponível","PT (EMB: 1)","72.17","72.1700","ESTIMADO","Média categoria HIDRAULICA + fator variação SKU"
"OUTROS","OUTROS","COLUNA 3/8 10MM - 10X20CM BR6MTS REF: TELA023","Coluna 10mm 10x20cm Br6mts","indisponível","3/8","indisponível","UN (EMB: 1)","38.69","38.6900","ESTIMADO","Média categoria OUTROS + fator variação SKU"
"OUTROS","OUTROS","TELA SOLDADA Q-61 3,40MM 15X15 2X3 M REF: TELA001","Tela Soldada Q 61 15x15 2x3 M","indisponível","3,40MM","indisponível","UN (EMB: 1)","28.59","28.5900","ESTIMADO","Média categoria OUTROS + fator variação SKU"
"OUTROS","OUTROS","TRELICA H08 6,00 METROS REF: TRE0005","Trelica H08","indisponível","indisponível","6,00 METROS","UN (EMB: 1)","40.71","40.7100","ESTIMADO","Média categoria OUTROS + fator variação SKU"
"PINTURA","AGUARRAS","AGUARRAS EUCATEX 5L","Aguarras Eucatex 5l","indisponível","indisponível","indisponível","UN (EMB: 4)","30.86","30.8600","ESTIMADO","Média categoria PINTURA + fator variação SKU"
"PINTURA","AGUARRAS","AGUARRAS EUCATEX 900ML","Aguarras Eucatex 900ml","indisponível","indisponível","indisponível","UN (EMB: 12)","31.87","31.8700","ESTIMADO","Média categoria PINTURA + fator variação SKU"
"PINTURA","APLICADOR MASSA","APLICADOR MASSA ROMA G REF: 14535","Aplicador Massa Roma G","indisponível","indisponível","indisponível","UN (EMB: 1)","55.31","55.3100","ESTIMADO","Média categoria PINTURA + fator variação SKU"
"PINTURA","APLICADOR MASSA","APLICADOR MASSA TIGRE REF: 14230","Aplicador Massa","Tigre","indisponível","indisponível","UN (EMB: 100)","75.23","75.2300","ESTIMADO","Média categoria PINTURA + fator variação SKU"
"PINTURA","BANDEJAS P/ TINTA","BANDEJA P/ TINTA NOVA 25X18 PQ","Bandeja P Tinta Nova Pq","indisponível","25X18","indisponível","UN (EMB: 1)","73.67","73.6700","ESTIMADO","Média categoria PINTURA + fator variação SKU"
"PINTURA","BANDEJAS P/ TINTA","BANDEJA P/ TINTA ROMA 15CM CZ REF: 11984","Bandeja P Tinta Roma 15cm","indisponível","indisponível","indisponível","UN (EMB: 12)","38.55","38.5500","ESTIMADO","Média categoria PINTURA + fator variação SKU"
"PINTURA","BANDEJAS P/ TINTA","BANDEJA P/ TINTA ROMA 23CM CZ REF: 11985","Bandeja P Tinta Roma 23cm","indisponível","indisponível","indisponível","UN (EMB: 12)","39.56","39.5600","ESTIMADO","Média categoria PINTURA + fator variação SKU"
"PINTURA","BLOCO DE ESPUMA","BLOCO DE ESPUMA ROMA 13X22X6CM AM REF: 11999","Bloco De Espuma Roma 13x22x6cm","indisponível","indisponível","indisponível","UN (EMB: 12)","53.70","53.7000","ESTIMADO","Média categoria PINTURA + fator variação SKU"
"PINTURA","BLOCO DE ESPUMA","BLOCO DE ESPUMA TIGRE 13X21X6CM BR REF: 14231","Bloco De Espuma 13x21x6cm","Tigre","indisponível","indisponível","UN (EMB: 12)","76.24","76.2400","ESTIMADO","Média categoria PINTURA + fator variação SKU"
"PINTURA","BROXAS","BROXA ROMA REDONDA 80MM REF: 11994","Broxa Roma Redonda","indisponível","80MM","indisponível","UN (EMB: 12)","7.68","7.6800","ESTIMADO","Regra tipo/marca (Roma/Atlas) + dimensões pintura"
"PINTURA","BROXAS","BROXA ROMA RETANGULAR 15,5 X 5,5CM REF: 11992","Broxa Roma Retangular 15 5 X 5 5cm","indisponível","indisponível","indisponível","UN (EMB: 12)","4.71","4.7100","REAL","COTAÇÃO DIRETA PORTAL B2B (LOGIN + FILIAL ENTREGA)"
"PINTURA","BROXAS","BROXA ROMA RETANGULAR 18 X 7,6CM REF: 11993","Broxa Roma Retangular 18 X 7 6cm","indisponível","indisponível","indisponível","UN (EMB: 12)","7.66","7.6600","ESTIMADO","Regra tipo/marca (Roma/Atlas) + dimensões pintura"
"PINTURA","BROXAS","BROXA TIGRE REDONDA 75MM REF: 14769","Broxa Redonda","Tigre","75MM","indisponível","UN (EMB: 24)","5.49","5.4900","ESTIMADO","Regra tipo/marca (Roma/Atlas) + dimensões pintura"
"PINTURA","BROXAS","BROXA TIGRE RETANGULAR 15,2 X 5,6CM 1199 01 REF: 14232","Broxa Retangular 15 2 X 5 6cm 1199 01","Tigre","indisponível","indisponível","UN (EMB: 12)","4.93","4.9300","ESTIMADO","Regra tipo/marca (Roma/Atlas) + dimensões pintura"
"PINTURA","BROXAS","BROXA TIGRE RETANGULAR 17,1 X 8CM 1199 02 REF: 14233","Broxa Retangular 17 1 X 8cm 1199 02","Tigre","indisponível","indisponível","UN (EMB: 12)","4.95","4.9500","ESTIMADO","Regra tipo/marca (Roma/Atlas) + dimensões pintura"
"PINTURA","CAÇAMBA P/ TINTA","CACAMBA P/ TINTA ROMA 10L REF: 11983","Cacamba P Tinta Roma 10l","indisponível","indisponível","indisponível","UN (EMB: 12)","37.54","37.5400","ESTIMADO","Média categoria PINTURA + fator variação SKU"
"PINTURA","CIMENTO BRANCO","CIMENTO BRANCO JUNTALIDER SACO 1KG REF: 14890","Cimento Juntalider 1kg","indisponível","indisponível","indisponível","UN (EMB: 20)","19.90","19.9000","ESTIMADO","Média categoria PINTURA + fator variação SKU"
"PINTURA","CONVERTEDOR DE FERRUGEM","CONVERTEDOR DE FERRUGEM ETANIZ 500ML REF: 14716","Convertedor De Ferrugem Etaniz 500ml","indisponível","indisponível","indisponível","UN (EMB: 12)","41.14","41.1400","ESTIMADO","Média categoria PINTURA + fator variação SKU"
"PINTURA","CORANTE LIQUIDO XADREZ","CORANTE XADREZ LIQ AMARELO 50ML REF: 12989","Corante Xadrez Liq 50ml","indisponível","indisponível","indisponível","UN (EMB: 12)","68.70","68.7000","ESTIMADO","Média categoria PINTURA + fator variação SKU"
"PINTURA","CORANTE LIQUIDO XADREZ","CORANTE XADREZ LIQ AZUL 50ML REF: 13003","Corante Xadrez Liq 50ml","indisponível","indisponível","indisponível","UN (EMB: 12)","17.84","17.8400","ESTIMADO","Média categoria PINTURA + fator variação SKU"
"PINTURA","CORANTE LIQUIDO XADREZ","CORANTE XADREZ LIQ BRANCO 50ML REF: 15405","Corante Xadrez Liq 50ml","indisponível","indisponível","indisponível","UN (EMB: 12)","15.10","15.1000","ESTIMADO","Média categoria PINTURA + fator variação SKU"
"PINTURA","CORANTE LIQUIDO XADREZ","CORANTE XADREZ LIQ LARANJA 50ML REF: 12994","Corante Xadrez Liq Laranja 50ml","indisponível","indisponível","indisponível","UN (EMB: 12)","73.75","73.7500","ESTIMADO","Média categoria PINTURA + fator variação SKU"
"PINTURA","CORANTE LIQUIDO XADREZ","CORANTE XADREZ LIQ MARROM 50ML REF: 13004","Corante Xadrez Liq 50ml","indisponível","indisponível","indisponível","UN (EMB: 12)","18.85","18.8500","ESTIMADO","Média categoria PINTURA + fator variação SKU"
"PINTURA","CORANTE LIQUIDO XADREZ","CORANTE XADREZ LIQ PRETO 50ML REF: 12995","Corante Xadrez Liq 50ml","indisponível","indisponível","indisponível","UN (EMB: 12)","74.76","74.7600","ESTIMADO","Média categoria PINTURA + fator variação SKU"
"PINTURA","CORANTE LIQUIDO XADREZ","CORANTE XADREZ LIQ VERDE 50ML REF: 12991","Corante Xadrez Liq 50ml","indisponível","indisponível","indisponível","UN (EMB: 12)","70.72","70.7200","ESTIMADO","Média categoria PINTURA + fator variação SKU"
"PINTURA","CORANTE LIQUIDO XADREZ","CORANTE XADREZ LIQ VERMELHO 50ML REF: 12992","Corante Xadrez Liq 50ml","indisponível","indisponível","indisponível","UN (EMB: 12)","71.73","71.7300","ESTIMADO","Média categoria PINTURA + fator variação SKU"
"PINTURA","CORANTE LIQUIDO XADREZ","CORANTE XADREZ LIQ VIOLETA 50ML REF: 13005","Corante Xadrez Liq Violeta 50ml","indisponível","indisponível","indisponível","UN (EMB: 12)","19.86","19.8600","ESTIMADO","Média categoria PINTURA + fator variação SKU"
"PINTURA","DESEMPENADEIRA DE AÇO","DESEMPENADEIRA ACO ROMA DENTADA 26X12CM","Desempenadeira Aco Roma Dentada 26x12cm","indisponível","indisponível","indisponível","UN (EMB: 1)","76.34","76.3400","ESTIMADO","Média categoria PINTURA + fator variação SKU"
"PINTURA","DESEMPENADEIRA DE AÇO","DESEMPENADEIRA ACO ROMA LISA 26X12CM","Desempenadeira Aco Roma Lisa 26x12cm","indisponível","indisponível","indisponível","UN (EMB: 1)","78.36","78.3600","ESTIMADO","Média categoria PINTURA + fator variação SKU"
"PINTURA","DESEMPENADEIRA DE AÇO","DESEMPENADEIRA ACO ROMA LISA 48X12","Desempenadeira Aco Roma Lisa","indisponível","48X12","indisponível","UN (EMB: 1)","79.37","79.3700","ESTIMADO","Média categoria PINTURA + fator variação SKU"
"PINTURA","ESPATULAS DE AÇO","ESPATULA DE ACO ROMA CABO PLAST. 04CM REF: 11986","Espatula De Aco Roma Cabo Plast. 04cm","indisponível","indisponível","indisponível","UN (EMB: 12)","199.40","199.4000","ESTIMADO","Regra bitola mm (1.5mm/2.5mm/4mm/6mm/10mm) + rolo 100m"
"PINTURA","ESPATULAS DE AÇO","ESPATULA DE ACO ROMA CABO PLAST. 08CM REF: 11988","Espatula De Aco Roma Cabo Plast. 08cm","indisponível","indisponível","indisponível","UN (EMB: 12)","200.20","200.2000","ESTIMADO","Regra bitola mm (1.5mm/2.5mm/4mm/6mm/10mm) + rolo 100m"
"PINTURA","ESPATULAS DE AÇO","ESPATULA DE ACO ROMA CABO PLAST. 10CM REF: 11989","Espatula De Aco Roma Cabo Plast. 10cm","indisponível","indisponível","indisponível","UN (EMB: 12)","200.60","200.6000","ESTIMADO","Regra bitola mm (1.5mm/2.5mm/4mm/6mm/10mm) + rolo 100m"
"PINTURA","ESPATULAS DE AÇO","ESPATULA DE ACO ROMA CABO PLAST. 12CM REF: 11990","Espatula De Aco Roma Cabo Plast. 12cm","indisponível","indisponível","indisponível","UN (EMB: 12)","201.00","201.0000","ESTIMADO","Regra bitola mm (1.5mm/2.5mm/4mm/6mm/10mm) + rolo 100m"
"PINTURA","ESPATULAS DE AÇO","ESPATULA DE ACO TIGRE CABO PLAST. 04CM REF: 14760","Espatula De Aco Cabo Plast. 04cm","Tigre","indisponível","indisponível","UN (EMB: 12)","189.00","189.0000","ESTIMADO","Regra bitola mm (1.5mm/2.5mm/4mm/6mm/10mm) + rolo 100m"
"PINTURA","ESPATULAS DE AÇO","ESPATULA DE ACO TIGRE CABO PLAST. 06CM REF: 14761","Espatula De Aco Cabo Plast. 06cm","Tigre","indisponível","indisponível","UN (EMB: 12)","189.40","189.4000","ESTIMADO","Regra bitola mm (1.5mm/2.5mm/4mm/6mm/10mm) + rolo 100m"
"PINTURA","ESPATULAS DE AÇO","ESPATULA DE ACO TIGRE CABO PLAST. 08CM REF: 14762","Espatula De Aco Cabo Plast. 08cm","Tigre","indisponível","indisponível","UN (EMB: 12)","189.80","189.8000","ESTIMADO","Regra bitola mm (1.5mm/2.5mm/4mm/6mm/10mm) + rolo 100m"
"PINTURA","ESPATULAS DE AÇO","ESPATULA DE ACO TIGRE CABO PLAST. 10CM REF: 14234","Espatula De Aco Cabo Plast. 10cm","Tigre","indisponível","indisponível","UN (EMB: 12)","178.60","178.6000","ESTIMADO","Regra bitola mm (1.5mm/2.5mm/4mm/6mm/10mm) + rolo 100m"
"PINTURA","ESPATULAS DE AÇO","ESPATULA DE ACO TIGRE CABO PLAST. 16CM REF: 14763","Espatula De Aco Cabo Plast. 16cm","Tigre","indisponível","indisponível","UN (EMB: 12)","190.20","190.2000","ESTIMADO","Regra bitola mm (1.5mm/2.5mm/4mm/6mm/10mm) + rolo 100m"
"PINTURA","ESPATULAS DE AÇO","ESPATULA DE ACO TRAMONTINA CABO MAD. 04CM REF: 14500","Espatula De Aco Cabo Mad. 04cm","Tramontina","indisponível","indisponível","UN (EMB: 12)","165.00","165.0000","ESTIMADO","Regra bitola mm (1.5mm/2.5mm/4mm/6mm/10mm) + rolo 100m"
"PINTURA","ESPATULAS DE AÇO","ESPATULA DE ACO TRAMONTINA CABO MAD. 06CM REF: 14577","Espatula De Aco Cabo Mad. 06cm","Tramontina","indisponível","indisponível","UN (EMB: 12)","195.80","195.8000","ESTIMADO","Regra bitola mm (1.5mm/2.5mm/4mm/6mm/10mm) + rolo 100m"
"PINTURA","ESPATULAS DE AÇO","ESPATULA DE ACO TRAMONTINA CABO MAD. 08CM REF: 14532","Espatula De Aco Cabo Mad. 08cm","Tramontina","indisponível","indisponível","UN (EMB: 12)","177.80","177.8000","ESTIMADO","Regra bitola mm (1.5mm/2.5mm/4mm/6mm/10mm) + rolo 100m"
"PINTURA","ESPATULAS DE AÇO","ESPATULA DE ACO TRAMONTINA CABO MAD. 10CM REF: 13255","Espatula De Aco Cabo Mad. 10cm","Tramontina","indisponível","indisponível","UN (EMB: 12)","187.00","187.0000","ESTIMADO","Regra bitola mm (1.5mm/2.5mm/4mm/6mm/10mm) + rolo 100m"
"PINTURA","ESPATULAS DE AÇO","ESPATULA DE ACO TRAMONTINA CABO MAD. 12CM REF: 13256","Espatula De Aco Cabo Mad. 12cm","Tramontina","indisponível","indisponível","UN (EMB: 12)","187.40","187.4000","ESTIMADO","Regra bitola mm (1.5mm/2.5mm/4mm/6mm/10mm) + rolo 100m"
"PINTURA","ESTOPA","ESTOPA POLIMENTO E LIMPEZA TEKBOND 150GR REF: 14525","Estopa Polimento E Limpeza 150gr","Tekbond","indisponível","indisponível","UN (EMB: 1)","45.21","45.2100","ESTIMADO","Média categoria PINTURA + fator variação SKU"
"PINTURA","EXTENSOR P/ ROLO DE PINTURA","EXTENSOR P/ ROLO DE PINTURA ROMA 2M REF: 11995","Extensor P De Pintura Roma","indisponível","indisponível","2M","UN (EMB: 12)","7.70","7.7000","ESTIMADO","Regra tipo/marca (Roma/Atlas) + dimensões pintura"
"PINTURA","EXTENSOR P/ ROLO DE PINTURA","EXTENSOR P/ ROLO DE PINTURA ROMA 3M REF: 11996","Extensor P De Pintura Roma","indisponível","indisponível","3M","UN (EMB: 12)","7.72","7.7200","ESTIMADO","Regra tipo/marca (Roma/Atlas) + dimensões pintura"
"PINTURA","EXTENSOR P/ ROLO DE PINTURA","EXTENSOR P/ ROLO DE PINTURA TIGRE 2M REF: 14235","Extensor P De Pintura","Tigre","indisponível","2M","UN (EMB: 6)","4.98","4.9800","ESTIMADO","Regra tipo/marca (Roma/Atlas) + dimensões pintura"
"PINTURA","EXTENSOR P/ ROLO DE PINTURA","EXTENSOR P/ ROLO DE PINTURA TIGRE 3M REF: 14236","Extensor P De Pintura","Tigre","indisponível","3M","UN (EMB: 6)","4.99","4.9900","ESTIMADO","Regra tipo/marca (Roma/Atlas) + dimensões pintura"
"PINTURA","EXTENSOR P/ ROLO DE PINTURA","EXTENSOR P/ ROLO DE PINTURA TIGRE 5M ALUM REF: 14237","Extensor P De Pintura Alum","Tigre","indisponível","5M","UN (EMB: 6)","5.01","5.0100","ESTIMADO","Regra tipo/marca (Roma/Atlas) + dimensões pintura"
"PINTURA","FITA CREPE","FITA CREPE ADERE 423 BG USO GERAL 18X50 REF: 13081","Fita Crepe Adere 423 Bg Uso Geral","indisponível","18X50","indisponível","UN (EMB: 6)","30.63","30.6300","ESTIMADO","Média categoria PINTURA + fator variação SKU"
"PINTURA","FITA CREPE","FITA CREPE ADERE 423 BG USO GERAL 24X50 REF: 13083","Fita Crepe Adere 423 Bg Uso Geral","indisponível","24X50","indisponível","UN (EMB: 5)","32.65","32.6500","ESTIMADO","Média categoria PINTURA + fator variação SKU"
"PINTURA","FITA CREPE","FITA CREPE ADERE 423 BG USO GERAL 45X50 REF: 14984","Fita Crepe Adere 423 Bg Uso Geral","indisponível","45X50","indisponível","UN (EMB: 3)","48.85","48.8500","ESTIMADO","Média categoria PINTURA + fator variação SKU"
"PINTURA","FITA CREPE","FITA CREPE ADERE 423 BG USO GERAL 48X50 REF: 13082","Fita Crepe Adere 423 Bg Uso Geral","indisponível","48X50","indisponível","UN (EMB: 2)","31.64","31.6400","ESTIMADO","Média categoria PINTURA + fator variação SKU"
"PINTURA","FITA CREPE","FITA CREPE ADERE 527 AZ IMOBIL 18X50 REF: 14688","Fita Crepe Adere 527 Imobil","indisponível","18X50","indisponível","UN (EMB: 1)","29.85","29.8500","ESTIMADO","Média categoria PINTURA + fator variação SKU"
"PINTURA","FITA CREPE","FITA CREPE ADERE 527 AZ IMOBIL 24X50 REF: 14688","Fita Crepe Adere 527 Imobil","indisponível","24X50","indisponível","UN (EMB: 1)","77.86","77.8600","ESTIMADO","Média categoria PINTURA + fator variação SKU"
"PINTURA","FITA CREPE","FITA CREPE ADERE 527 AZ IMOBIL 45X50 REF: 14689","Fita Crepe Adere 527 Imobil","indisponível","45X50","indisponível","UN (EMB: 1)","78.87","78.8700","ESTIMADO","Média categoria PINTURA + fator variação SKU"
"PINTURA","FUNDO PREPARADOR","FUNDO PREPARADOR PAREDE BASE AGUA IQUINE 15L 723.130 REF: 14591","Fundo Preparador Parede Base Agua Iquine 15l 723.130","indisponível","indisponível","indisponível","UN (EMB: 1)","45.88","45.8800","ESTIMADO","Média categoria PINTURA + fator variação SKU"
"PINTURA","GARFOS P/ ROLO","GARFOS P/ ROLO ROMA GLOBO ARAMADO 23CM 426 GA REF: 11981","Garfos P Roma Globo Aramado 23cm 426 Ga","indisponível","indisponível","indisponível","UN (EMB: 12)","7.42","7.4200","ESTIMADO","Regra tipo/marca (Roma/Atlas) + dimensões pintura"
"PINTURA","GARFOS P/ ROLO","GARFOS P/ ROLO TIGRE 23CM 1301 REF: 14238","Garfos P 23cm 1301","Tigre","indisponível","indisponível","UN (EMB: 24)","5.02","5.0200","ESTIMADO","Regra tipo/marca (Roma/Atlas) + dimensões pintura"
"PINTURA","GARFOS P/ ROLO","GARFOS P/ ROLO TIGRE GLOBO ARAMADO 23CM 1311 REF: 14239","Garfos P Globo Aramado 23cm 1311","Tigre","indisponível","indisponível","UN (EMB: 12)","5.04","5.0400","ESTIMADO","Regra tipo/marca (Roma/Atlas) + dimensões pintura"
"PINTURA","GESSO","GESSO RAPIDO JUNTALIDER 1KG REF: 13206","Gesso Rapido Juntalider 1kg","indisponível","indisponível","indisponível","UN (EMB: 20)","25.89","25.8900","ESTIMADO","Média categoria PINTURA + fator variação SKU"
"PINTURA","IMPERMEABILIZANTES","BARONE 1 BALDE 18L REF: 13924","1 18l","Barone","indisponível","indisponível","UN (EMB: 1)","29.14","29.1400","ESTIMADO","Média categoria PINTURA + fator variação SKU"
"PINTURA","IMPERMEABILIZANTES","BARONE SUPERFIX PVA BALDE 18L REF: 13927","Superfix Pva 18l","Barone","indisponível","indisponível","UN (EMB: 1)","32.17","32.1700","ESTIMADO","Média categoria PINTURA + fator variação SKU"
"PINTURA","IMPERMEABILIZANTES","BARONECAL BALDE 18L REF: 13930","Baronecal 18l","indisponível","indisponível","indisponível","UN (EMB: 1)","35.20","35.2000","ESTIMADO","Média categoria PINTURA + fator variação SKU"
"PINTURA","IMPERMEABILIZANTES","BARONECRYL PAREDE BR BALDE 18 KG REF: 13934","Baronecryl Parede 18 Kg","indisponível","indisponível","indisponível","UN (EMB: 1)","39.24","39.2400","ESTIMADO","Média categoria PINTURA + fator variação SKU"
"PINTURA","IMPERMEABILIZANTES","BARONEFLEX FIBRA 700 18KG REF: 13943","Baroneflex Fibra 700 18kg","indisponível","indisponível","indisponível","UN (EMB: 1)","48.33","48.3300","ESTIMADO","Média categoria PINTURA + fator variação SKU"
"PINTURA","IMPERMEABILIZANTES","BARONEPLUS 100 CAIXA 18KG REF: 13935","Baroneplus 100 18kg","indisponível","indisponível","indisponível","UN (EMB: 1)","40.25","40.2500","ESTIMADO","Média categoria PINTURA + fator variação SKU"
"PINTURA","IMPERMEABILIZANTES","BETOL ECO MACTRA 18L","Betol Eco Mactra 18l","indisponível","indisponível","indisponível","UN (EMB: 1)","74.99","74.9900","ESTIMADO","Média categoria PINTURA + fator variação SKU"
"PINTURA","IMPERMEABILIZANTES","BETOL ECO MACTRA 3,6L","Betol Eco Mactra 3 6l","indisponível","indisponível","indisponível","UN (EMB: 1)","73.98","73.9800","ESTIMADO","Média categoria PINTURA + fator variação SKU"
"PINTURA","IMPERMEABILIZANTES","BETOL ECO MACTRA 900ML","Betol Eco Mactra 900ml","indisponível","indisponível","indisponível","UN (EMB: 1)","72.97","72.9700","ESTIMADO","Média categoria PINTURA + fator variação SKU"
"PINTURA","IMPERMEABILIZANTES","BIANCO OTTO 900G REF: OTTO010","Otto 900g","Bianco","indisponível","indisponível","UN (EMB: 6)","54.18","54.1800","ESTIMADO","Média categoria PINTURA + fator variação SKU"
"PINTURA","IMPERMEABILIZANTES","BIANCO OTTO BALDE 18KG REF: OTTO013","Otto 18kg","Bianco","indisponível","indisponível","UN (EMB: 1)","56.20","56.2000","ESTIMADO","Média categoria PINTURA + fator variação SKU"
"PINTURA","IMPERMEABILIZANTES","BIANCO OTTO GALAO 3,6KG REF: OTTO011","Otto 3 6kg","Bianco","indisponível","indisponível","UN (EMB: 4)","55.19","55.1900","ESTIMADO","Média categoria PINTURA + fator variação SKU"
"PINTURA","IMPERMEABILIZANTES","COMPOUND ADESIVO OTTO LATA 1KG REF: OTTO007","Compound Adesivo Lata 1kg","Otto","indisponível","indisponível","UN (EMB: 6)","51.15","51.1500","ESTIMADO","Média categoria PINTURA + fator variação SKU"
"PINTURA","IMPERMEABILIZANTES","COMPOXI ADESIVO MF MACTRA 1KG","Compoxi Adesivo Mf Mactra 1kg","indisponível","indisponível","indisponível","UN (EMB: 1)","77.01","77.0100","ESTIMADO","Média categoria PINTURA + fator variação SKU"
"PINTURA","IMPERMEABILIZANTES","LIGMASSA MACTRA 3,6L","Ligmassa Mactra 3 6l","indisponível","indisponível","indisponível","UN (EMB: 1)","68.93","68.9300","ESTIMADO","Média categoria PINTURA + fator variação SKU"
"PINTURA","IMPERMEABILIZANTES","LIGMASSA MACTRA 900ML","Ligmassa Mactra 900ml","indisponível","indisponível","indisponível","UN (EMB: 1)","66.91","66.9100","ESTIMADO","Média categoria PINTURA + fator variação SKU"
"PINTURA","IMPERMEABILIZANTES","MACTRA 2000 1L","Mactra 2000 1l","indisponível","indisponível","indisponível","UN (EMB: 1)","65.90","65.9000","ESTIMADO","Média categoria PINTURA + fator variação SKU"
"PINTURA","IMPERMEABILIZANTES","MACTRA 2000 C/9 SACHES 18L","Mactra 2000 C 9 Saches 18l","indisponível","indisponível","indisponível","UN (EMB: 1)","63.88","63.8800","ESTIMADO","Média categoria PINTURA + fator variação SKU"
"PINTURA","IMPERMEABILIZANTES","MACTRACOL 3,6L","Mactracol 3 6l","indisponível","indisponível","indisponível","UN (EMB: 1)","70.95","70.9500","ESTIMADO","Média categoria PINTURA + fator variação SKU"
"PINTURA","IMPERMEABILIZANTES","MACTRACOL 900ML","Mactracol 900ml","indisponível","indisponível","indisponível","UN (EMB: 1)","71.96","71.9600","ESTIMADO","Média categoria PINTURA + fator variação SKU"
"PINTURA","IMPERMEABILIZANTES","MACTRACOL C/9 SACHES 18L","Mactracol C 9 Saches 18l","indisponível","indisponível","indisponível","UN (EMB: 1)","69.94","69.9400","ESTIMADO","Média categoria PINTURA + fator variação SKU"
"PINTURA","IMPERMEABILIZANTES","MACTRASET FLEXIVEL M1 FIBRAS 18KG","Mactraset Flexivel M1 Fibras 18kg","indisponível","indisponível","indisponível","UN (EMB: 1)","78.02","78.0200","ESTIMADO","Média categoria PINTURA + fator variação SKU"
"PINTURA","IMPERMEABILIZANTES","MACTRASET PROFISSIONAL 18KG","Mactraset Profissional 18kg","indisponível","indisponível","indisponível","UN (EMB: 1)","79.03","79.0300","ESTIMADO","Média categoria PINTURA + fator variação SKU"
"PINTURA","IMPERMEABILIZANTES","NEUTROL ACQUA OTTO BALDE 18L REF: OTTO014","Neutrol Acqua 18l","Otto","indisponível","indisponível","UN (EMB: 1)","57.21","57.2100","ESTIMADO","Média categoria PINTURA + fator variação SKU"
"PINTURA","IMPERMEABILIZANTES","NEUTROL ACQUA OTTO GALAO 3,6L REF: OTTO002","Neutrol Acqua 3 6l","Otto","indisponível","indisponível","UN (EMB: 4)","48.12","48.1200","ESTIMADO","Média categoria PINTURA + fator variação SKU"
"PINTURA","IMPERMEABILIZANTES","NEUTROL ACQUA OTTO POTE 900ML REF: OTTO003","Neutrol Acqua Pote 900ml","Otto","indisponível","indisponível","UN (EMB: 6)","49.13","49.1300","ESTIMADO","Média categoria PINTURA + fator variação SKU"
"PINTURA","IMPERMEABILIZANTES","SIKATOP 100 CAIXA 18 KG REF: SIKA006","Sikatop 100 18 Kg","indisponível","indisponível","indisponível","UN (EMB: 1)","20.51","20.5100","ESTIMADO","Média categoria PINTURA + fator variação SKU"
"PINTURA","IMPERMEABILIZANTES","VEDACIT OTTO 900ML REF: OTTO004","Otto 900ml","Vedacit","indisponível","indisponível","UN (EMB: 6)","50.14","50.1400","ESTIMADO","Média categoria PINTURA + fator variação SKU"
"PINTURA","IMPERMEABILIZANTES","VEDACIT OTTO BALDE 18L REF: OTTO015","Otto 18l","Vedacit","indisponível","indisponível","UN (EMB: 1)","58.22","58.2200","ESTIMADO","Média categoria PINTURA + fator variação SKU"
"PINTURA","IMPERMEABILIZANTES","VEDACIT OTTO GALAO 3,6L REF: OTTO008","Otto 3 6l","Vedacit","indisponível","indisponível","UN (EMB: 4)","52.16","52.1600","ESTIMADO","Média categoria PINTURA + fator variação SKU"
"PINTURA","IMPERMEABILIZANTES","VEDALIT OTTO 900ML REF: OTTO018","Vedalit 900ml","Otto","indisponível","indisponível","UN (EMB: 12)","60.24","60.2400","ESTIMADO","Média categoria PINTURA + fator variação SKU"
"PINTURA","IMPERMEABILIZANTES","VEDALIT OTTO BALDE 18L REF: OTTO016","Vedalit 18l","Otto","indisponível","indisponível","UN (EMB: 1)","59.23","59.2300","ESTIMADO","Média categoria PINTURA + fator variação SKU"
"PINTURA","IMPERMEABILIZANTES","VEDALIT OTTO GALAO 3,6L REF: OTTO009","Vedalit 3 6l","Otto","indisponível","indisponível","UN (EMB: 4)","53.17","53.1700","ESTIMADO","Média categoria PINTURA + fator variação SKU"
"PINTURA","IMPERMEABILIZANTES","VEDAPREN PAREDE OTTO BR GALAO 3,6L REF: 11044","Vedapren Parede 3 6l","Otto","indisponível","indisponível","UN (EMB: 4)","74.05","74.0500","ESTIMADO","Média categoria PINTURA + fator variação SKU"
"PINTURA","IMPERMEABILIZANTES","VEDBEM PAREDE MACTRA 18KG","Vedbem Parede Mactra 18kg","indisponível","indisponível","indisponível","UN (EMB: 1)","76.00","76.0000","ESTIMADO","Média categoria PINTURA + fator variação SKU"
"PINTURA","KIT PINTURA","KIT PINTURA ROMA 23CM C/ 3PCS 280 19 REF: 12135","Kit Pintura Roma 23cm C 3pcs 280 19","indisponível","indisponível","indisponível","UN (EMB: 1)","60.07","60.0700","ESTIMADO","Média categoria PINTURA + fator variação SKU"
"PINTURA","KIT PINTURA","KIT PINTURA ROMA 23CM C/ 3PCS 822 23 REF: 12134","Kit Pintura Roma 23cm C 3pcs 822 23","indisponível","indisponível","indisponível","UN (EMB: 1)","59.06","59.0600","ESTIMADO","Média categoria PINTURA + fator variação SKU"
"PINTURA","KIT PINTURA","KIT PINTURA TIGRE 23CM C/ 3PCS 1541 REF: 14240","Kit Pintura 23cm C 3pcs 1541","Tigre","indisponível","indisponível","UN (EMB: 6)","20.33","20.3300","ESTIMADO","Média categoria PINTURA + fator variação SKU"
"PINTURA","KIT PINTURA","KIT PINTURA TIGRE 23CM C/ 3PCS 1576 ANTIRRESPINGO REF: 14241","Kit Pintura 23cm C 3pcs 1576 Antirrespingo","Tigre","indisponível","indisponível","UN (EMB: 6)","21.34","21.3400","ESTIMADO","Média categoria PINTURA + fator variação SKU"
"PINTURA","LIXA D'AGUA","LIXA DAGUA TATU 100 REF: 10523","Lixa Dagua Tatu 100","indisponível","indisponível","indisponível","UN (EMB: 50)","72.79","72.7900","ESTIMADO","Média categoria PINTURA + fator variação SKU"
"PINTURA","LIXA D'AGUA","LIXA DAGUA TATU 120 REF: 10524","Lixa Dagua Tatu 120","indisponível","indisponível","indisponível","UN (EMB: 50)","73.80","73.8000","ESTIMADO","Média categoria PINTURA + fator variação SKU"
"PINTURA","LIXA D'AGUA","LIXA DAGUA TATU 150 REF: 10525","Lixa Dagua Tatu 150","indisponível","indisponível","indisponível","UN (EMB: 50)","74.81","74.8100","ESTIMADO","Média categoria PINTURA + fator variação SKU"
"PINTURA","LIXA D'AGUA","LIXA DAGUA TATU 180 REF: 10526","Lixa Dagua Tatu 180","indisponível","indisponível","indisponível","UN (EMB: 50)","75.82","75.8200","ESTIMADO","Média categoria PINTURA + fator variação SKU"
"PINTURA","LIXA D'AGUA","LIXA DAGUA TATU 220 REF: 10527","Lixa Dagua Tatu 220","indisponível","indisponível","indisponível","UN (EMB: 50)","76.83","76.8300","ESTIMADO","Média categoria PINTURA + fator variação SKU"
"PINTURA","LIXA D'AGUA","LIXA DAGUA TATU 240 REF: 10528","Lixa Dagua Tatu 240","indisponível","indisponível","indisponível","UN (EMB: 50)","77.84","77.8400","ESTIMADO","Média categoria PINTURA + fator variação SKU"
"PINTURA","LIXA D'AGUA","LIXA DAGUA TATU 280 REF: 10529","Lixa Dagua Tatu 280","indisponível","indisponível","indisponível","UN (EMB: 50)","78.85","78.8500","ESTIMADO","Média categoria PINTURA + fator variação SKU"
"PINTURA","LIXA D'AGUA","LIXA DAGUA TATU 80 REF: 10522","Lixa Dagua Tatu 80","indisponível","indisponível","indisponível","UN (EMB: 50)","71.78","71.7800","ESTIMADO","Média categoria PINTURA + fator variação SKU"
"PINTURA","LIXA FERRO","LIXA FERRO TATU 100 REF: 10541","Lixa Ferro Tatu 100","indisponível","indisponível","indisponível","UN (EMB: 50)","25.97","25.9700","ESTIMADO","Média categoria PINTURA + fator variação SKU"
"PINTURA","LIXA FERRO","LIXA FERRO TATU 120 REF: 10542","Lixa Ferro Tatu 120","indisponível","indisponível","indisponível","UN (EMB: 50)","26.98","26.9800","ESTIMADO","Média categoria PINTURA + fator variação SKU"
"PINTURA","LIXA FERRO","LIXA FERRO TATU 150 REF: 10543","Lixa Ferro Tatu 150","indisponível","indisponível","indisponível","UN (EMB: 50)","27.99","27.9900","ESTIMADO","Média categoria PINTURA + fator variação SKU"
"PINTURA","LIXA FERRO","LIXA FERRO TATU 180 REF: 10544","Lixa Ferro Tatu 180","indisponível","indisponível","indisponível","UN (EMB: 50)","29.00","29.0000","ESTIMADO","Média categoria PINTURA + fator variação SKU"
"PINTURA","LIXA FERRO","LIXA FERRO TATU 220 REF: 10545","Lixa Ferro Tatu 220","indisponível","indisponível","indisponível","UN (EMB: 50)","30.01","30.0100","ESTIMADO","Média categoria PINTURA + fator variação SKU"
"PINTURA","LIXA FERRO","LIXA FERRO TATU 240 REF: 10546","Lixa Ferro Tatu 240","indisponível","indisponível","indisponível","UN (EMB: 50)","31.02","31.0200","ESTIMADO","Média categoria PINTURA + fator variação SKU"
"PINTURA","LIXA FERRO","LIXA FERRO TATU 36 REF: 10536","Lixa Ferro Tatu 36","indisponível","indisponível","indisponível","UN (EMB: 50)","20.92","20.9200","ESTIMADO","Média categoria PINTURA + fator variação SKU"
"PINTURA","LIXA FERRO","LIXA FERRO TATU 50 REF: 10538","Lixa Ferro Tatu 50","indisponível","indisponível","indisponível","UN (EMB: 50)","22.94","22.9400","ESTIMADO","Média categoria PINTURA + fator variação SKU"
"PINTURA","LIXA FERRO","LIXA FERRO TATU 60 REF: 10539","Lixa Ferro Tatu 60","indisponível","indisponível","indisponível","UN (EMB: 50)","23.95","23.9500","ESTIMADO","Média categoria PINTURA + fator variação SKU"
"PINTURA","LIXA FERRO","LIXA FERRO TATU 80 REF: 10540","Lixa Ferro Tatu 80","indisponível","indisponível","indisponível","UN (EMB: 50)","24.96","24.9600","ESTIMADO","Média categoria PINTURA + fator variação SKU"
"PINTURA","LIXA MADEIRA","LIXA MADEIRA TATU 100 REF: 10557","Lixa Madeira Tatu 100","indisponível","indisponível","indisponível","UN (EMB: 50)","42.13","42.1300","ESTIMADO","Média categoria PINTURA + fator variação SKU"
"PINTURA","LIXA MADEIRA","LIXA MADEIRA TATU 120 REF: 10558","Lixa Madeira Tatu 120","indisponível","indisponível","indisponível","UN (EMB: 50)","43.14","43.1400","ESTIMADO","Média categoria PINTURA + fator variação SKU"
"PINTURA","LIXA MADEIRA","LIXA MADEIRA TATU 150 REF: 10559","Lixa Madeira Tatu 150","indisponível","indisponível","indisponível","UN (EMB: 50)","44.15","44.1500","ESTIMADO","Média categoria PINTURA + fator variação SKU"
"PINTURA","LIXA MADEIRA","LIXA MADEIRA TATU 180 REF: 10560","Lixa Madeira Tatu 180","indisponível","indisponível","indisponível","UN (EMB: 50)","45.16","45.1600","ESTIMADO","Média categoria PINTURA + fator variação SKU"
"PINTURA","LIXA MADEIRA","LIXA MADEIRA TATU 220 REF: 10561","Lixa Madeira Tatu 220","indisponível","indisponível","indisponível","UN (EMB: 50)","46.17","46.1700","ESTIMADO","Média categoria PINTURA + fator variação SKU"
"PINTURA","LIXA MADEIRA","LIXA MADEIRA TATU 50 REF: 10554","Lixa Madeira Tatu 50","indisponível","indisponível","indisponível","UN (EMB: 50)","39.10","39.1000","ESTIMADO","Média categoria PINTURA + fator variação SKU"
"PINTURA","LIXA MADEIRA","LIXA MADEIRA TATU 60 REF: 10555","Lixa Madeira Tatu 60","indisponível","indisponível","indisponível","UN (EMB: 50)","40.11","40.1100","ESTIMADO","Média categoria PINTURA + fator variação SKU"
"PINTURA","LIXA MADEIRA","LIXA MADEIRA TATU 80 REF: 10556","Lixa Madeira Tatu 80","indisponível","indisponível","indisponível","UN (EMB: 50)","41.12","41.1200","ESTIMADO","Média categoria PINTURA + fator variação SKU"
"PINTURA","LIXA MASSA","LIXA MASSA TATU 100 REF: 10549","Lixa Massa Tatu 100","indisponível","indisponível","indisponível","UN (EMB: 50)","34.05","34.0500","ESTIMADO","Média categoria PINTURA + fator variação SKU"
"PINTURA","LIXA MASSA","LIXA MASSA TATU 120 REF: 10550","Lixa Massa Tatu 120","indisponível","indisponível","indisponível","UN (EMB: 50)","35.06","35.0600","ESTIMADO","Média categoria PINTURA + fator variação SKU"
"PINTURA","LIXA MASSA","LIXA MASSA TATU 150 REF: 10551","Lixa Massa Tatu 150","indisponível","indisponível","indisponível","UN (EMB: 50)","36.07","36.0700","ESTIMADO","Média categoria PINTURA + fator variação SKU"
"PINTURA","LIXA MASSA","LIXA MASSA TATU 180 REF: 10552","Lixa Massa Tatu 180","indisponível","indisponível","indisponível","UN (EMB: 50)","37.08","37.0800","ESTIMADO","Média categoria PINTURA + fator variação SKU"
"PINTURA","LIXA MASSA","LIXA MASSA TATU 220 REF: 10553","Lixa Massa Tatu 220","indisponível","indisponível","indisponível","UN (EMB: 50)","38.09","38.0900","ESTIMADO","Média categoria PINTURA + fator variação SKU"
"PINTURA","LIXA MASSA","LIXA MASSA TATU 50 REF: 10547","Lixa Massa Tatu 50","indisponível","indisponível","indisponível","UN (EMB: 50)","42.67","42.6700","ESTIMADO","Média categoria PINTURA + fator variação SKU"
"PINTURA","LIXA MASSA","LIXA MASSA TATU 60 REF: 10547","Lixa Massa Tatu 60","indisponível","indisponível","indisponível","UN (EMB: 50)","32.03","32.0300","ESTIMADO","Média categoria PINTURA + fator variação SKU"
"PINTURA","LIXA MASSA","LIXA MASSA TATU 80 REF: 10548","Lixa Massa Tatu 80","indisponível","indisponível","indisponível","UN (EMB: 50)","33.04","33.0400","ESTIMADO","Média categoria PINTURA + fator variação SKU"
"PINTURA","MASSA ACRILICA","MASSA ACRILICA IQUINE 25KG REF: 14622","Massa Acrilica Iquine 25kg","indisponível","indisponível","indisponível","UN (EMB: 1)","77.19","77.1900","ESTIMADO","Média categoria PINTURA + fator variação SKU"
"PINTURA","MASSA ACRILICA","MASSA ACRILICA IQUINE 5,4KG 020724-003 REF: 14621","Massa Acrilica Iquine 5 4kg 020724 003","indisponível","indisponível","indisponível","UN (EMB: 4)","76.18","76.1800","ESTIMADO","Média categoria PINTURA + fator variação SKU"
"PINTURA","MASSA CORRIDA","MASSA CORRIDA IQUINE 1,35KG 1.097.334 REF: 14618","Massa Corrida Iquine 1 35kg 1.097.334","indisponível","indisponível","indisponível","UN (EMB: 6)","73.15","73.1500","ESTIMADO","Média categoria PINTURA + fator variação SKU"
"PINTURA","MASSA CORRIDA","MASSA CORRIDA IQUINE 5,4KG 040724-028 REF: 14619","Massa Corrida Iquine 5 4kg 040724 028","indisponível","indisponível","indisponível","UN (EMB: 4)","74.16","74.1600","ESTIMADO","Média categoria PINTURA + fator variação SKU"
"PINTURA","MASSA CORRIDA","MASSA CORRIDA NOVA 25KG REF: 14619","Massa Corrida Nova 25kg","indisponível","indisponível","indisponível","UN (EMB: 4)","33.92","33.9200","ESTIMADO","Média categoria PINTURA + fator variação SKU"
"PINTURA","MASSA PLASTICA","MASSA PLAST CARPLAST C/ CATALISADOR 400G BR REF: 12869","Massa Plast Carplast C Catalisador 400g","indisponível","indisponível","indisponível","UN (EMB: 12)","21.80","21.8000","ESTIMADO","Média categoria PINTURA + fator variação SKU"
"PINTURA","MASSA PLASTICA","MASSA PLAST CARPLAST C/ CATALISADOR 400G CZ REF: 12869","Massa Plast Carplast C Catalisador 400g","indisponível","indisponível","indisponível","UN (EMB: 12)","22.81","22.8100","ESTIMADO","Média categoria PINTURA + fator variação SKU"
"PINTURA","MASSA PLASTICA","MASSA PLAST IBERE C/ CATALISADOR 400G BR REF: 12869","Massa Plast Ibere C Catalisador 400g","indisponível","indisponível","indisponível","UN (EMB: 12)","79.48","79.4800","ESTIMADO","Média categoria PINTURA + fator variação SKU"
"PINTURA","MASSA PLASTICA IBERE","MASSA PLAST IBERE C/ CATALISADOR 400G CZ REF: 12870","Massa Plast Ibere C Catalisador 400g","indisponível","indisponível","indisponível","UN (EMB: 12)","14.50","14.5000","ESTIMADO","Média categoria PINTURA + fator variação SKU"
"PINTURA","NEUTRALIZADOR FERRUGEM","NEUTRALIZADOR FERRUGEM OTTO 500ML REF: 12698","Neutralizador Ferrugem 500ml","Otto","indisponível","indisponível","UN (EMB: 9)","37.76","37.7600","ESTIMADO","Média categoria PINTURA + fator variação SKU"
"PINTURA","QUEROSENE","QUEROSENE EUCATEX 900ML REF: 10752","Querosene Eucatex 900ml","indisponível","indisponível","indisponível","UN (EMB: 12)","37.93","37.9300","ESTIMADO","Média categoria PINTURA + fator variação SKU"
"PINTURA","REMOVEDOR DE PINTURA","REMOVEDOR DE TINTA ETANIZ 400ML REF: 14558","Removedor De Tinta Etaniz 400ml","indisponível","indisponível","indisponível","UN (EMB: 6)","77.55","77.5500","ESTIMADO","Média categoria PINTURA + fator variação SKU"
"PINTURA","ROLO DE ESPUMA POLIESTER","ROLO DE ESPUMA POLIESTER ROMA C/ CABO 05CM 430 05 CZ REF: 11977","De Espuma Poliester Roma C Cabo 05cm 430 05","indisponível","indisponível","indisponível","UN (EMB: 48)","195.80","195.8000","ESTIMADO","Regra bitola mm (1.5mm/2.5mm/4mm/6mm/10mm) + rolo 100m"
"PINTURA","ROLO DE ESPUMA POLIESTER","ROLO DE ESPUMA POLIESTER ROMA C/ CABO 09CM 430 09 CZ REF: 11978","De Espuma Poliester Roma C Cabo 09cm 430 09","indisponível","indisponível","indisponível","UN (EMB: 36)","196.20","196.2000","ESTIMADO","Regra bitola mm (1.5mm/2.5mm/4mm/6mm/10mm) + rolo 100m"
"PINTURA","ROLO DE ESPUMA POLIESTER","ROLO DE ESPUMA POLIESTER ROMA C/ CABO 15CM 430 15 CZ REF: 11979","De Espuma Poliester Roma C Cabo 15cm 430 15","indisponível","indisponível","indisponível","UN (EMB: 24)","196.60","196.6000","ESTIMADO","Regra bitola mm (1.5mm/2.5mm/4mm/6mm/10mm) + rolo 100m"
"PINTURA","ROLO DE ESPUMA POLIESTER","ROLO DE ESPUMA POLIESTER ROMA S/ CABO 23CM 430 23 CZ REF: 11980","De Espuma Poliester Roma S Cabo 23cm 430 23","indisponível","indisponível","indisponível","UN (EMB: 12)","197.00","197.0000","ESTIMADO","Regra bitola mm (1.5mm/2.5mm/4mm/6mm/10mm) + rolo 100m"
"PINTURA","ROLO DE ESPUMA POLIESTER","ROLO DE ESPUMA POLIESTER TIGRE C/ CABO 05CM 1341 05 AM REF: 14242","De Espuma Poliester C Cabo 05cm 1341 05","Tigre","indisponível","indisponível","UN (EMB: 48)","181.80","181.8000","ESTIMADO","Regra bitola mm (1.5mm/2.5mm/4mm/6mm/10mm) + rolo 100m"
"PINTURA","ROLO DE ESPUMA POLIESTER","ROLO DE ESPUMA POLIESTER TIGRE C/ CABO 09CM 1340 09 CZ REF: 14243","De Espuma Poliester C Cabo 09cm 1340 09","Tigre","indisponível","indisponível","UN (EMB: 24)","182.20","182.2000","ESTIMADO","Regra bitola mm (1.5mm/2.5mm/4mm/6mm/10mm) + rolo 100m"
"PINTURA","ROLO DE ESPUMA POLIESTER","ROLO DE ESPUMA POLIESTER TIGRE C/ CABO 09CM 1341 09 AM REF: 14244","De Espuma Poliester C Cabo 09cm 1341 09","Tigre","indisponível","indisponível","UN (EMB: 36)","182.60","182.6000","ESTIMADO","Regra bitola mm (1.5mm/2.5mm/4mm/6mm/10mm) + rolo 100m"
"PINTURA","ROLO DE ESPUMA POLIESTER","ROLO DE ESPUMA POLIESTER TIGRE C/ CABO 15CM 1341 15 AM REF: 14245","De Espuma Poliester C Cabo 15cm 1341 15","Tigre","indisponível","indisponível","UN (EMB: 24)","183.00","183.0000","ESTIMADO","Regra bitola mm (1.5mm/2.5mm/4mm/6mm/10mm) + rolo 100m"
"PINTURA","ROLO DE ESPUMA POLIESTER","ROLO DE ESPUMA POLIESTER TIGRE S/ CABO 23CM 1342 23 AM REF: 14246","De Espuma Poliester S Cabo 23cm 1342 23","Tigre","indisponível","indisponível","UN (EMB: 12)","183.40","183.4000","ESTIMADO","Regra bitola mm (1.5mm/2.5mm/4mm/6mm/10mm) + rolo 100m"
"PINTURA","ROLO DE LÃ","ROLO DE LA ROMA MASTER S/ CABO 23CM 280 19 REF: 11973","De La Roma Master S Cabo 23cm 280 19","indisponível","indisponível","indisponível","UN (EMB: 12)","194.20","194.2000","ESTIMADO","Regra bitola mm (1.5mm/2.5mm/4mm/6mm/10mm) + rolo 100m"
"PINTURA","ROLO DE LÃ","ROLO DE LA ROMA NATURAL C/ CABO 05CM 245 05 REF: 11974","De La Roma Natural C Cabo 05cm 245 05","indisponível","indisponível","indisponível","UN (EMB: 48)","194.60","194.6000","ESTIMADO","Regra bitola mm (1.5mm/2.5mm/4mm/6mm/10mm) + rolo 100m"
"PINTURA","ROLO DE LÃ","ROLO DE LA ROMA NATURAL C/ CABO 09CM 245 09 REF: 11975","De La Roma Natural C Cabo 09cm 245 09","indisponível","indisponível","indisponível","UN (EMB: 36)","195.00","195.0000","ESTIMADO","Regra bitola mm (1.5mm/2.5mm/4mm/6mm/10mm) + rolo 100m"
"PINTURA","ROLO DE LÃ","ROLO DE LA ROMA NATURAL C/ CABO 15CM 245 15 REF: 11976","De La Roma Natural C Cabo 15cm 245 15","indisponível","indisponível","indisponível","UN (EMB: 24)","195.40","195.4000","ESTIMADO","Regra bitola mm (1.5mm/2.5mm/4mm/6mm/10mm) + rolo 100m"
"PINTURA","ROLO DE LÃ","ROLO DE LA ROMA S/ RESPINGO C/ CABO  15CM 822 15 REF: 11970","De La Roma S Respingo C Cabo 15cm 822 15","indisponível","indisponível","indisponível","UN (EMB: 24)","193.00","193.0000","ESTIMADO","Regra bitola mm (1.5mm/2.5mm/4mm/6mm/10mm) + rolo 100m"
"PINTURA","ROLO DE LÃ","ROLO DE LA ROMA S/ RESPINGO C/ CABO 05CM  822 05 REF: 11968","De La Roma S Respingo C Cabo 05cm 822 05","indisponível","indisponível","indisponível","UN (EMB: 48)","192.20","192.2000","ESTIMADO","Regra bitola mm (1.5mm/2.5mm/4mm/6mm/10mm) + rolo 100m"
"PINTURA","ROLO DE LÃ","ROLO DE LA ROMA S/ RESPINGO C/ CABO 09CM 822 09 REF: 11969","De La Roma S Respingo C Cabo 09cm 822 09","indisponível","indisponível","indisponível","UN (EMB: 36)","192.60","192.6000","ESTIMADO","Regra bitola mm (1.5mm/2.5mm/4mm/6mm/10mm) + rolo 100m"
"PINTURA","ROLO DE LÃ","ROLO DE LA TIGRE NATURAL C/ CABO 09CM 1383 09 REF: 14247","De La Natural C Cabo 09cm 1383 09","Tigre","indisponível","indisponível","UN (EMB: 24)","183.80","183.8000","ESTIMADO","Regra bitola mm (1.5mm/2.5mm/4mm/6mm/10mm) + rolo 100m"
"PINTURA","ROLO DE LÃ","ROLO DE LA TIGRE NATURAL PREMIUM S/ CABO 23CM 1391 23 25MM REF: 14249","De La Natural Premium S Cabo 23cm 1391 23","Tigre","25MM","indisponível","UN (EMB: 12)","184.60","184.6000","ESTIMADO","Regra bitola mm (1.5mm/2.5mm/4mm/6mm/10mm) + rolo 100m"
"PINTURA","ROLO DE LÃ","ROLO DE LA TIGRE NATURAL S/ CABO 23CM 1316 23 22MM REF: 14248","De La Natural S Cabo 23cm 1316 23","Tigre","22MM","indisponível","UN (EMB: 24)","184.20","184.2000","ESTIMADO","Regra bitola mm (1.5mm/2.5mm/4mm/6mm/10mm) + rolo 100m"
"PINTURA","ROLO DE LÃ","ROLO DE LA TIGRE PELE CARNEIRO S/ CABO 23CM 1320 23 22MM REF: 14252","De La Pele Carneiro S Cabo 23cm 1320 23","Tigre","22MM","indisponível","UN (EMB: 12)","185.80","185.8000","ESTIMADO","Regra bitola mm (1.5mm/2.5mm/4mm/6mm/10mm) + rolo 100m"
"PINTURA","ROLO DE LÃ","ROLO DE LA TIGRE PELE CARNEIRO S/ CABO 23CM 1328 23 19MM REF: 14251","De La Pele Carneiro S Cabo 23cm 1328 23","Tigre","19MM","indisponível","UN (EMB: 12)","185.40","185.4000","ESTIMADO","Regra bitola mm (1.5mm/2.5mm/4mm/6mm/10mm) + rolo 100m"
"PINTURA","ROLO DE LÃ","ROLO DE LA TIGRE SINTETICA ANTIRRESPINGO C/ CABO 09CM 1377 09 REF: 14253","De La Sintetica Antirrespingo C Cabo 09cm 1377 09","Tigre","indisponível","indisponível","UN (EMB: 24)","186.20","186.2000","ESTIMADO","Regra bitola mm (1.5mm/2.5mm/4mm/6mm/10mm) + rolo 100m"
"PINTURA","ROLO DE LÃ","ROLO DE LA TIGRE SINTETICA ANTIRRESPINGO C/ CABO 15CM 1377 15 REF: 14302","De La Sintetica Antirrespingo C Cabo 15cm 1377 15","Tigre","indisponível","indisponível","UN (EMB: 24)","165.80","165.8000","ESTIMADO","Regra bitola mm (1.5mm/2.5mm/4mm/6mm/10mm) + rolo 100m"
"PINTURA","ROLO DE LÃ","ROLO DE LA TIGRE SINTETICA ANTIRRESPINGO S/ CABO 23CM 1376 23 REF: 14254","De La Sintetica Antirrespingo S Cabo 23cm 1376 23","Tigre","indisponível","indisponível","UN (EMB: 24)","186.60","186.6000","ESTIMADO","Regra bitola mm (1.5mm/2.5mm/4mm/6mm/10mm) + rolo 100m"
"PINTURA","ROLO DE LÃ","ROLO DE LA TIGRE SINTETICA C/ CABO 09CM 1366 09 REF: 14256","De La Sintetica C Cabo 09cm 1366 09","Tigre","indisponível","indisponível","UN (EMB: 24)","187.40","187.4000","ESTIMADO","Regra bitola mm (1.5mm/2.5mm/4mm/6mm/10mm) + rolo 100m"
"PINTURA","ROLO DE LÃ","ROLO DE LA TIGRE SINTETICA S/ CABO 23CM 1312 23 REF: 14257","De La Sintetica S Cabo 23cm 1312 23","Tigre","indisponível","indisponível","UN (EMB: 24)","187.80","187.8000","ESTIMADO","Regra bitola mm (1.5mm/2.5mm/4mm/6mm/10mm) + rolo 100m"
"PINTURA","ROLO DE LÃ","ROLO DE LA TIGRE SINTETICA S/ RESPINGO S/ CABO 23CM 1374 23 REF: 14255","De La Sintetica S Respingo S Cabo 23cm 1374 23","Tigre","indisponível","indisponível","UN (EMB: 24)","187.00","187.0000","ESTIMADO","Regra bitola mm (1.5mm/2.5mm/4mm/6mm/10mm) + rolo 100m"
"PINTURA","ROLO DE TEXTURA","ROLO DE TEXTURA CHAPISCO ROLADO TIGRE S/ CABO 23CM 1332 23 REF: 14759","De Textura Chapisco Rolado S Cabo 23cm 1332 23","Tigre","indisponível","indisponível","UN (EMB: 1)","188.60","188.6000","ESTIMADO","Regra bitola mm (1.5mm/2.5mm/4mm/6mm/10mm) + rolo 100m"
"PINTURA","ROLO DE TEXTURA","ROLO DE TEXTURA MEDIA TIGRE S/ CABO 23CM 1352 23 REF: 14258","De Textura Media S Cabo 23cm 1352 23","Tigre","indisponível","indisponível","UN (EMB: 12)","188.20","188.2000","ESTIMADO","Regra bitola mm (1.5mm/2.5mm/4mm/6mm/10mm) + rolo 100m"
"PINTURA","SELADOR","SELADOR ACR PAREDE IQUINE 15L 722.100 REF: 14589","Selador Acr Parede Iquine 15l 722.100","indisponível","indisponível","indisponível","UN (EMB: 1)","43.86","43.8600","ESTIMADO","Média categoria PINTURA + fator variação SKU"
"PINTURA","SELADOR","SELADOR ACR PAREDE NOVA 16L REF: 14669","Selador Acr Parede Nova 16l","indisponível","indisponível","indisponível","UN (EMB: 4)","35.94","35.9400","ESTIMADO","Média categoria PINTURA + fator variação SKU"
"PINTURA","SELADORA P/ MADEIRA","SELADORA P/ MADEIRA SAYERLACK 900ML REF: 14439","Seladora P Madeira Sayerlack 900ml","indisponível","indisponível","indisponível","UN (EMB: 6)","24.34","24.3400","ESTIMADO","Média categoria PINTURA + fator variação SKU"
"PINTURA","SELADORA P/ MADEIRA","SELADORA P/MADEIRA EXTRA SAYERLACK 3,6L REF: 14963","Seladora P Madeira Extra Sayerlack 3 6l","indisponível","indisponível","indisponível","UN (EMB: 4)","27.64","27.6400","ESTIMADO","Média categoria PINTURA + fator variação SKU"
"PINTURA","SELADORA P/ MADEIRA","SELADORA P/MADEIRA EXTRA SAYERLACK 900ML REF: 14981","Seladora P Madeira Extra Sayerlack 900ml","indisponível","indisponível","indisponível","UN (EMB: 6)","45.82","45.8200","ESTIMADO","Média categoria PINTURA + fator variação SKU"
"PINTURA","SELADORA P/ MADEIRA","SELADORA P/MADEIRA SAYERLACK 3,6L REF: 14962","Seladora P Madeira Sayerlack 3 6l","indisponível","indisponível","indisponível","UN (EMB: 4)","26.63","26.6300","ESTIMADO","Média categoria PINTURA + fator variação SKU"
"PINTURA","STAIN IMPREGNANTE","POLISTEN STAIN IMP IMBUIA 900ML REF: 14980","Polisten Stain Imp Imbuia 900ml","indisponível","indisponível","indisponível","UN (EMB: 6)","44.81","44.8100","ESTIMADO","Média categoria PINTURA + fator variação SKU"
"PINTURA","STAIN IMPREGNANTE","POLISTEN STAIN IMP IPE 900ML REF: 14976","Polisten Stain Imp Ipe 900ml","indisponível","indisponível","indisponível","UN (EMB: 6)","40.77","40.7700","ESTIMADO","Média categoria PINTURA + fator variação SKU"
"PINTURA","STAIN IMPREGNANTE","POLISTEN STAIN IMP MOGNO INGLES 3,6L REF: 15171","Polisten Stain Imp Mogno Ingles 3 6l","indisponível","indisponível","indisponível","UN (EMB: 4)","40.74","40.7400","ESTIMADO","Média categoria PINTURA + fator variação SKU"
"PINTURA","TELA PARA REFORÇO","TELA POLIESTER P/ REFORCO IMPERM VEDACIT 49X50M REF: 15067","Tela Poliester P Reforco Imperm 49x50m","Vedacit","indisponível","indisponível","UN (EMB: 1)","66.69","66.6900","ESTIMADO","Média categoria PINTURA + fator variação SKU"
"PINTURA","THINNER","THINNER EUCATEX 5L 9100","Thinner Eucatex 5l 9100","indisponível","indisponível","indisponível","UN (EMB: 4)","33.89","33.8900","ESTIMADO","Média categoria PINTURA + fator variação SKU"
"PINTURA","THINNER","THINNER EUCATEX 900ML 9100","Thinner Eucatex 900ml 9100","indisponível","indisponível","indisponível","UN (EMB: 12)","32.88","32.8800","ESTIMADO","Média categoria PINTURA + fator variação SKU"
"PINTURA","TINTA ACRÍLICA","TINTA ACR STD SELA E PINTA IQUINE BR NEVE 15L 725.734 REF: 14718","Tinta Acr Std Sela E Pinta Iquine Neve 15l 725.734","indisponível","indisponível","indisponível","UN (EMB: 1)","43.16","43.1600","ESTIMADO","Média categoria PINTURA + fator variação SKU"
"PINTURA","TINTA ACRÍLICA","TINTA ACR STD SELA E PINTA IQUINE BR NEVE 3,6L 720.293 REF: 14585","Tinta Acr Std Sela E Pinta Iquine Neve 3 6l 720.293","indisponível","indisponível","indisponível","UN (EMB: 4)","39.82","39.8200","ESTIMADO","Média categoria PINTURA + fator variação SKU"
"PINTURA","TINTA ACRÍLICA","TINTA ACR SUPER PREMIUM FOSCO IQUINE BR NEVE 3,6L 1.098.397 REF: 14705","Tinta Acr Super Premium Fosco Iquine Neve 3 6l 1.098.397","indisponível","indisponível","indisponível","UN (EMB: 4)","30.03","30.0300","ESTIMADO","Média categoria PINTURA + fator variação SKU"
"PINTURA","TINTA ACRÍLICA","TINTA LATEX ACR ECON NOVA 18L BR","Tinta Latex Acr Econ Nova 18l","indisponível","indisponível","indisponível","UN (EMB: 1)","31.90","31.9000","ESTIMADO","Média categoria PINTURA + fator variação SKU"
"PINTURA","TINTA ACRILICA DELANIL 15L","TINTA ACR STD DELANIL RENDE MUITO IQUINE RET AREIA 15L 725.538 REF: 14912","Tinta Acr Std Delanil Rende Muito Iquine Ret Areia 15l 725.538","indisponível","indisponível","indisponível","UN (EMB: 1)","42.12","42.1200","ESTIMADO","Média categoria PINTURA + fator variação SKU"
"PINTURA","TINTA ACRILICA DELANIL 15L","TINTA ACR STD DELANIL RENDE MUITO IQUINE RET BR GELO 15L 727.422 REF: 14911","Tinta Acr Std Delanil Rende Muito Iquine Ret Gelo 15l 727.422","indisponível","indisponível","indisponível","UN (EMB: 1)","41.11","41.1100","ESTIMADO","Média categoria PINTURA + fator variação SKU"
"PINTURA","TINTA ACRILICA DELANIL 15L","TINTA ACR STD DELANIL RENDE MUITO IQUINE RET MARFIM 15L 1.106.949 REF: 15027","Tinta Acr Std Delanil Rende Muito Iquine Ret Marfim 15l 1.106.949","indisponível","indisponível","indisponível","UN (EMB: 1)","27.28","27.2800","ESTIMADO","Média categoria PINTURA + fator variação SKU"
"PINTURA","TINTA ACRILICA DELANIL 15L","TINTA ACR STD DELANIL RENDE MUITO IQUINE RET PALHA 15L 725.537 REF: 14914","Tinta Acr Std Delanil Rende Muito Iquine Ret Palha 15l 725.537","indisponível","indisponível","indisponível","UN (EMB: 1)","44.14","44.1400","ESTIMADO","Média categoria PINTURA + fator variação SKU"
"PINTURA","TINTA ACRILICA DELANIL 15L","TINTA ACR STD DELANIL RENDE MUITO IQUINE RET RONDON 15L 725.552 REF: 14913","Tinta Acr Std Delanil Rende Muito Iquine Ret Rondon 15l 725.552","indisponível","indisponível","indisponível","UN (EMB: 1)","43.13","43.1300","ESTIMADO","Média categoria PINTURA + fator variação SKU"
"PINTURA","TINTA ACRILICA DELANIL 3,6L","TINTA ACR STD DELANIL RENDE MUITO IQUINE BR NEVE 3,6L 1.098.192 REF: 14587","Tinta Acr Std Delanil Rende Muito Iquine Neve 3 6l 1.098.192","indisponível","indisponível","indisponível","UN (EMB: 4)","41.84","41.8400","ESTIMADO","Média categoria PINTURA + fator variação SKU"
"PINTURA","TINTA ACRILICA DELANIL 3,6L","TINTA ACR STD DELANIL RENDE MUITO IQUINE PALHA 3,6L 1.102.499 REF: 14910","Tinta Acr Std Delanil Rende Muito Iquine Palha 3 6l 1.102.499","indisponível","indisponível","indisponível","UN (EMB: 1)","40.10","40.1000","ESTIMADO","Média categoria PINTURA + fator variação SKU"
"PINTURA","TINTA ACRILICA DELANIL 3,6L","TINTA ACR STD DELANIL RENDE MUITO IQUINE RET AREIA 3,6L 727.642 REF: 15025","Tinta Acr Std Delanil Rende Muito Iquine Ret Areia 3 6l 727.642","indisponível","indisponível","indisponível","UN (EMB: 4)","25.26","25.2600","ESTIMADO","Média categoria PINTURA + fator variação SKU"
"PINTURA","TINTA ACRILICA DELANIL 3,6L","TINTA ACR STD DELANIL RENDE MUITO IQUINE RET BR GELO 3,6L 727.641 REF: 15024","Tinta Acr Std Delanil Rende Muito Iquine Ret Gelo 3 6l 727.641","indisponível","indisponível","indisponível","UN (EMB: 4)","24.25","24.2500","ESTIMADO","Média categoria PINTURA + fator variação SKU"
"PINTURA","TINTA ACRILICA DELANIL 3,6L","TINTA ACR STD DELANIL RENDE MUITO IQUINE RET RONDON 3,6L 727.645 REF: 15026","Tinta Acr Std Delanil Rende Muito Iquine Ret Rondon 3 6l 727.645","indisponível","indisponível","indisponível","UN (EMB: 4)","26.27","26.2700","ESTIMADO","Média categoria PINTURA + fator variação SKU"
"PINTURA","TINTA ACRILICA DIAPISO 18L","TINTA PISO ACR PREMIUM IQUINE AZUL PROFUNDO 18L 1.101.457 REF: 14610","Tinta Piso Acr Premium Iquine Profundo 18l 1.101.457","indisponível","indisponível","indisponível","UN (EMB: 1)","65.07","65.0700","ESTIMADO","Média categoria PINTURA + fator variação SKU"
"PINTURA","TINTA ACRILICA DIAPISO 18L","TINTA PISO ACR PREMIUM IQUINE BR NEVE 18L 1.100.068 REF: 14608","Tinta Piso Acr Premium Iquine Neve 18l 1.100.068","indisponível","indisponível","indisponível","UN (EMB: 1)","63.05","63.0500","ESTIMADO","Média categoria PINTURA + fator variação SKU"
"PINTURA","TINTA ACRILICA DIAPISO 18L","TINTA PISO ACR PREMIUM IQUINE CINZA MEDIO 18L 722.977 REF: 14614","Tinta Piso Acr Premium Iquine Medio 18l 722.977","indisponível","indisponível","indisponível","UN (EMB: 1)","69.11","69.1100","ESTIMADO","Média categoria PINTURA + fator variação SKU"
"PINTURA","TINTA ACRILICA DIAPISO 3,6L","TINTA PISO ACR PREMIUM IQUINE AZUL PROFUNDO 3,6L 1.095.367 REF: 14599","Tinta Piso Acr Premium Iquine Profundo 3 6l 1.095.367","indisponível","indisponível","indisponível","UN (EMB: 4)","53.96","53.9600","ESTIMADO","Média categoria PINTURA + fator variação SKU"
"PINTURA","TINTA ACRILICA DIAPISO 3,6L","TINTA PISO ACR PREMIUM IQUINE BR NEVE 3,6L 723.494 REF: 14597","Tinta Piso Acr Premium Iquine Neve 3 6l 723.494","indisponível","indisponível","indisponível","UN (EMB: 4)","51.94","51.9400","ESTIMADO","Média categoria PINTURA + fator variação SKU"
"PINTURA","TINTA ACRILICA DIAPISO 3,6L","TINTA PISO ACR PREMIUM IQUINE CINZA ESCURO 3,6L 1.099.478 REF: 14601","Tinta Piso Acr Premium Iquine Escuro 3 6l 1.099.478","indisponível","indisponível","indisponível","UN (EMB: 4)","55.98","55.9800","ESTIMADO","Média categoria PINTURA + fator variação SKU"
"PINTURA","TINTA ACRILICA DIAPISO 3,6L","TINTA PISO ACR PREMIUM IQUINE CONCRETO 3,6L 722.979 REF: 14602","Tinta Piso Acr Premium Iquine Concreto 3 6l 722.979","indisponível","indisponível","indisponível","UN (EMB: 4)","56.99","56.9900","ESTIMADO","Média categoria PINTURA + fator variação SKU"
"PINTURA","TINTA ACRILICA DIAPISO 3,6L","TINTA PISO ACR PREMIUM IQUINE PRETO 3,6L 1.099.499 REF: 14604","Tinta Piso Acr Premium Iquine 3 6l 1.099.499","indisponível","indisponível","indisponível","UN (EMB: 4)","59.01","59.0100","ESTIMADO","Média categoria PINTURA + fator variação SKU"
"PINTURA","TINTA ACRILICA PINTALAR 15L","TINTA ACR ECON PINTALAR IQUINE BR NEVE 15L 723.403 REF: 14584","Tinta Acr Econ Pintalar Iquine Neve 15l 723.403","indisponível","indisponível","indisponível","UN (EMB: 1)","38.81","38.8100","ESTIMADO","Média categoria PINTURA + fator variação SKU"
"PINTURA","TINTA ACRILICA PINTALAR 15L","TINTA ACR ECON PINTALAR IQUINE PALHA 15L 727.495 REF: 14909","Tinta Acr Econ Pintalar Iquine Palha 15l 727.495","indisponível","indisponível","indisponível","UN (EMB: 1)","39.09","39.0900","ESTIMADO","Média categoria PINTURA + fator variação SKU"
"PINTURA","TINTA ACRILICA PINTALAR 15L","TINTA ACR ECON PINTALAR IQUINE RONDON 15L 727.514 REF: 15023","Tinta Acr Econ Pintalar Iquine Rondon 15l 727.514","indisponível","indisponível","indisponível","UN (EMB: 1)","23.24","23.2400","ESTIMADO","Média categoria PINTURA + fator variação SKU"
"PINTURA","TINTA ACRILICA PINTALAR 3,6L","TINTA ACR ECON PINTALAR IQUINE BR NEVE 3,6L 723.378 REF: 14583","Tinta Acr Econ Pintalar Iquine Neve 3 6l 723.378","indisponível","indisponível","indisponível","UN (EMB: 4)","37.80","37.8000","ESTIMADO","Média categoria PINTURA + fator variação SKU"
"PINTURA","TINTA ACRILICA PINTALAR 3,6L","TINTA ACR ECON PINTALAR IQUINE PALHA 3,6L 1.100.636 REF: 14905","Tinta Acr Econ Pintalar Iquine Palha 3 6l 1.100.636","indisponível","indisponível","indisponível","UN (EMB: 1)","35.05","35.0500","ESTIMADO","Média categoria PINTURA + fator variação SKU"
"PINTURA","TINTA ACRILICA PINTALAR 3,6L","TINTA ACR ECON PINTALAR IQUINE PEROLA 3,6L 726.621 REF: 15021","Tinta Acr Econ Pintalar Iquine Perola 3 6l 726.621","indisponível","indisponível","indisponível","UN (EMB: 4)","21.22","21.2200","ESTIMADO","Média categoria PINTURA + fator variação SKU"
"PINTURA","TINTA EPOXI","TINTA EPOXI BASE AGUA DIEPOXI IQUINE BR NEVE 3,6L 1.100.883 REF: 14596","Tinta Epoxi Base Agua Diepoxi Iquine Neve 3 6l 1.100.883","indisponível","indisponível","indisponível","UN (EMB: 4)","50.93","50.9300","ESTIMADO","Média categoria PINTURA + fator variação SKU"
"PINTURA","TINTA ESMALTE DELANIL 3L","TINTA ESMALTE STD MAD/MET DELANIL IQUINE AMARELO 3L 1.098.721 REF: 14660","Tinta Esmalte Std Mad Met Delanil Iquine 3l 1.098.721","indisponível","indisponível","indisponível","UN (EMB: 4)","49.58","49.5800","ESTIMADO","Média categoria PINTURA + fator variação SKU"
"PINTURA","TINTA ESMALTE DELANIL 3L","TINTA ESMALTE STD MAD/MET DELANIL IQUINE AREIA 3L 715.129 REF: 14652","Tinta Esmalte Std Mad Met Delanil Iquine Areia 3l 715.129","indisponível","indisponível","indisponível","UN (EMB: 4)","41.50","41.5000","ESTIMADO","Média categoria PINTURA + fator variação SKU"
"PINTURA","TINTA ESMALTE DELANIL 3L","TINTA ESMALTE STD MAD/MET DELANIL IQUINE AZUL CELESTE 3L 1.097.707 REF: 14662","Tinta Esmalte Std Mad Met Delanil Iquine Celeste 3l 1.097.707","indisponível","indisponível","indisponível","UN (EMB: 4)","51.60","51.6000","ESTIMADO","Média categoria PINTURA + fator variação SKU"
"PINTURA","TINTA ESMALTE DELANIL 3L","TINTA ESMALTE STD MAD/MET DELANIL IQUINE BR GELO 3L 1.097.408 REF: 14648","Tinta Esmalte Std Mad Met Delanil Iquine Gelo 3l 1.097.408","indisponível","indisponível","indisponível","UN (EMB: 4)","38.45","38.4500","ESTIMADO","Média categoria PINTURA + fator variação SKU"
"PINTURA","TINTA ESMALTE DELANIL 3L","TINTA ESMALTE STD MAD/MET DELANIL IQUINE BR NEVE 3L 1.099.753 REF: 14647","Tinta Esmalte Std Mad Met Delanil Iquine Neve 3l 1.099.753","indisponível","indisponível","indisponível","UN (EMB: 4)","37.44","37.4400","ESTIMADO","Média categoria PINTURA + fator variação SKU"
"PINTURA","TINTA ESMALTE DELANIL 3L","TINTA ESMALTE STD MAD/MET DELANIL IQUINE CINZA ESCURO 3L 1.101.336 REF: 14651","Tinta Esmalte Std Mad Met Delanil Iquine Escuro 3l 1.101.336","indisponível","indisponível","indisponível","UN (EMB: 4)","41.48","41.4800","ESTIMADO","Média categoria PINTURA + fator variação SKU"
"PINTURA","TINTA ESMALTE DELANIL 3L","TINTA ESMALTE STD MAD/MET DELANIL IQUINE CINZA MEDIO 3L 1.100.447 REF: 14650","Tinta Esmalte Std Mad Met Delanil Iquine Medio 3l 1.100.447","indisponível","indisponível","indisponível","UN (EMB: 4)","40.47","40.4700","ESTIMADO","Média categoria PINTURA + fator variação SKU"
"PINTURA","TINTA ESMALTE DELANIL 3L","TINTA ESMALTE STD MAD/MET DELANIL IQUINE MARFIM 3L 1.096.889 REF: 14653","Tinta Esmalte Std Mad Met Delanil Iquine Marfim 3l 1.096.889","indisponível","indisponível","indisponível","UN (EMB: 4)","42.51","42.5100","ESTIMADO","Média categoria PINTURA + fator variação SKU"
"PINTURA","TINTA ESMALTE DELANIL 3L","TINTA ESMALTE STD MAD/MET DELANIL IQUINE MARROM CONHAQUE 3L 1.094.280 REF: 14654","Tinta Esmalte Std Mad Met Delanil Iquine Conhaque 3l 1.094.280","indisponível","indisponível","indisponível","UN (EMB: 4)","43.52","43.5200","ESTIMADO","Média categoria PINTURA + fator variação SKU"
"PINTURA","TINTA ESMALTE DELANIL 3L","TINTA ESMALTE STD MAD/MET DELANIL IQUINE MARROM TABACO 3L 1.098.817 REF: 14655","Tinta Esmalte Std Mad Met Delanil Iquine Tabaco 3l 1.098.817","indisponível","indisponível","indisponível","UN (EMB: 4)","44.53","44.5300","ESTIMADO","Média categoria PINTURA + fator variação SKU"
"PINTURA","TINTA ESMALTE DELANIL 3L","TINTA ESMALTE STD MAD/MET DELANIL IQUINE PLATINA 3L 1.099.405 REF: 14649","Tinta Esmalte Std Mad Met Delanil Iquine Platina 3l 1.099.405","indisponível","indisponível","indisponível","UN (EMB: 4)","39.46","39.4600","ESTIMADO","Média categoria PINTURA + fator variação SKU"
"PINTURA","TINTA ESMALTE DELANIL 3L","TINTA ESMALTE STD MAD/MET DELANIL IQUINE VERDE FOLHA 3L 1.098.959 REF: 14656","Tinta Esmalte Std Mad Met Delanil Iquine Folha 3l 1.098.959","indisponível","indisponível","indisponível","UN (EMB: 4)","45.54","45.5400","ESTIMADO","Média categoria PINTURA + fator variação SKU"
"PINTURA","TINTA ESMALTE DELANIL 3L","TINTA ESMALTE STD MAD/MET DELANIL IQUINE VERDE NILO 3L 1.097.382 REF: 14657","Tinta Esmalte Std Mad Met Delanil Iquine Nilo 3l 1.097.382","indisponível","indisponível","indisponível","UN (EMB: 4)","46.55","46.5500","ESTIMADO","Média categoria PINTURA + fator variação SKU"
"PINTURA","TINTA ESMALTE DELANIL 3L","TINTA ESMALTE STD MAD/MET DELANIL IQUINE VERMELHO 3L 1.101.423 REF: 14658","Tinta Esmalte Std Mad Met Delanil Iquine 3l 1.101.423","indisponível","indisponível","indisponível","UN (EMB: 4)","47.56","47.5600","ESTIMADO","Média categoria PINTURA + fator variação SKU"
"PINTURA","TINTA ESMALTE DELANIL 3L","TINTA ESMALTE STD MAD/MET DELANIL IQUINE VERMELHO VINHO 3L 1.090.463 REF: 14661","Tinta Esmalte Std Mad Met Delanil Iquine Vinho 3l 1.090.463","indisponível","indisponível","indisponível","UN (EMB: 4)","50.59","50.5900","ESTIMADO","Média categoria PINTURA + fator variação SKU"
"PINTURA","TINTA ESMALTE DELANIL 750ML","TINTA ESMALTE STD MAD/MET DELANIL IQUINE AREIA 750ML 1.090.833 REF: 14632","Tinta Esmalte Std Mad Met Delanil Iquine Areia 750ml 1.090.833","indisponível","indisponível","indisponível","UN (EMB: 6)","22.29","22.2900","ESTIMADO","Média categoria PINTURA + fator variação SKU"
"PINTURA","TINTA ESMALTE DELANIL 750ML","TINTA ESMALTE STD MAD/MET DELANIL IQUINE BR GELO 750ML 1.097.407 REF: 14630","Tinta Esmalte Std Mad Met Delanil Iquine Gelo 750ml 1.097.407","indisponível","indisponível","indisponível","UN (EMB: 6)","20.27","20.2700","ESTIMADO","Média categoria PINTURA + fator variação SKU"
"PINTURA","TINTA ESMALTE DELANIL 750ML","TINTA ESMALTE STD MAD/MET DELANIL IQUINE BR NEVE 750ML 1.100.153 REF: 14629","Tinta Esmalte Std Mad Met Delanil Iquine Neve 750ml 1.100.153","indisponível","indisponível","indisponível","UN (EMB: 6)","19.26","19.2600","ESTIMADO","Média categoria PINTURA + fator variação SKU"
"PINTURA","TINTA ESMALTE DELANIL 750ML","TINTA ESMALTE STD MAD/MET DELANIL IQUINE CINZA ESCURO 750ML 1.093.690 REF: 14636","Tinta Esmalte Std Mad Met Delanil Iquine Escuro 750ml 1.093.690","indisponível","indisponível","indisponível","UN (EMB: 6)","26.33","26.3300","ESTIMADO","Média categoria PINTURA + fator variação SKU"
"PINTURA","TINTA ESMALTE DELANIL 750ML","TINTA ESMALTE STD MAD/MET DELANIL IQUINE MARROM CONHAQUE 750ML 1.095.574 REF: 14639","Tinta Esmalte Std Mad Met Delanil Iquine Conhaque 750ml 1.095.574","indisponível","indisponível","indisponível","UN (EMB: 6)","29.36","29.3600","ESTIMADO","Média categoria PINTURA + fator variação SKU"
"PINTURA","TINTA FACHADA EMBORRACHADA","TINTA EMBORR FACHADA ACR PREMIUM IQUINE BR NEVE 18L 1.101.077 REF: 14593","Tinta Emborr Fachada Acr Premium Iquine Neve 18l 1.101.077","indisponível","indisponível","indisponível","UN (EMB: 1)","47.90","47.9000","ESTIMADO","Média categoria PINTURA + fator variação SKU"
"PINTURA","TINTA FACHADA EMBORRACHADA","TINTA EMBORR FACHADA ACR PREMIUM IQUINE BR NEVE 3,6L 1.099.938 REF: 14592","Tinta Emborr Fachada Acr Premium Iquine Neve 3 6l 1.099.938","indisponível","indisponível","indisponível","UN (EMB: 4)","46.89","46.8900","ESTIMADO","Média categoria PINTURA + fator variação SKU"
"PINTURA","TINTA SPRAY","TINTA SPRAY PEG&UZE ALUMINIO ALTA TEMPERATURA 300ML REF: 14560","Tinta Spray Peg&uze Alta Temperatura 300ml","indisponível","indisponível","indisponível","UN (EMB: 6)","14.57","14.5700","ESTIMADO","Média categoria PINTURA + fator variação SKU"
"PINTURA","TINTA SPRAY","TINTA SPRAY PEG&UZE BRANCO BRILHANTE 300ML REF: 14566","Tinta Spray Peg&uze Brilhante 300ml","indisponível","indisponível","indisponível","UN (EMB: 6)","20.63","20.6300","ESTIMADO","Média categoria PINTURA + fator variação SKU"
"PINTURA","TINTA SPRAY","TINTA SPRAY PEG&UZE PRETO FOSCO ALTA TEMPERATURA 300ML REF: 14561","Tinta Spray Peg&uze Fosco Alta Temperatura 300ml","indisponível","indisponível","indisponível","UN (EMB: 6)","15.58","15.5800","ESTIMADO","Média categoria PINTURA + fator variação SKU"
"PINTURA","TINTA SPRAY","TINTA SPRAY TEKBOND AZUL 350ML REF: 11899","Tinta Spray 350ml","Tekbond","indisponível","indisponível","UN (EMB: 6)","18.69","18.6900","ESTIMADO","Média categoria PINTURA + fator variação SKU"
"PINTURA","TINTA SPRAY","TINTA SPRAY TEKBOND PRETO BRILHANTE ALTA TEMPERATURA 350ML REF: 11908","Tinta Spray Brilhante Alta Temperatura 350ml","Tekbond","indisponível","indisponível","UN (EMB: 6)","27.78","27.7800","ESTIMADO","Média categoria PINTURA + fator variação SKU"
"PINTURA","TINTA SPRAY","TINTA SPRAY TEKBOND PRETO FOSCO ALTA TEMPERATURA 350ML REF: 14888","Tinta Spray Fosco Alta Temperatura 350ml","Tekbond","indisponível","indisponível","UN (EMB: 6)","17.88","17.8800","ESTIMADO","Média categoria PINTURA + fator variação SKU"
"PINTURA","TINTA SPRAY","TINTA SPRAY TEKBOND PRIMER FUNDO 350ML REF: 13263","Tinta Spray Primer Fundo 350ml","Tekbond","indisponível","indisponível","UN (EMB: 6)","18.46","18.4600","ESTIMADO","Média categoria PINTURA + fator variação SKU"
"PINTURA","TINTA SPRAY","TINTA SPRAY TEKBOND VERDE 350ML REF: 11900","Tinta Spray 350ml","Tekbond","indisponível","indisponível","UN (EMB: 6)","19.70","19.7000","ESTIMADO","Média categoria PINTURA + fator variação SKU"
"PINTURA","TINTA SPRAY PEG&UZE ETANIZ","TINTA SPRAY PEG&UZE ALUMINIO 300ML REF: 14562","Tinta Spray Peg&uze 300ml","indisponível","indisponível","indisponível","UN (EMB: 6)","16.59","16.5900","ESTIMADO","Média categoria PINTURA + fator variação SKU"
"PINTURA","TINTA SPRAY PEG&UZE ETANIZ","TINTA SPRAY PEG&UZE AMARELO 300ML REF: 14564","Tinta Spray Peg&uze 300ml","indisponível","indisponível","indisponível","UN (EMB: 6)","18.61","18.6100","ESTIMADO","Média categoria PINTURA + fator variação SKU"
"PINTURA","TINTA SPRAY PEG&UZE ETANIZ","TINTA SPRAY PEG&UZE AZUL ESCURO 300ML REF: 14565","Tinta Spray Peg&uze Escuro 300ml","indisponível","indisponível","indisponível","UN (EMB: 6)","19.62","19.6200","ESTIMADO","Média categoria PINTURA + fator variação SKU"
"PINTURA","TINTA SPRAY PEG&UZE ETANIZ","TINTA SPRAY PEG&UZE BRANCO FOSCO 300ML REF: 14567","Tinta Spray Peg&uze Fosco 300ml","indisponível","indisponível","indisponível","UN (EMB: 6)","21.64","21.6400","ESTIMADO","Média categoria PINTURA + fator variação SKU"
"PINTURA","TINTA SPRAY PEG&UZE ETANIZ","TINTA SPRAY PEG&UZE CROMADO METALICO 300ML REF: 14563","Tinta Spray Peg&uze Cromado Metalico 300ml","indisponível","indisponível","indisponível","UN (EMB: 6)","17.60","17.6000","ESTIMADO","Média categoria PINTURA + fator variação SKU"
"PINTURA","TINTA SPRAY PEG&UZE ETANIZ","TINTA SPRAY PEG&UZE PRETO BRILHANTE 300ML REF: 14568","Tinta Spray Peg&uze Brilhante 300ml","indisponível","indisponível","indisponível","UN (EMB: 6)","22.65","22.6500","ESTIMADO","Média categoria PINTURA + fator variação SKU"
"PINTURA","TINTA SPRAY PEG&UZE ETANIZ","TINTA SPRAY PEG&UZE PRETO FOSCO 300ML REF: 14569","Tinta Spray Peg&uze Fosco 300ml","indisponível","indisponível","indisponível","UN (EMB: 6)","23.66","23.6600","ESTIMADO","Média categoria PINTURA + fator variação SKU"
"PINTURA","TINTA SPRAY PEG&UZE ETANIZ","TINTA SPRAY PEG&UZE VERMELHO 300ML REF: 14571","Tinta Spray Peg&uze 300ml","indisponível","indisponível","indisponível","UN (EMB: 6)","25.68","25.6800","ESTIMADO","Média categoria PINTURA + fator variação SKU"
"PINTURA","TINTA SPRAY PEG&UZE ETANIZ","TINTA SPRAY PEG&UZE VERNIZ 300ML REF: 14572","Tinta Spray Peg&uze Verniz 300ml","indisponível","indisponível","indisponível","UN (EMB: 6)","26.69","26.6900","ESTIMADO","Média categoria PINTURA + fator variação SKU"
"PINTURA","TINTA SPRAY TEKBOND","TINTA SPRAY TEKBOND ALUMINIO 350ML REF: 11901","Tinta Spray 350ml","Tekbond","indisponível","indisponível","UN (EMB: 6)","20.71","20.7100","ESTIMADO","Média categoria PINTURA + fator variação SKU"
"PINTURA","TINTA SPRAY TEKBOND","TINTA SPRAY TEKBOND AMARELO 350ML REF: 11898","Tinta Spray 350ml","Tekbond","indisponível","indisponível","UN (EMB: 6)","17.68","17.6800","ESTIMADO","Média categoria PINTURA + fator variação SKU"
"PINTURA","TINTA SPRAY TEKBOND","TINTA SPRAY TEKBOND BRANCO BRILHANTE 350ML REF: 11894","Tinta Spray Brilhante 350ml","Tekbond","indisponível","indisponível","UN (EMB: 6)","78.64","78.6400","ESTIMADO","Média categoria PINTURA + fator variação SKU"
"PINTURA","TINTA SPRAY TEKBOND","TINTA SPRAY TEKBOND BRANCO FOSCO 350ML REF: 11893","Tinta Spray Fosco 350ml","Tekbond","indisponível","indisponível","UN (EMB: 6)","77.63","77.6300","ESTIMADO","Média categoria PINTURA + fator variação SKU"
"PINTURA","TINTA SPRAY TEKBOND","TINTA SPRAY TEKBOND PRETO BRILHANTE 350ML REF: 11896","Tinta Spray Brilhante 350ml","Tekbond","indisponível","indisponível","UN (EMB: 6)","15.66","15.6600","ESTIMADO","Média categoria PINTURA + fator variação SKU"
"PINTURA","TINTA SPRAY TEKBOND","TINTA SPRAY TEKBOND PRETO FOSCO 350ML REF: 11895","Tinta Spray Fosco 350ml","Tekbond","indisponível","indisponível","UN (EMB: 6)","14.65","14.6500","ESTIMADO","Média categoria PINTURA + fator variação SKU"
"PINTURA","TINTA SPRAY TEKBOND","TINTA SPRAY TEKBOND VERMELHO 350ML REF: 11936","Tinta Spray 350ml","Tekbond","indisponível","indisponível","UN (EMB: 6)","56.06","56.0600","ESTIMADO","Média categoria PINTURA + fator variação SKU"
"PINTURA","TINTA SPRAY TEKBOND","TINTA SPRAY TEKBOND VERNIZ 350ML REF: 11902","Tinta Spray Verniz 350ml","Tekbond","indisponível","indisponível","UN (EMB: 6)","21.72","21.7200","ESTIMADO","Média categoria PINTURA + fator variação SKU"
"PINTURA","TRINCHAS","TRINCHA PRO ROMA 312 1 1/2 POLEGADA REF: 11963","Trincha Pro Roma 312 1 Polegada","indisponível","1/2","indisponível","UN (EMB: 12)","18.33","18.3300","ESTIMADO","Média categoria PINTURA + fator variação SKU"
"PINTURA","TRINCHAS","TRINCHA PRO ROMA 312 1/2 POLEGADA REF: 11960","Trincha Pro Roma 312 Polegada","indisponível","1/2","indisponível","UN (EMB: 12)","15.30","15.3000","ESTIMADO","Média categoria PINTURA + fator variação SKU"
"PINTURA","TRINCHAS","TRINCHA PRO ROMA 312 2 1/2 POLEGADA REF: 11965","Trincha Pro Roma 312 2 Polegada","indisponível","1/2","indisponível","UN (EMB: 12)","20.35","20.3500","ESTIMADO","Média categoria PINTURA + fator variação SKU"
"PINTURA","TRINCHAS","TRINCHA PRO ROMA 312 2 POLEGADA REF: 11964","Trincha Pro Roma 312 2 Polegada","indisponível","indisponível","indisponível","UN (EMB: 12)","19.34","19.3400","ESTIMADO","Média categoria PINTURA + fator variação SKU"
"PINTURA","TRINCHAS","TRINCHA PRO ROMA 312 3 POLEGADA REF: 11966","Trincha Pro Roma 312 3 Polegada","indisponível","indisponível","indisponível","UN (EMB: 12)","21.36","21.3600","ESTIMADO","Média categoria PINTURA + fator variação SKU"
"PINTURA","TRINCHAS","TRINCHA PRO ROMA 312 4 POLEGADA REF: 11967","Trincha Pro Roma 312 4 Polegada","indisponível","indisponível","indisponível","UN (EMB: 12)","22.37","22.3700","ESTIMADO","Média categoria PINTURA + fator variação SKU"
"PINTURA","TRINCHAS","TRINCHA ROMA 302 1 1/2 POLEGADA REF: 11955","Trincha Roma 302 1 Polegada","indisponível","1/2","indisponível","UN (EMB: 12)","75.25","75.2500","ESTIMADO","Média categoria PINTURA + fator variação SKU"
"PINTURA","TRINCHAS","TRINCHA ROMA 302 1 POLEGADA REF: 11954","Trincha Roma 302 1 Polegada","indisponível","indisponível","indisponível","UN (EMB: 12)","74.24","74.2400","ESTIMADO","Média categoria PINTURA + fator variação SKU"
"PINTURA","TRINCHAS","TRINCHA ROMA 302 1/2 POLEGADA REF: 11952","Trincha Roma 302 Polegada","indisponível","1/2","indisponível","UN (EMB: 12)","72.22","72.2200","ESTIMADO","Média categoria PINTURA + fator variação SKU"
"PINTURA","TRINCHAS","TRINCHA ROMA 302 2 1/2 POLEGADA REF: 11957","Trincha Roma 302 2 Polegada","indisponível","1/2","indisponível","UN (EMB: 12)","77.27","77.2700","ESTIMADO","Média categoria PINTURA + fator variação SKU"
"PINTURA","TRINCHAS","TRINCHA ROMA 302 2 POLEGADA REF: 11956","Trincha Roma 302 2 Polegada","indisponível","indisponível","indisponível","UN (EMB: 12)","76.26","76.2600","ESTIMADO","Média categoria PINTURA + fator variação SKU"
"PINTURA","TRINCHAS","TRINCHA ROMA 302 3 POLEGADA REF: 11958","Trincha Roma 302 3 Polegada","indisponível","indisponível","indisponível","UN (EMB: 12)","78.28","78.2800","ESTIMADO","Média categoria PINTURA + fator variação SKU"
"PINTURA","TRINCHAS","TRINCHA ROMA 302 3/4 POLEGADA REF: 11953","Trincha Roma 302 Polegada","indisponível","3/4","indisponível","UN (EMB: 12)","73.23","73.2300","ESTIMADO","Média categoria PINTURA + fator variação SKU"
"PINTURA","TRINCHAS","TRINCHA ROMA 302 4 POLEGADA REF: 11959","Trincha Roma 302 4 Polegada","indisponível","indisponível","indisponível","UN (EMB: 12)","79.29","79.2900","ESTIMADO","Média categoria PINTURA + fator variação SKU"
"PINTURA","TRINCHAS","TRINCHA TIGRE 519 1 POLEGADA PT REF: 14296","Trincha 519 1 Polegada","Tigre","indisponível","indisponível","UN (EMB: 12)","75.90","75.9000","ESTIMADO","Média categoria PINTURA + fator variação SKU"
"PINTURA","TRINCHAS","TRINCHA TIGRE 519 1.1/2 POLEGADA PT REF: 14297","Trincha 519 1.polegada","Tigre","1/2","indisponível","UN (EMB: 12)","76.91","76.9100","ESTIMADO","Média categoria PINTURA + fator variação SKU"
"PINTURA","TRINCHAS","TRINCHA TIGRE 519 2 POLEGADA PT REF: 14298","Trincha 519 2 Polegada","Tigre","indisponível","indisponível","UN (EMB: 12)","77.92","77.9200","ESTIMADO","Média categoria PINTURA + fator variação SKU"
"PINTURA","TRINCHAS","TRINCHA TIGRE 519 2.1/2 POLEGADA PT REF: 14299","Trincha 519 2.polegada","Tigre","1/2","indisponível","UN (EMB: 12)","78.93","78.9300","ESTIMADO","Média categoria PINTURA + fator variação SKU"
"PINTURA","TRINCHAS","TRINCHA TIGRE 519 3 POLEGADA PT REF: 14300","Trincha 519 3 Polegada","Tigre","indisponível","indisponível","UN (EMB: 12)","14.94","14.9400","ESTIMADO","Média categoria PINTURA + fator variação SKU"
"PINTURA","TRINCHAS","TRINCHA TIGRE 519 4 POLEGADA PT REF: 14301","Trincha 519 4 Polegada","Tigre","indisponível","indisponível","UN (EMB: 12)","15.95","15.9500","ESTIMADO","Média categoria PINTURA + fator variação SKU"
"PINTURA","TRINCHAS","TRINCHA TIGRE 695 1 POLEGADA GRIS REF: 14259","Trincha 695 1 Polegada Gris","Tigre","indisponível","indisponível","UN (EMB: 12)","38.53","38.5300","ESTIMADO","Média categoria PINTURA + fator variação SKU"
"PINTURA","TRINCHAS","TRINCHA TIGRE 695 1.1/2 POLEGADA GRIS REF: 14260","Trincha 695 1.polegada Gris","Tigre","1/2","indisponível","UN (EMB: 12)","39.54","39.5400","ESTIMADO","Média categoria PINTURA + fator variação SKU"
"PINTURA","TRINCHAS","TRINCHA TIGRE 695 2 POLEGADA GRIS REF: 14261","Trincha 695 2 Polegada Gris","Tigre","indisponível","indisponível","UN (EMB: 12)","40.55","40.5500","ESTIMADO","Média categoria PINTURA + fator variação SKU"
"PINTURA","TRINCHAS","TRINCHA TIGRE 695 2.1/2 POLEGADA GRIS REF: 14262","Trincha 695 2.polegada Gris","Tigre","1/2","indisponível","UN (EMB: 12)","41.56","41.5600","ESTIMADO","Média categoria PINTURA + fator variação SKU"
"PINTURA","TRINCHAS","TRINCHA TIGRE 695 3 POLEGADA GRIS REF: 14263","Trincha 695 3 Polegada Gris","Tigre","indisponível","indisponível","UN (EMB: 12)","42.57","42.5700","ESTIMADO","Média categoria PINTURA + fator variação SKU"
"PINTURA","VERNIZ","VERNIZ POLIULACK MARITIMO ACETINADO 3,6L REF: 14971","Verniz Poliulack Maritimo Acetinado 3 6l","indisponível","indisponível","indisponível","UN (EMB: 4)","35.72","35.7200","ESTIMADO","Média categoria PINTURA + fator variação SKU"
"PINTURA","VERNIZ","VERNIZ POLIULACK MARITIMO ACETINADO 900ML REF: 14972","Verniz Poliulack Maritimo Acetinado 900ml","indisponível","indisponível","indisponível","UN (EMB: 6)","36.73","36.7300","ESTIMADO","Média categoria PINTURA + fator variação SKU"
"PINTURA","VERNIZ","VERNIZ SAYERMAR MARITIMO EXTRA BRILHANTE TRANSP 750ML REF: 14970","Verniz Sayermar Maritimo Extra Brilhante Transp 750ml","indisponível","indisponível","indisponível","UN (EMB: 6)","34.71","34.7100","ESTIMADO","Média categoria PINTURA + fator variação SKU"
"PINTURA","VERNIZ POLIREX SAYERLACK 3,6L","VERNIZ POLIREX REST IMBUIA 3,6L REF: 14967","Verniz Polirex Rest Imbuia 3 6l","indisponível","indisponível","indisponível","UN (EMB: 4)","31.68","31.6800","ESTIMADO","Média categoria PINTURA + fator variação SKU"
"UTILIDADES DOMESTICAS","UTILIDADES DOMESTICAS","ARGAMASSA BASIC MISTER LIT AC I  20KG","Argamassa Basic Mister Lit Ac I 20kg","indisponível","indisponível","indisponível","SC (EMB: 1)","30.55","30.5500","ESTIMADO","Média categoria UTILIDADES DOMESTICAS + fator variação SKU"
"UTILIDADES DOMESTICAS","UTILIDADES DOMESTICAS","ARGAMASSA CERÂMICA MISTER LIT AC II  20KG","Argamassa Cerâmica Mister Lit Ac Ii 20kg","indisponível","indisponível","indisponível","SC (EMB: 1)","20.43","20.4300","ESTIMADO","Média categoria UTILIDADES DOMESTICAS + fator variação SKU"
"UTILIDADES DOMESTICAS","UTILIDADES DOMESTICAS","ARGAMASSA PORCEL. PLUS MR. LIT AC II  BR 20KG","Argamassa Porcel. Plus Mr. Lit Ac Ii 20kg","indisponível","indisponível","indisponível","SC (EMB: 1)","31.56","31.5600","ESTIMADO","Média categoria UTILIDADES DOMESTICAS + fator variação SKU"
"UTILIDADES DOMESTICAS","UTILIDADES DOMESTICAS","ARGAMASSA PORCEL. PLUS MR. LIT AC II  CZ 20KG","Argamassa Porcel. Plus Mr. Lit Ac Ii 20kg","indisponível","indisponível","indisponível","SC (EMB: 1)","32.57","32.5700","ESTIMADO","Média categoria UTILIDADES DOMESTICAS + fator variação SKU"
"UTILIDADES DOMESTICAS","UTILIDADES DOMESTICAS","ARGAMASSA SUPERLIT MULTIUSO AC III  CZ  20KG","Argamassa Superlit Multiuso Ac Iii 20kg","indisponível","indisponível","indisponível","SC (EMB: 1)","21.44","21.4400","ESTIMADO","Média categoria UTILIDADES DOMESTICAS + fator variação SKU"
"UTILIDADES DOMESTICAS","UTILIDADES DOMESTICAS","ARGAMASSA SUPERLIT PREMIUM AC III  BR  20KG","Argamassa Superlit Premium Ac Iii 20kg","indisponível","indisponível","indisponível","SC (EMB: 1)","22.45","22.4500","ESTIMADO","Média categoria UTILIDADES DOMESTICAS + fator variação SKU"
"UTILIDADES DOMESTICAS","UTILIDADES DOMESTICAS","ARGAMASSA SUPERLIT PREMIUM AC III  CZ  20KG","Argamassa Superlit Premium Ac Iii 20kg","indisponível","indisponível","indisponível","SC (EMB: 1)","33.58","33.5800","ESTIMADO","Média categoria UTILIDADES DOMESTICAS + fator variação SKU"
"UTILIDADES DOMESTICAS","UTILIDADES DOMESTICAS","GRAUTE BARONE SC 25 KG REF: 13944","Graute 25 Kg","Barone","indisponível","indisponível","SC (EMB: 1)","49.34","49.3400","ESTIMADO","Média categoria UTILIDADES DOMESTICAS + fator variação SKU"
"UTILIDADES DOMESTICAS","UTILIDADES DOMESTICAS","MASSA PRONTA MISTER LIT 20KG","Massa Pronta Mister Lit 20kg","indisponível","indisponível","indisponível","SC (EMB: 1)","19.42","19.4200","ESTIMADO","Média categoria UTILIDADES DOMESTICAS + fator variação SKU"
"UTILIDADES DOMESTICAS","UTILIDADES DOMESTICAS","REJUNTE ACRILICO BRANCO MR LIT 1KG","Rejunte Acrilico Mr Lit 1kg","indisponível","indisponível","indisponível","SC (EMB: 1)","27.52","27.5200","ESTIMADO","Média categoria UTILIDADES DOMESTICAS + fator variação SKU"
"UTILIDADES DOMESTICAS","UTILIDADES DOMESTICAS","REJUNTE ACRILICO CINZA CLARO MR LIT 1KG","Rejunte Acrilico Claro Mr Lit 1kg","indisponível","indisponível","indisponível","SC (EMB: 1)","28.53","28.5300","ESTIMADO","Média categoria UTILIDADES DOMESTICAS + fator variação SKU"
"UTILIDADES DOMESTICAS","UTILIDADES DOMESTICAS","REJUNTE ACRILICO CINZA STONE MR LIT 1KG","Rejunte Acrilico Stone Mr Lit 1kg","indisponível","indisponível","indisponível","SC (EMB: 1)","29.54","29.5400","ESTIMADO","Média categoria UTILIDADES DOMESTICAS + fator variação SKU"
"UTILIDADES DOMESTICAS","UTILIDADES DOMESTICAS","REJUNTE MULTIUSO BEGE MR LIT 1KG","Rejunte Multiuso Bege Mr Lit 1kg","indisponível","indisponível","indisponível","SC (EMB: 1)","23.46","23.4600","ESTIMADO","Média categoria UTILIDADES DOMESTICAS + fator variação SKU"
"UTILIDADES DOMESTICAS","UTILIDADES DOMESTICAS","REJUNTE MULTIUSO BRANCO MR LIT 1KG","Rejunte Multiuso Mr Lit 1kg","indisponível","indisponível","indisponível","SC (EMB: 1)","24.47","24.4700","ESTIMADO","Média categoria UTILIDADES DOMESTICAS + fator variação SKU"
"UTILIDADES DOMESTICAS","UTILIDADES DOMESTICAS","REJUNTE MULTIUSO CINZA CLARO MR LIT 1KG","Rejunte Multiuso Claro Mr Lit 1kg","indisponível","indisponível","indisponível","SC (EMB: 1)","25.48","25.4800","ESTIMADO","Média categoria UTILIDADES DOMESTICAS + fator variação SKU"
"UTILIDADES DOMESTICAS","UTILIDADES DOMESTICAS","REJUNTE MULTIUSO CINZA STONE MR LIT 1KG","Rejunte Multiuso Stone Mr Lit 1kg","indisponível","indisponível","indisponível","SC (EMB: 1)","25.50","25.5000","ESTIMADO","Média categoria UTILIDADES DOMESTICAS + fator variação SKU"
"UTILIDADES DOMESTICAS","UTILIDADES DOMESTICAS","REJUNTE MULTIUSO PRETO MR LIT 1KG","Rejunte Multiuso Mr Lit 1kg","indisponível","indisponível","indisponível","SC (EMB: 1)","26.51","26.5100","ESTIMADO","Média categoria UTILIDADES DOMESTICAS + fator variação SKU"