categoria_pai,subcategoria,nome_bruto,nome_limpo,marca,sku,preco,unidade_venda,estoque,url_produto
"GERAL","GERAL","QUARTZOLIT - REJUNTE PISCINA AZUL COBALTO 5KG","Quartzolit Rejunte Piscina Cobalto 5kg","QUARTZOLIT","CON-164496","256.08","EMB: 1","Disponível","https://www.construja.com.br/produto/164496/quartzolit-rejunte-piscina-azul-cobalto-5kg"
"GERAL","GERAL","OVERTIME - FELTRO ADESIVO QUAD 3,0CM PT 8PÇ","Overtime Feltro Adesivo Quad 3 0cm 8pç","OVERTIME","CON-15541","2.43","EMB: 12","Disponível","https://www.construja.com.br/produto/15541/overtime-feltro-adesivo-quad-30cm-pt-8p"
"GERAL","GERAL","JUNTALIDER - CORANTE PO SALMAO 500G**","Juntalider Corante Po Salmao 500g**","JUNTALIDER","CON-164622","13.99","EMB: 1","Disponível","https://www.construja.com.br/produto/164622/juntalider-corante-po-salmao-500g"
"GERAL","GERAL","SAMPAFLEX - TINTA PO AZUL 5KG","Sampaflex Tinta Po 5kg","SAMPAFLEX","CON-16427","14.78","EMB: 5","Disponível","https://www.construja.com.br/produto/16427/sampaflex-tinta-po-azul-5kg"
"GERAL","GERAL","TRAMON - CJ LIZ 4X2 GRAFITE (2 TOM 10A) 57173065","Tramon Cj Liz Grafite (2 Tom ) 57173065","TRAMON","CON-166680","16.39","EMB: 1","Disponível","https://www.construja.com.br/produto/166680/tramon-cj-liz-4x2-grafite-2-tom-10a-57173065"
"GERAL","GERAL","ILUMI - EXTEN TRIP PL 2P 10A 2X0,75X05M BR 17921","Exten Trip Pl 2p 75x05m 17921","ILUMI","CON-112206","20.16","EMB: 1","Disponível","https://www.construja.com.br/produto/112206/ilumi-exten-trip-pl-2p-10a-2x075x05m-br-17921"
"GERAL","GERAL","JUNTALIDER - REJUNTE PORCELANATO BEGE 1KG","Juntalider Rejunte Porcelanato Bege 1kg","JUNTALIDER","CON-14202","4.02","EMB: 20","Disponível","https://www.construja.com.br/produto/14202/juntalider-rejunte-porcelanato-bege-1kg"
"GERAL","GERAL","KRONA - CURVA CURTA ESG  75X90","Curva Curta Esg","KRONA","CON-132111","17.57","EMB: 1","Disponível","https://www.construja.com.br/produto/132111/krona-curva-curta-esg-75x90"
"GERAL","GERAL","MEC - CJ MILL 4X2 BR (TOM 10A) 39025","Mec Cj Mill (tom ) 39025","MEC","CON-126278","5.46","EMB: 5","Disponível","https://www.construja.com.br/produto/126278/mec-cj-mill-4x2-br-tom-10a-39025"
"GERAL","GERAL","NOVACOR - TINTA ACR PISO ULTRA 18L AM DEMARC**","Novacor Tinta Acr Piso Ultra 18l Demarc**","NOVACOR","CON-149413","506.10","EMB: 1","Disponível","https://www.construja.com.br/produto/149413/novacor-tinta-acr-piso-ultra-18l-am-demarc"
"GERAL","GERAL","ESTRELA - RALO INVISIVEL 10X10 BEGE","Estrela Ralo Invisivel Bege","ESTRELA","CON-143191","26.52","EMB: 1","Disponível","https://www.construja.com.br/produto/143191/estrela-ralo-invisivel-10x10-bege"
"GERAL","GERAL","ESTRELA - RALO LINEAR ABS 05X50CM BRANCO SMART","Estrela Ralo Linear Abs 05x50cm Smart","ESTRELA","CON-143224","61.05","EMB: 1","Disponível","https://www.construja.com.br/produto/143224/estrela-ralo-linear-abs-05x50cm-branco-smart"
"GERAL","GERAL","ALIANÇA - TRANQUETA P/ POSTIGO BICO VIRADO 86108/4","Aliança Tranqueta P Postigo Bico Virado","ALIANÇA","CON-137262","7.38","EMB: 20","Disponível","https://www.construja.com.br/produto/137262/aliana-tranqueta-p-postigo-bico-virado-861084"
"GERAL","GERAL","KRONA - TE LLR  1/2","Te Llr","KRONA","CON-132582","3.24","EMB: 20","Disponível","https://www.construja.com.br/produto/132582/krona-te-llr-12"
"GERAL","GERAL","BIKI - CX PASSAGEM PVC SOBR 102X102X55 B111","Biki Passagem Sobr 102x102x55 B111","BIKI","CON-113237","15.33","EMB: 1","Disponível","https://www.construja.com.br/produto/113237/biki-cx-passagem-pvc-sobr-102x102x55-b111"
"GERAL","GERAL","MEGATRON - FIO PARALELO BR 2X1,00 R/100M","Megatron Fio Paralelo 00 R","MEGATRON","CON-146262","276.58","EMB: 1","Disponível","https://www.construja.com.br/produto/146262/megatron-fio-paralelo-br-2x100-r100m"
"GERAL","GERAL","FRATI - CLIPS GALV (F) 1/2","Frati Clips Galv (f)","FRATI","CON-184170","4.75","EMB: 10","Disponível","https://www.construja.com.br/produto/184170/frati-clips-galv-f-12"
"GERAL","GERAL","VJ - PREGO AÇO NIQUEL 15X15 S/CAB %","Vj Prego Niquel S Cab %","VJ","CON-11185","11.14","EMB: 1","Disponível","https://www.construja.com.br/produto/11185/vj-prego-ao-niquel-15x15-scab"
"GERAL","GERAL","STECK - PROTETOR SURTO DPS 275V 40KA CLASSE B","Steck Protetor Surto Dps 275v 40ka Classe B","STECK","CON-159238","63.00","EMB: 1","Disponível","https://www.construja.com.br/produto/159238/steck-protetor-surto-dps-275v-40ka-classe-b"
"GERAL","GERAL","AMANCO - LUVA RR 2","Luva Rr 2","AMANCO","CON-158605","32.58","EMB: 8","Disponível","https://www.construja.com.br/produto/158605/amanco-luva-rr-2"
"GERAL","GERAL","LORENZETTI - DUCHA BELLA DUCHA ULTRA AZ 6800X220","Ducha Bella Ducha Ultra","LORENZETTI","CON-127539","89.59","EMB: 1","Disponível","https://www.construja.com.br/produto/127539/lorenzetti-ducha-bella-ducha-ultra-az-6800x220"
"GERAL","GERAL","THOMPSON - CACAMBA PINTURA 12L","Thompson Cacamba Pintura 12l","THOMPSON","CON-180194","17.04","EMB: 1","Disponível","https://www.construja.com.br/produto/180194/thompson-cacamba-pintura-12l"
"GERAL","GERAL","TEK BOND - COLA CONTATO 2,8KG","Tek Bond Cola Contato 2 8kg","TEK BOND","CON-185317","104.19","EMB: 1","Disponível","https://www.construja.com.br/produto/185317/tek-bond-cola-contato-28kg"
"GERAL","GERAL","IRWIN - BROCA AÇO RAPIDO  1,0MM","Broca Rapido","IRWIN","CON-17001","0.00","EMB: 10","SEM ESTOQUE","https://www.construja.com.br/produto/17001/irwin-broca-ao-rapido-10mm"
"GERAL","GERAL","KRONA - TE LLL 11/2","Te Lll","KRONA","CON-13269","7.63","EMB: 10","Disponível","https://www.construja.com.br/produto/13269/krona-te-lll-112"
"GERAL","GERAL","QUARTZOLIT - REJUNTE PORCELANATO CAIRO 5KG","Quartzolit Rejunte Porcelanato Cairo 5kg","QUARTZOLIT","CON-164676","46.97","EMB: 1","Disponível","https://www.construja.com.br/produto/164676/quartzolit-rejunte-porcelanato-cairo-5kg"
"GERAL","GERAL","INTERNEED - EMENDA T JACK F","Interneed Emenda T Jack F","INTERNEED","CON-113120","1.86","EMB: 30","Disponível","https://www.construja.com.br/produto/113120/interneed-emenda-t-jack-f"
"GERAL","GERAL","ALUMASA - ASSENTO SANIT CAR ALMOF OVAL","Alumasa Assento Sanit Car Almof Oval","ALUMASA","CON-139310","54.83","EMB: 1","Disponível","https://www.construja.com.br/produto/139310/alumasa-assento-sanit-car-almof-oval"
"GERAL","GERAL","TERMOLAR - CAIXA TERM 08L MARROM CAFE SUV 3500","Termolar Term 08l Cafe Suv 3500","TERMOLAR","CON-188349","68.47","EMB: 1","Disponível","https://www.construja.com.br/produto/188349/termolar-caixa-term-08l-marrom-cafe-suv-3500"
"GERAL","GERAL","COMPEL - EXTENSOR P/ ROLO PINTURA 5,00M","Compel Extensor P Pintura","COMPEL","CON-199640","87.49","EMB: 1","Disponível","https://www.construja.com.br/produto/199640/compel-extensor-p-rolo-pintura-500m"
"GERAL","GERAL","ANNLUX - FUSIVEL DE VIDRO TIPO  3AG  0,50A","Annlux Fusivel De Vidro Tipo 3ag 0","ANNLUX","CON-139601","0.32","EMB: 50","Disponível","https://www.construja.com.br/produto/139601/annlux-fusivel-de-vidro-tipo-3ag-050a"
"GERAL","GERAL","MEC - PL MILL 4X4 BR (TOM C/ FURO) 39203","Mec Pl Mill (tom C Furo) 39203","MEC","CON-126318","4.17","EMB: 5","Disponível","https://www.construja.com.br/produto/126318/mec-pl-mill-4x4-br-tom-c-furo-39203"
"GERAL","GERAL","TRIFIXI - BUCHA PLASTICA 10 C/250**","Trifixi Bucha Plastica 10 C 250**","TRIFIXI","CON-192002","28.12","EMB: 1","Disponível","https://www.construja.com.br/produto/192002/trifixi-bucha-plastica-10-c250"
"GERAL","GERAL","SACARIA ISAC - SACO ENTULHO 50KG 50X75","Sacaria Isac Entulho 50kg","SACARIA ISAC","CON-181171","1.97","EMB: 5","Disponível","https://www.construja.com.br/produto/181171/sacaria-isac-saco-entulho-50kg-50x75"
"GERAL","GERAL","BQI - BARRA ROSC GALV A 3/16X1,0M NC","Bqi Rosc Galv A 3 Nc","BQI","CON-100100","2.59","EMB: 10","Disponível","https://www.construja.com.br/produto/100100/bqi-barra-rosc-galv-a-316x10m-nc"
"GERAL","GERAL","KRONA - ASSENTO SANIT CZ CL ENVOLV PREMIER","Assento Sanit Cl Envolv Premier","KRONA","CON-132147","36.44","EMB: 1","Disponível","https://www.construja.com.br/produto/132147/krona-assento-sanit-cz-cl-envolv-premier"
"GERAL","GERAL","LORENZETTI - BRAÇO CHUVEIRO PVC 30CM 1/2 BR","Chuveiro Pvc 30cm Br","LORENZETTI","CON-127204","35.05","EMB: 1","Disponível","https://www.construja.com.br/produto/127204/lorenzetti-brao-chuveiro-pvc-30cm-12-br"
"GERAL","GERAL","PLASTCOR - FITA DEMARC SOLO VM 48X30","Plastcor Fita Demarc Solo","PLASTCOR","CON-151315","24.18","EMB: 1","Disponível","https://www.construja.com.br/produto/151315/plastcor-fita-demarc-solo-vm-48x30"
"GERAL","GERAL","MORLAN - TELA GALV MANGUEIRAO 3X18X1,20 50M","Morlan Tela Galv Mangueirao 3x18x1 20","MORLAN","CON-111199","0.00","EMB: 1","SEM ESTOQUE","https://www.construja.com.br/produto/111199/morlan-tela-galv-mangueirao-3x18x120-50m"
"GERAL","GERAL","FAMASTIL - CHAVE PHILLIPS CRV C/ PI 5/16X05","Famastil Chave Phillips Crv C Pi 5","FAMASTIL","CON-18442","12.44","EMB: 1","Disponível","https://www.construja.com.br/produto/18442/famastil-chave-phillips-crv-c-pi-516x05"
"GERAL","GERAL","REBOUCAS - REG ESFERA PVC IRRIGAÇAO  20MM AZ","Reboucas Reg Esfera Irrigaçao","REBOUCAS","CON-132968","5.03","EMB: 10","Disponível","https://www.construja.com.br/produto/132968/reboucas-reg-esfera-pvc-irrigaao-20mm-az"
"GERAL","GERAL","THOMPSON - CONECTOR 03 BORNE 16MM","Thompson Conector 03 Borne","THOMPSON","CON-116180","4.79","EMB: 10","Disponível","https://www.construja.com.br/produto/116180/thompson-conector-03-borne-16mm"
"GERAL","GERAL","PROTEGE & DECORA - TINTA ACR PREM  3,6L ELEFANTE**","Protege & Decora Tinta Acr Prem 3 6l Elefante**","PROTEGE & DECORA","CON-105527","88.08","EMB: 1","Disponível","https://www.construja.com.br/produto/105527/protege-decora-tinta-acr-prem-36l-elefante"
"GERAL","GERAL","SEA - GRELHA ABS RED 10CM BR ANTI INSETO","Sea Grelha Abs Red 10cm Anti Inseto","SEA","CON-159734","5.97","EMB: 1","Disponível","https://www.construja.com.br/produto/159734/sea-grelha-abs-red-10cm-br-anti-inseto"
"GERAL","GERAL","PRIME GRILL - GARRA URSO P/CHURRASCO 06 DENTES**","Prime Grill Garra Urso P Churrasco 06 Dentes**","PRIME GRILL","CON-188405","29.53","EMB: 1","Disponível","https://www.construja.com.br/produto/188405/prime-grill-garra-urso-pchurrasco-06-dentes"
"GERAL","GERAL","KRONA - TE ESG 150X100","Te Esg","KRONA","CON-132142","51.13","EMB: 1","Disponível","https://www.construja.com.br/produto/132142/krona-te-esg-150x100"
"GERAL","GERAL","THOMPSON - DISCO LIXA C/ VELCRO C/F 040 180MM C/10","Thompson Disco Lixa C Velcro C F 040 C 10","THOMPSON","CON-179238","15.80","EMB: 1","Disponível","https://www.construja.com.br/produto/179238/thompson-disco-lixa-c-velcro-cf-040-180mm-c10"
"GERAL","GERAL","OVERTIME - CANTON MOVEIS BICRO 2 50PÇ LEVE","Overtime Canton Moveis Bicro 2 50pç Leve","OVERTIME","CON-155140","32.54","EMB: 1","Disponível","https://www.construja.com.br/produto/155140/overtime-canton-moveis-bicro-2-50p-leve"
"GERAL","GERAL","METALATEX - BASE Z ACR REQUINTE COLOR 16L","Metalatex Base Z Acr Requinte Color 16l","METALATEX","CON-112108","529.16","EMB: 1","Disponível","https://www.construja.com.br/produto/112108/metalatex-base-z-acr-requinte-color-16l"
"GERAL","GERAL","TRAMON - CHAVE PHILLIPS C 3/16X05 AMARELO","Tramon Chave Phillips C 3","TRAMON","CON-166397","6.78","EMB: 1","Disponível","https://www.construja.com.br/produto/166397/tramon-chave-phillips-c-316x05-amarelo"
"GERAL","GERAL","CADIZ - SUP P/ VARAO SIMPLES 28MM MARFIM","Cadiz Sup P Varao Simples Marfim","CADIZ","CON-182271","4.41","EMB: 1","Disponível","https://www.construja.com.br/produto/182271/cadiz-sup-p-varao-simples-28mm-marfim"
"GERAL","GERAL","GRAP - TORN BOIA CX DESC 1/2","Grap Torn Boia Desc","GRAP","CON-18775","6.64","EMB: 12","Disponível","https://www.construja.com.br/produto/18775/grap-torn-boia-cx-desc-12"
"GERAL","GERAL","PRATIMIX - RESIST TIPO KIBANHO/CLIMA FRIO 5200X127V","Pratimix Resist Tipo Kibanho Clima Frio 5200x127v","PRATIMIX","CON-127458","20.55","EMB: 1","Disponível","https://www.construja.com.br/produto/127458/pratimix-resist-tipo-kibanhoclima-frio-5200x127v"
"GERAL","GERAL","ILUMI - CX CFTV PVC SOBR 112X112","Cftv Sobr","ILUMI","CON-122549","13.82","EMB: 1","Disponível","https://www.construja.com.br/produto/122549/ilumi-cx-cftv-pvc-sobr-112x112"
"GERAL","GERAL","ANNLUX - CAPACITOR 4+6UF 400VAC 3 FIOS 404","Annlux Capacitor 4+6uf 400vac 3 Fios 404","ANNLUX","CON-139755","11.78","EMB: 1","Disponível","https://www.construja.com.br/produto/139755/annlux-capacitor-46uf-400vac-3-fios-404"
"GERAL","GERAL","VIQUA - TORN LAV ABS/BR FOZ","Viqua Torn Lav Abs Foz","VIQUA","CON-12438","13.33","EMB: 1","Disponível","https://www.construja.com.br/produto/12438/viqua-torn-lav-absbr-foz"
"GERAL","GERAL","NEW-FIX - PARAF CHIPB C/FLANGEADA PHS BICR 3,5X25","New Fix Paraf Chipb C Flangeada Phs Bicr 3","NEW","CON-191650","4.13","EMB: 5","Disponível","https://www.construja.com.br/produto/191650/new-fix-paraf-chipb-cflangeada-phs-bicr-35x25"
"GERAL","GERAL","NEW-FIX - PARAF SEXT SOBERBA [01] 3/16X25","New Fix Paraf Sext Soberba [01] 3","NEW","CON-191435","9.45","EMB: 5","Disponível","https://www.construja.com.br/produto/191435/new-fix-paraf-sext-soberba-01-316x25"
"GERAL","GERAL","EDA - CHAVE BIELA 13MM","Eda Chave Biela","EDA","CON-180473","19.43","EMB: 1","Disponível","https://www.construja.com.br/produto/180473/eda-chave-biela-13mm"
"GERAL","GERAL","FAMASTIL - CHAVE FENDA CRV C/PI 1/8X3 LARANJA","Famastil Chave Fenda Crv C Pi 1 Laranja","FAMASTIL","CON-18468","4.64","EMB: 1","Disponível","https://www.construja.com.br/produto/18468/famastil-chave-fenda-crv-cpi-18x3-laranja"
"GERAL","GERAL","HIDROLIX - LIXA D AGUA  360 T245","Hidrolix Lixa D Agua 360 T245","HIDROLIX","CON-14144","1.17","EMB: 25","Disponível","https://www.construja.com.br/produto/14144/hidrolix-lixa-d-agua-360-t245"
"GERAL","GERAL","ANNLUX - FUSIVEL DE VIDRO TIPO  3AG  3,00A","Annlux Fusivel De Vidro Tipo 3ag 3","ANNLUX","CON-139606","0.32","EMB: 50","Disponível","https://www.construja.com.br/produto/139606/annlux-fusivel-de-vidro-tipo-3ag-300a"
"GERAL","GERAL","COMPEL - GARFO C/GAIOLA H/LONGA 2080/65","Compel Garfo C Gaiola H Longa","COMPEL","CON-176264","15.45","EMB: 1","Disponível","https://www.construja.com.br/produto/176264/compel-garfo-cgaiola-hlonga-208065"
"GERAL","GERAL","FERRARI - BOMBA DAGUA PERIF  1/2CV 127V ACQUAPUM","Ferrari Bomba Dagua Perif 1 2cv Acquapum","FERRARI","CON-135250","151.32","EMB: 1","Disponível","https://www.construja.com.br/produto/135250/ferrari-bomba-dagua-perif-12cv-127v-acquapum"
"GERAL","GERAL","PRIMAFER - ARMARIO BANH BR REVERS PR5055-2","Primafer Armario Banh Revers Pr5055 2","PRIMAFER","CON-149142","48.77","EMB: 1","Disponível","https://www.construja.com.br/produto/149142/primafer-armario-banh-br-revers-pr5055-2"
"GERAL","GERAL","BLUKIT - ACABAMENTO VALV BR GELO HYDRA LUXO/MAST","Blukit Acabamento Valv Gelo Hydra Luxo Mast","BLUKIT","CON-182462","37.06","EMB: 1","Disponível","https://www.construja.com.br/produto/182462/blukit-acabamento-valv-br-gelo-hydra-luxomast"
"GERAL","GERAL","ATLAS - EXTENSOR P/ ROLO PINTURA 3,00M","Atlas Extensor P Pintura","ATLAS","CON-14937","39.88","EMB: 1","Disponível","https://www.construja.com.br/produto/14937/atlas-extensor-p-rolo-pintura-300m"
"GERAL","GERAL","GRAP - GRELHA PVC RED 15CM BR","Grap Grelha Red 15cm","GRAP","CON-187257","3.68","EMB: 6","Disponível","https://www.construja.com.br/produto/187257/grap-grelha-pvc-red-15cm-br"
"GERAL","GERAL","AMANCO - TE LLL 3.","Te Lll 3.","AMANCO","CON-158549","90.87","EMB: 1","Disponível","https://www.construja.com.br/produto/158549/amanco-te-lll-3"
"GERAL","GERAL","VIQUA - TORN LAV ABS/BR MARUJA","Viqua Torn Lav Abs Maruja","VIQUA","CON-12449","13.25","EMB: 1","Disponível","https://www.construja.com.br/produto/12449/viqua-torn-lav-absbr-maruja"
"GERAL","GERAL","STARRETT - SERRA COPO DIAM PRO SECO  45MM","Serra Copo Diam Pro Seco","STARRETT","CON-156306","125.40","EMB: 1","Disponível","https://www.construja.com.br/produto/156306/starrett-serra-copo-diam-pro-seco-45mm"
"GERAL","GERAL","INTELBRAS - TELEF PLENO PT**","Intelbras Telef Pleno **","INTELBRAS","CON-113256","61.16","EMB: 1","Disponível","https://www.construja.com.br/produto/113256/intelbras-telef-pleno-pt"
"GERAL","GERAL","EUCATEX - TINTA ACR EXTRA PISO FOSCO 18L VERDE","Eucatex Tinta Acr Extra Piso Fosco 18l","EUCATEX","CON-163375","212.10","EMB: 1","Disponível","https://www.construja.com.br/produto/163375/eucatex-tinta-acr-extra-piso-fosco-18l-verde"
"GERAL","GERAL","SIL - CABO FLEX 10,00 BR R/100M","Cabo Flex 10 00 R","SIL","CON-146528","1238.25","EMB: 1","Disponível","https://www.construja.com.br/produto/146528/sil-cabo-flex-1000-br-r100m"
"GERAL","GERAL","HERC - TORN FILTRO AUTOM ABS BR 359","Herc Torn Filtro Autom Abs 359","HERC","CON-177101","7.87","EMB: 12","Disponível","https://www.construja.com.br/produto/177101/herc-torn-filtro-autom-abs-br-359"
"GERAL","GERAL","PLASTCOR - CAPA CHUVA FORR GG AM TIPO MORCEGO","Plastcor Capa Chuva Forr Gg Tipo Morcego","PLASTCOR","CON-151296","23.40","EMB: 1","Disponível","https://www.construja.com.br/produto/151296/plastcor-capa-chuva-forr-gg-am-tipo-morcego"
"GERAL","GERAL","NEW-FIX - PARAF DRYWALL TROMBETA AGULHA PHS 3,5X45","New Fix Paraf Drywall Trombeta Agulha Phs 3","NEW","CON-10988","7.24","EMB: 5","Disponível","https://www.construja.com.br/produto/10988/new-fix-paraf-drywall-trombeta-agulha-phs-35x45"
"GERAL","GERAL","CORTAG - ESPAÇADOR FERR CIRCULAR 25MM C/24PÇS","Cortag Espaçador Ferr Circular C 24pçs","CORTAG","CON-181218","9.71","EMB: 1","Disponível","https://www.construja.com.br/produto/181218/cortag-espaador-ferr-circular-25mm-c24ps"
"GERAL","GERAL","IBERÊ - CATALISADOR MASSA PLAST","Iberê Catalisador Massa Plast","IBERÊ","CON-16359","2.97","EMB: 25","Disponível","https://www.construja.com.br/produto/16359/iber-catalisador-massa-plast"
"GERAL","GERAL","FERJA - ENXADAO ESTREITO 2,5 CABO MAD 1,50M","Ferja Enxadao Estreito 2 5 Cabo Mad","FERJA","CON-190565","33.37","EMB: 1","Disponível","https://www.construja.com.br/produto/190565/ferja-enxadao-estreito-25-cabo-mad-150m"
"GERAL","GERAL","ROMA - MARTELO BORRACHA 60 PT","Roma Martelo Borracha 60","ROMA","CON-199177","12.33","EMB: 1","Disponível","https://www.construja.com.br/produto/199177/roma-martelo-borracha-60-pt"
"GERAL","GERAL","TRAMON - CJ ARIA 4X2 BR (1P) 57241002","Tramon Cj Aria (1p) 57241002","TRAMON","CON-166622","8.91","EMB: 1","Disponível","https://www.construja.com.br/produto/166622/tramon-cj-aria-4x2-br-1p-57241002"
"GERAL","GERAL","ACQUAFLEX - MANG MULTIUSO TRANÇ 3/8X3,0 R/50M 07K","Acquaflex Mang Multiuso Tranç 3 0 R 07k","ACQUAFLEX","CON-110258","248.74","EMB: 1","Disponível","https://www.construja.com.br/produto/110258/acquaflex-mang-multiuso-tran-38x30-r50m-07k"
"GERAL","GERAL","LUKMA - TERM PRE-ISOL FORQUI 4MM/6,00MM F5 AM","Lukma Term Pre Isol Forqui 6 00mm F5","LUKMA","CON-159519","50.20","EMB: 1","Disponível","https://www.construja.com.br/produto/159519/lukma-term-pre-isol-forqui-4mm600mm-f5-am"
"GERAL","GERAL","THOMPSON - COLHER PEDR SOLDADA 07 RETO","Thompson Colher Pedr Soldada 07 Reto","THOMPSON","CON-17828","11.35","EMB: 1","Disponível","https://www.construja.com.br/produto/17828/thompson-colher-pedr-soldada-07-reto"
"GERAL","GERAL","THOMPSON - LUVA MAO TRIC PIGM 3F BR 09CM (G)LEVE","Thompson Luva Mao Tric Pigm 3f 09cm (g)leve","THOMPSON","CON-180587","2.50","EMB: 12","Disponível","https://www.construja.com.br/produto/180587/thompson-luva-mao-tric-pigm-3f-br-09cm-gleve"
"GERAL","GERAL","ASTRA - MECANISMO SAIDA UNIV SUP CR 3/6L MSUD","Astra Mecanismo Saida Univ Sup Cr 3 6l Msud","ASTRA","CON-194337","0.00","EMB: 1","SEM ESTOQUE","https://www.construja.com.br/produto/194337/astra-mecanismo-saida-univ-sup-cr-36l-msud"
"GERAL","GERAL","LORENZETTI - DUCHA ADVANCED ELETR 7500X220","Ducha Advanced Eletr","LORENZETTI","CON-127364","258.27","EMB: 1","Disponível","https://www.construja.com.br/produto/127364/lorenzetti-ducha-advanced-eletr-7500x220"
"GERAL","GERAL","FERJA - SELANTE PU40 PRETO 420G USO GERAL","Ferja Selante Pu40 420g Uso Geral","FERJA","CON-190057","11.88","EMB: 1","Disponível","https://www.construja.com.br/produto/190057/ferja-selante-pu40-preto-420g-uso-geral"
"GERAL","GERAL","ADERE - FITA DUP FACE ACRI IN/EX 19X20M 4KG","Adere Fita Dup Face Acri In Ex 19x20m 4kg","ADERE","CON-164558","36.31","EMB: 1","Disponível","https://www.construja.com.br/produto/164558/adere-fita-dup-face-acri-inex-19x20m-4kg"
"GERAL","GERAL","JE - REDUÇAO ESG  250X150 MOLD.","Je Reduçao Esg Mold.","JE","CON-143270","0.00","EMB: 1","SEM ESTOQUE","https://www.construja.com.br/produto/143270/je-reduao-esg-250x150-mold"
"GERAL","GERAL","PIX - PILHA ALCALINA PAQ AA C/2P*","Pix Pilha Alcalina Paq Aa C 2p*","PIX","CON-146668","11.88","EMB: 12","Disponível","https://www.construja.com.br/produto/146668/pix-pilha-alcalina-paq-aa-c2p"
"GERAL","GERAL","POLISTEN - STAIN IMP MOGNO  900ML","Polisten Stain Imp Mogno 900ml","POLISTEN","CON-16337","60.00","EMB: 1","Disponível","https://www.construja.com.br/produto/16337/polisten-stain-imp-mogno-900ml"
"GERAL","GERAL","SFOR - BUCHA TIJOLO FUR 08 CZ C/500PÇ SFU","Sfor Bucha Tijolo Fur 08 C 500pç Sfu","SFOR","CON-118372","40.28","EMB: 1","Disponível","https://www.construja.com.br/produto/118372/sfor-bucha-tijolo-fur-08-cz-c500p-sfu"
"GERAL","GERAL","LUKMA - FITA ISOLANTE BRANCA 20M","Lukma Fita Isolante Branca","LUKMA","CON-159638","4.62","EMB: 10","Disponível","https://www.construja.com.br/produto/159638/lukma-fita-isolante-branca-20m"
"GERAL","GERAL","SIKA 1  1L SACHE","Sika 1 1l Sache","SIKA","CON-164226","10.73","EMB: 1","Disponível","https://www.construja.com.br/produto/164226/sika-1-1l-sache"
"GERAL","GERAL","FERJA - FOICE RONCA FECHADA CABO MAD 1,05M","Ferja Foice Ronca Fechada Cabo Mad","FERJA","CON-190039","44.07","EMB: 1","Disponível","https://www.construja.com.br/produto/190039/ferja-foice-ronca-fechada-cabo-mad-105m"
"GERAL","GERAL","FERJA - LIMPADOR PORCELANATO 1LT","Ferja Limpador Porcelanato 1lt","FERJA","CON-190317","20.06","EMB: 1","Disponível","https://www.construja.com.br/produto/190317/ferja-limpador-porcelanato-1lt"
"GERAL","GERAL","MAXI RUBBER - CATALISADOR ESMALTE SINTETICO","Maxi Rubber Catalisador Esmalte Sintetico","MAXI RUBBER","CON-13827","18.82","EMB: 1","Disponível","https://www.construja.com.br/produto/13827/maxi-rubber-catalisador-esmalte-sintetico"
"GERAL","GERAL","SAMPAFLEX - REJUNTE PORCELANATO CINZA ARTICO 1KG","Sampaflex Rejunte Porcelanato Artico 1kg","SAMPAFLEX","CON-16416","3.33","EMB: 20","Disponível","https://www.construja.com.br/produto/16416/sampaflex-rejunte-porcelanato-cinza-artico-1kg"
"GERAL","GERAL","TRIONITE - LIXA FERRO 180 K296","Trionite Lixa Ferro 180 K296","TRIONITE","CON-14109","2.23","EMB: 25","Disponível","https://www.construja.com.br/produto/14109/trionite-lixa-ferro-180-k296"
"GERAL","GERAL","ALMAFLEX - COLA BR 1KG EXTRA","Almaflex Cola 1kg Extra","ALMAFLEX","CON-180518","16.97","EMB: 12","Disponível","https://www.construja.com.br/produto/180518/almaflex-cola-br-1kg-extra"
"GERAL","GERAL","NOVA TINTAS - CX MASSA 60X17X40 PT 40L","Nova Tintas Massa 60x17x40 40l","NOVA TINTAS","CON-138310","29.58","EMB: 1","Disponível","https://www.construja.com.br/produto/138310/nova-tintas-cx-massa-60x17x40-pt-40l"
"GERAL","GERAL","CORTAG - ESPAÇADOR NIVEL ECO 1,5MM C/50PÇS","Cortag Espaçador Nivel Eco C 50pçs","CORTAG","CON-181186","13.18","EMB: 1","Disponível","https://www.construja.com.br/produto/181186/cortag-espaador-nivel-eco-15mm-c50ps"
"GERAL","GERAL","TEK BOND - APLICADOR SILICONE PROF","Tek Bond Aplicador Silicone Prof","TEK BOND","CON-185348","41.52","EMB: 1","Disponível","https://www.construja.com.br/produto/185348/tek-bond-aplicador-silicone-prof"
"GERAL","GERAL","LUKMA - CHAVE GANGORRA RED ON-OFF VM","Lukma Chave Gangorra Red On Off","LUKMA","CON-159814","4.46","EMB: 5","Disponível","https://www.construja.com.br/produto/159814/lukma-chave-gangorra-red-on-off-vm"
"GERAL","GERAL","FRATI - MOSQUETAO TRAVA SIMPLES GALV 08X80","Frati Mosquetao Trava Simples Galv","FRATI","CON-184142","6.79","EMB: 10","Disponível","https://www.construja.com.br/produto/184142/frati-mosquetao-trava-simples-galv-08x80"
"GERAL","GERAL","THOMPSON - COLHER PEDR SOLDADA 08 RETO","Thompson Colher Pedr Soldada 08 Reto","THOMPSON","CON-17829","11.90","EMB: 1","Disponível","https://www.construja.com.br/produto/17829/thompson-colher-pedr-soldada-08-reto"
"GERAL","GERAL","SFOR - BUCHA TIJOLO FUR 10 CZ C/50PÇ SFU","Sfor Bucha Tijolo Fur 10 C 50pç Sfu","SFOR","CON-118370","8.29","EMB: 1","Disponível","https://www.construja.com.br/produto/118370/sfor-bucha-tijolo-fur-10-cz-c50p-sfu"
"GERAL","GERAL","FERJA - ESCOVA AÇO MAD MANUAL 3 FIL C/CABO","Ferja Escova Mad Manual 3 Fil C Cabo","FERJA","CON-190294","8.22","EMB: 12","Disponível","https://www.construja.com.br/produto/190294/ferja-escova-ao-mad-manual-3-fil-ccabo"
"GERAL","GERAL","NEW-FIX - PARAF CAMA BICR 1/4X110","New Fix Paraf Cama Bicr 1","NEW","CON-191677","60.91","EMB: 1","Disponível","https://www.construja.com.br/produto/191677/new-fix-paraf-cama-bicr-14x110"
"GERAL","GERAL","CONDUSCABOS - CABO FLEX  6,00 AZ R/100M ATOX","Conduscabos Cabo Flex 6 00 R Atox","CONDUSCABOS","CON-146368","545.78","EMB: 1","Disponível","https://www.construja.com.br/produto/146368/conduscabos-cabo-flex-600-az-r100m-atox"
"GERAL","GERAL","TRAMON - CX LIZFLEX SOBR BR (3 MOD) 57303003","Tramon Lizflex So Br (3 Mod) 57303003","TRAMON","CON-166698","6.68","EMB: 1","Disponível","https://www.construja.com.br/produto/166698/tramon-cx-lizflex-sobr-br-3-mod-57303003"
"GERAL","GERAL","ILUMI - CJ SLIM 4X2 BR (1P HOR) 80223","Cj Slim (1p Hor) 80223","ILUMI","CON-112355","9.91","EMB: 1","Disponível","https://www.construja.com.br/produto/112355/ilumi-cj-slim-4x2-br-1p-hor-80223"
"GERAL","GERAL","TRAMON - UNIDUT MULTIPLO 11/2 56251/055","Tramon Unidut Multiplo 56251 055","TRAMON","CON-166228","8.91","EMB: 1","Disponível","https://www.construja.com.br/produto/166228/tramon-unidut-multiplo-112-56251055"
"GERAL","GERAL","MEC - INT EXT CZ (2 INT) 30009","Mec Int Ext (2 Int) 30009","MEC","CON-126106","8.57","EMB: 5","Disponível","https://www.construja.com.br/produto/126106/mec-int-ext-cz-2-int-30009"
"GERAL","GERAL","BLUKIT - PROLONGADOR REG ESTRIA DECA 20MM","Blukit Prolongador Reg Estria","BLUKIT","CON-182126","18.69","EMB: 1","Disponível","https://www.construja.com.br/produto/182126/blukit-prolongador-reg-estria-deca-20mm"
"GERAL","GERAL","LUKMA - TERM PRE-ISOL FORQUI  0,5MM/1,5MM F4 VM","Lukma Term Pre Isol Forqui 1 5mm F4","LUKMA","CON-159518","27.07","EMB: 1","Disponível","https://www.construja.com.br/produto/159518/lukma-term-pre-isol-forqui-05mm15mm-f4-vm"
"GERAL","GERAL","SFOR - BUCHA GESSO/DRYWALL FLY 03+PARAF C/25PÇ","Sfor Bucha Gesso Drywall Fly 03+paraf C 25pç","SFOR","CON-118279","10.63","EMB: 1","Disponível","https://www.construja.com.br/produto/118279/sfor-bucha-gessodrywall-fly-03paraf-c25p"
"GERAL","GERAL","MEC - CJ MILL SOBR BR (2P) 61005","Mec Cj Mill So Br (2p) 61005","MEC","CON-12329","12.64","EMB: 5","Disponível","https://www.construja.com.br/produto/12329/mec-cj-mill-sobr-br-2p-61005"
"GERAL","GERAL","BOSCH - DISCO DIAM TURBO 43/8-3/4 STANDARD**","Disco Diam Turbo 3 4 Standard**","BOSCH","CON-135464","20.51","EMB: 1","Disponível","https://www.construja.com.br/produto/135464/bosch-disco-diam-turbo-438-34-standard"
"GERAL","GERAL","FERJA - ESQUADRO AÇO CABO PLASTICO 30CM","Ferja Esquadro Cabo Plastico 30cm","FERJA","CON-160530","12.90","EMB: 1","Disponível","https://www.construja.com.br/produto/160530/ferja-esquadro-ao-cabo-plastico-30cm"
"GERAL","GERAL","GARDEN - PINO ENGATE RAP AR ROSCA FEMEA METAL 1/4","Garden Pino Engate Rap Ar Rosca Femea Metal","GARDEN","CON-187105","7.22","EMB: 1","Disponível","https://www.construja.com.br/produto/187105/garden-pino-engate-rap-ar-rosca-femea-metal-14"
"GERAL","GERAL","KEM TONE - TINTA ACR ECON 18L CINZA BARBATANA","Kem Tone Tinta Acr Econ 18l Barbatana","KEM TONE","CON-149593","224.15","EMB: 1","Disponível","https://www.construja.com.br/produto/149593/kem-tone-tinta-acr-econ-18l-cinza-barbatana"
"GERAL","GERAL","DURACELL - PILHA ALCALINA PEQ AA C/4P","Duracell Pilha Alcalina Peq Aa C 4p","DURACELL","CON-106123","24.28","EMB: 12","Disponível","https://www.construja.com.br/produto/106123/duracell-pilha-alcalina-peq-aa-c4p"
"GERAL","GERAL","ROMAR - DUCHA HIG METAL C/REG ABS/CR 1,20M C50**","Romar Ducha Hig Metal C Reg Abs Cr C50**","ROMAR","CON-153705","73.13","EMB: 1","Disponível","https://www.construja.com.br/produto/153705/romar-ducha-hig-metal-creg-abscr-120m-c50"
"GERAL","GERAL","LUKMA - CONECTOR DERIVAÇAO PT  120MM/120MM","Lukma Conector Derivaçao 120mm","LUKMA","CON-159839","43.77","EMB: 5","Disponível","https://www.construja.com.br/produto/159839/lukma-conector-derivaao-pt-120mm120mm"
"GERAL","GERAL","FP - COMEDOURO CAES DUPLO POP N02 1000ML**","Fp Comedouro Caes Duplo Pop N02 1000ml**","FP","CON-165045","7.57","EMB: 1","Disponível","https://www.construja.com.br/produto/165045/fp-comedouro-caes-duplo-pop-n02-1000ml"
"GERAL","GERAL","VIQUA - TORN B.MOVEL MESA C/FILTRO ABS CR LAGUNE","Viqua Torn B.movel Mesa C Filtro Abs Cr Lagune","VIQUA","CON-132802","123.73","EMB: 1","Disponível","https://www.construja.com.br/produto/132802/viqua-torn-bmovel-mesa-cfiltro-abs-cr-lagune"
"GERAL","GERAL","PENZEL - TERM COMPRESSAO 240MM 1F 13MM","Penzel Term Compressao 1f 13mm","PENZEL","CON-12297","49.25","EMB: 10","Disponível","https://www.construja.com.br/produto/12297/penzel-term-compressao-240mm-1f-13mm"
"GERAL","GERAL","FERJA - VASSOURA GRAMA FIXA ARAME 18D C/CABO","Ferja Vassoura Grama Fixa Arame 18d C Cabo","FERJA","CON-190282","21.64","EMB: 1","Disponível","https://www.construja.com.br/produto/190282/ferja-vassoura-grama-fixa-arame-18d-ccabo"
"GERAL","GERAL","COBRECOM - CABO PP 0500V 2X1,50 R/100M","Cabo Pp 0500v 50 R","COBRECOM","CON-14696","444.25","EMB: 1","Disponível","https://www.construja.com.br/produto/14696/cobrecom-cabo-pp-0500v-2x150-r100m"
"GERAL","GERAL","SAMPAFLEX - TINTA PO BRANCO 5KG","Sampaflex Tinta Po 5kg","SAMPAFLEX","CON-16428","14.78","EMB: 5","Disponível","https://www.construja.com.br/produto/16428/sampaflex-tinta-po-branco-5kg"
"GERAL","GERAL","THOMPSON - DISCO LIXA DIAM C/ VELCRO  800 100MM","Thompson Disco Lixa Diam C Velcro 800","THOMPSON","CON-180597","13.85","EMB: 1","Disponível","https://www.construja.com.br/produto/180597/thompson-disco-lixa-diam-c-velcro-800-100mm"
"GERAL","GERAL","LUKMA - TERM PRE-ISOL ILHOS TUBO DUPLO 4,0MM LJ","Lukma Term Pre Isol Ilhos Tubo Duplo Lj","LUKMA","CON-159902","41.93","EMB: 1","Disponível","https://www.construja.com.br/produto/159902/lukma-term-pre-isol-ilhos-tubo-duplo-40mm-lj"
"GERAL","GERAL","CONDUSCABOS - CABO FLEX  1,50 PT R/100M","Conduscabos Cabo Flex 1 50 R","CONDUSCABOS","CON-146346","138.54","EMB: 1","Disponível","https://www.construja.com.br/produto/146346/conduscabos-cabo-flex-150-pt-r100m"
"GERAL","GERAL","FAMASTIL - VASSOURA GRAMA FIXA PALHETA 22D C/CABO","Famastil Vassoura Grama Fixa Palheta 22d C Cabo","FAMASTIL","CON-165260","28.22","EMB: 1","Disponível","https://www.construja.com.br/produto/165260/famastil-vassoura-grama-fixa-palheta-22d-ccabo"
"GERAL","GERAL","TRAMON - UNIDUT RETO  3/4 56131/022","Tramon Unidut Reto 56131 022","TRAMON","CON-166231","4.27","EMB: 1","Disponível","https://www.construja.com.br/produto/166231/tramon-unidut-reto-34-56131022"
"GERAL","GERAL","IRWIN - BROCA AÇO RAPIDO S 13/32","Broca Rapido S","IRWIN","CON-174862","29.91","EMB: 1","Disponível","https://www.construja.com.br/produto/174862/irwin-broca-ao-rapido-s-1332"
"GERAL","GERAL","EDA - ALICATE BICO MEIA CANA 5 PVC PRO 9PD","Eda Alicate Bico Meia Cana 5 Pro 9pd","EDA","CON-180435","14.56","EMB: 1","Disponível","https://www.construja.com.br/produto/180435/eda-alicate-bico-meia-cana-5-pvc-pro-9pd"
"GERAL","GERAL","SUALL - SULFATO ALUMINIO DECANTADOR 2KG","Suall Sulfato Decantador 2kg","SUALL","CON-129203","12.55","EMB: 1","Disponível","https://www.construja.com.br/produto/129203/suall-sulfato-aluminio-decantador-2kg"
"GERAL","GERAL","VEDACIT - MANTA ESTRUTURANTE 0,16X25M*","Manta Estruturante 0 16x25m*","VEDACIT","CON-164332","56.46","EMB: 1","Disponível","https://www.construja.com.br/produto/164332/vedacit-manta-estruturante-016x25m"
"GERAL","GERAL","DORMER - BROCA VIDEA  8,0MM 5/16**","Dormer Broca Videa 5 16**","DORMER","CON-170203","9.21","EMB: 5","Disponível","https://www.construja.com.br/produto/170203/dormer-broca-videa-80mm-516"
"GERAL","GERAL","FERJA - PLACA SINALIZ 20X25CM PROIB FUMAR C/LEI","Ferja Placa Sinaliz 20x25cm Proib Fumar C Lei","FERJA","CON-190973","9.36","EMB: 3","Disponível","https://www.construja.com.br/produto/190973/ferja-placa-sinaliz-20x25cm-proib-fumar-clei"
"GERAL","GERAL","ROMA - VASSOURAO GARI NYLON 60 CABO MAD","Roma Vassourao Gari 60 Cabo Mad","ROMA","CON-175166","36.08","EMB: 6","Disponível","https://www.construja.com.br/produto/175166/roma-vassourao-gari-nylon-60-cabo-mad"
"GERAL","GERAL","SPARTA - ESTILETE 18MM HOBBY","Estilete Hobby","SPARTA","CON-199026","2.08","EMB: 1","Disponível","https://www.construja.com.br/produto/199026/sparta-estilete-18mm-hobby"
"GERAL","GERAL","KRODEC - RATOEIRA ADESIVA PEGA RATO","Krodec Ratoeira Adesiva Pega Rato","KRODEC","CON-17440","3.70","EMB: 10","Disponível","https://www.construja.com.br/produto/17440/krodec-ratoeira-adesiva-pega-rato"
"GERAL","GERAL","PRIMAFER - NUMERO RESIDENCIAL 1 ALUM PRETO 12,5CM","Primafer Numero Residencial 1 Alum 12 5cm","PRIMAFER","CON-149144","11.46","EMB: 1","Disponível","https://www.construja.com.br/produto/149144/primafer-numero-residencial-1-alum-preto-125cm"
"GERAL","GERAL","AVANT - LAMP LED A60 12W-1050LM 6500K","Avant Lamp Led A60 12w 1050lm 6500k","AVANT","CON-160397","4.30","EMB: 10","Disponível","https://www.construja.com.br/produto/160397/avant-lamp-led-a60-12w-1050lm-6500k"
"GERAL","GERAL","AMANCO - CURVA LONGA ESG  75X90.","Curva Longa Esg .","AMANCO","CON-158494","45.25","EMB: 1","Disponível","https://www.construja.com.br/produto/158494/amanco-curva-longa-esg-75x90"
"GERAL","GERAL","JUNTALIDER - GESSO RAPIDO 1KG","Juntalider Gesso Rapido 1kg","JUNTALIDER","CON-14225","2.99","EMB: 20","Disponível","https://www.construja.com.br/produto/14225/juntalider-gesso-rapido-1kg"
"GERAL","GERAL","DOCOL - ACABAMENTO VALV CR/PT CLASSICA**","Acabamento Valv Cr Classica**","DOCOL","CON-133541","90.99","EMB: 1","Disponível","https://www.construja.com.br/produto/133541/docol-acabamento-valv-crpt-classica"
"GERAL","GERAL","HERC - TORN BICA MOVEL PAREDE ABS BR/CR TIVOLI","Herc Torn Bica Movel Parede Abs Cr Tivoli","HERC","CON-187288","29.24","EMB: 1","Disponível","https://www.construja.com.br/produto/187288/herc-torn-bica-movel-parede-abs-brcr-tivoli"
"GERAL","GERAL","ROMA - ROLO ESPUMA POLIESTER 15 C/G 430","Roma Espuma Poliester 15 C G 430","ROMA","CON-19997","6.45","EMB: 1","Disponível","https://www.construja.com.br/produto/19997/roma-rolo-espuma-poliester-15-cg-430"
"GERAL","GERAL","ROMA - ROLO TEXTURA BAIXA ESPUMA 23 431","Roma Textura Baixa Espuma 23 431","ROMA","CON-19952","11.62","EMB: 1","Disponível","https://www.construja.com.br/produto/19952/roma-rolo-textura-baixa-espuma-23-431"
"GERAL","GERAL","GREEN - FONTE SLIN DRIVER PERFIL LED 12V 4A 48W","Green Fonte Slin Driver Perfil Led 12v 48w","GREEN","CON-146653","33.95","EMB: 1","Disponível","https://www.construja.com.br/produto/146653/green-fonte-slin-driver-perfil-led-12v-4a-48w"
"GERAL","GERAL","CRIVAL/PLUS - BOTINA NOBUCK PT PU/BI B/PVC CP092P 44","Crival Plus Botina Nobuck Pu Bi B Cp092p 44","CRIVAL/PLUS","CON-160841","87.81","EMB: 1","Disponível","https://www.construja.com.br/produto/160841/crivalplus-botina-nobuck-pt-pubi-bpvc-cp092p-44"
"GERAL","GERAL","METALATEX - TINTA ACR PREM 18L GELO","Metalatex Tinta Acr Prem 18l Gelo","METALATEX","CON-149252","541.76","EMB: 1","Disponível","https://www.construja.com.br/produto/149252/metalatex-tinta-acr-prem-18l-gelo"
"GERAL","GERAL","GALAXY - LAMP LED TUBULAR T8 10W VIDRO 6500K","Galaxy Lamp Led Tubular T8 10w Vidro 6500k","GALAXY","CON-160281","7.54","EMB: 20","Disponível","https://www.construja.com.br/produto/160281/galaxy-lamp-led-tubular-t8-10w-vidro-6500k"
"GERAL","GERAL","DOCOL - REG GAV 2 BRUTO EUROPA","Reg Gav 2 Bruto Europa","DOCOL","CON-133548","249.68","EMB: 1","Disponível","https://www.construja.com.br/produto/133548/docol-reg-gav-2-bruto-europa"
"GERAL","GERAL","NOVACOR - TINTA ESM STAND SINT BRILH 3,6L VM","Novacor Tinta Esm Stand Sint Brilh 3 6l","NOVACOR","CON-10536","121.15","EMB: 1","Disponível","https://www.construja.com.br/produto/10536/novacor-tinta-esm-stand-sint-brilh-36l-vm"
"GERAL","GERAL","KRONA - JOELHO LL  1/2X45","Joelho Ll 1","KRONA","CON-132344","1.19","EMB: 50","Disponível","https://www.construja.com.br/produto/132344/krona-joelho-ll-12x45"
"GERAL","GERAL","WAGO - CONECTOR EMENDA TRANS  2P 0,05/6MM","Wago Conector Emenda Trans 2p 0 05","WAGO","CON-187503","4.28","EMB: 50","Disponível","https://www.construja.com.br/produto/187503/wago-conector-emenda-trans-2p-0056mm"
"GERAL","GERAL","HIGIBAN - ACABAMENTO VALV CZ DECA/ASTRA/DOCOL","Higiban Acabamento Valv Astra Docol","HIGIBAN","CON-15327","24.30","EMB: 1","Disponível","https://www.construja.com.br/produto/15327/higiban-acabamento-valv-cz-decaastradocol"
"GERAL","GERAL","THOMPSON - LAMP GEL/FOGAO/MICRO E27 40X220","Thompson Lamp Gel Fogao Micro E27","THOMPSON","CON-180173","3.40","EMB: 10","Disponível","https://www.construja.com.br/produto/180173/thompson-lamp-gelfogaomicro-e27-40x220"
"GERAL","GERAL","3M - FITA EMBALAGEM TRANSP 48X50","Fita Embalagem Transp","3M","CON-12785","5.96","EMB: 4","Disponível","https://www.construja.com.br/produto/12785/3m-fita-embalagem-transp-48x50"
"GERAL","GERAL","CASCOLA - COLA MONTA/FIXA INT  85G**","Cascola Cola Monta Fixa Int 85g**","CASCOLA","CON-13608","17.96","EMB: 1","Disponível","https://www.construja.com.br/produto/13608/cascola-cola-montafixa-int-85g"
"GERAL","GERAL","GALAXY - TARTARUGA PVC LED BR 15W 6500K IP65","Galaxy Tartaruga Led 15w 6500k Ip65","GALAXY","CON-160559","19.88","EMB: 1","Disponível","https://www.construja.com.br/produto/160559/galaxy-tartaruga-pvc-led-br-15w-6500k-ip65"
"GERAL","GERAL","THOMPSON - SUP FORNO BR","Thompson Sup Forno","THOMPSON","CON-14723","52.35","EMB: 1","Disponível","https://www.construja.com.br/produto/14723/thompson-sup-forno-br"
"GERAL","GERAL","SMARTCOLOR - SPRAY SMART CINZA 300ML 9651","Smartcolor Spray Smart 300ml 9651","SMARTCOLOR","CON-190660","13.20","EMB: 1","Disponível","https://www.construja.com.br/produto/190660/smartcolor-spray-smart-cinza-300ml-9651"
"GERAL","GERAL","SW - CORANTE TINTOMETRICO RED COLOR 0,946","Sw Corante Tintometrico Red Color 0 946","SW","CON-11251","422.67","EMB: 1","Disponível","https://www.construja.com.br/produto/11251/sw-corante-tintometrico-red-color-0946"
"GERAL","GERAL","CONDUSCABOS - CABO FLEX  4,00 AM/VD R/100M","Conduscabos Cabo Flex 4 00 Vd R","CONDUSCABOS","CON-146367","361.11","EMB: 1","Disponível","https://www.construja.com.br/produto/146367/conduscabos-cabo-flex-400-amvd-r100m"
"GERAL","GERAL","JNG - DISJ DIN UNIP  16A CURVA C","Jng Disj Din Unip Curva C","JNG","CON-159314","6.79","EMB: 12","Disponível","https://www.construja.com.br/produto/159314/jng-disj-din-unip-16a-curva-c"
"GERAL","GERAL","SILVANA - DOBRADIÇA POLIDA I 850X21/2-24PÇ","Silvana Dobradiça Polida I 2 24pç","SILVANA","CON-19087","25.68","EMB: 1","Disponível","https://www.construja.com.br/produto/19087/silvana-dobradia-polida-i-850x212-24p"
"GERAL","GERAL","KALIPSO - PROTETOR AUDITIVO PLUG SILICONE","Kalipso Protetor Auditivo Plug Silicone","KALIPSO","CON-15199","2.56","EMB: 1","Disponível","https://www.construja.com.br/produto/15199/kalipso-protetor-auditivo-plug-silicone"
"GERAL","GERAL","SILVANA - TRANQUETA P/ POSTIGO BICO VIRADO 99086","Silvana Tranqueta P Postigo Bico Virado 99086","SILVANA","CON-196286","7.48","EMB: 20","Disponível","https://www.construja.com.br/produto/196286/silvana-tranqueta-p-postigo-bico-virado-99086"
"GERAL","GERAL","FERJA - SELANTE PU40 PRETO 820G SACHE","Ferja Selante Pu40 820g Sache","FERJA","CON-190088","19.84","EMB: 1","Disponível","https://www.construja.com.br/produto/190088/ferja-selante-pu40-preto-820g-sache"
"GERAL","GERAL","SILVANA - DOBRADIÇA ZINC Q 850X2-24PÇ","Silvana Dobradiça Zinc Q 24pç","SILVANA","CON-19061","25.13","EMB: 1","Disponível","https://www.construja.com.br/produto/19061/silvana-dobradia-zinc-q-850x2-24p"
"GERAL","GERAL","NEW-FIX - PARAF AA C/CHATA PHS ZINC 4,2X16","New Fix Paraf Aa C Chata Phs Zinc 4","NEW","CON-191495","4.31","EMB: 5","Disponível","https://www.construja.com.br/produto/191495/new-fix-paraf-aa-cchata-phs-zinc-42x16"
"GERAL","GERAL","FAME - MOD EVIDENCE BR (TOM TEL RJ11) 0499","Fame Mod Evidence (tom Tel Rj11) 0499","FAME","CON-120477","14.18","EMB: 1","Disponível","https://www.construja.com.br/produto/120477/fame-mod-evidence-br-tom-tel-rj11-0499"
"GERAL","GERAL","VJ - PREGO AÇO NIQUEL 12X12 C/C %","Vj Prego Niquel C C %","VJ","CON-11182","8.58","EMB: 1","Disponível","https://www.construja.com.br/produto/11182/vj-prego-ao-niquel-12x12-cc"
"GERAL","GERAL","KELLDRIN - COLA MOSCA PODEROSO","Kelldrin Cola Mosca Poderoso","KELLDRIN","CON-188570","3.97","EMB: 1","Disponível","https://www.construja.com.br/produto/188570/kelldrin-cola-mosca-poderoso"
"GERAL","GERAL","FERRARI - ABRAÇ RSF 1/2X3/4 9MM (13X19) 50 PÇ*","Ferrari Abraç Rsf 1 4 9mm (13x19) 50 Pç*","FERRARI","CON-155342","36.17","EMB: 1","Disponível","https://www.construja.com.br/produto/155342/ferrari-abra-rsf-12x34-9mm-13x19-50-p"
"GERAL","GERAL","GERDAU - PREGO 21X45 C/C","Prego C C","GERDAU","CON-11178","14.43","EMB: 1","Disponível","https://www.construja.com.br/produto/11178/gerdau-prego-21x45-cc"
"GERAL","GERAL","IRWIN - BROCA AÇO CARB J 5/16","Broca Carb J","IRWIN","CON-170114","15.49","EMB: 5","Disponível","https://www.construja.com.br/produto/170114/irwin-broca-ao-carb-j-516"
"GERAL","GERAL","SIL - CABO PP 0500V 2X6,00 R/100M","Cabo Pp 0500v 00 R","SIL","CON-185548","1880.88","EMB: 1","Disponível","https://www.construja.com.br/produto/185548/sil-cabo-pp-0500v-2x600-r100m"
"GERAL","GERAL","IMBAT - LUVA MAO PU PT 10CM (GG)","Imbat Luva Mao Pu 10cm (gg)","IMBAT","CON-188281","3.05","EMB: 12","Disponível","https://www.construja.com.br/produto/188281/imbat-luva-mao-pu-pt-10cm-gg"
"GERAL","GERAL","SEA - NIPEL LATÃO 3/4","Sea Nipel","SEA","CON-13379","10.65","EMB: 5","Disponível","https://www.construja.com.br/produto/13379/sea-nipel-lato-34"
"GERAL","GERAL","AMANCO - LUVA ELETRODUTO PVC 2.","Luva Eletroduto 2.","AMANCO","CON-158608","7.32","EMB: 1","Disponível","https://www.construja.com.br/produto/158608/amanco-luva-eletroduto-pvc-2"
"GERAL","GERAL","LORENZETTI - DISJ NEMA TRIP  15A CURVA B**","Disj Nema Trip Curva B**","LORENZETTI","CON-12036","42.69","EMB: 2","Disponível","https://www.construja.com.br/produto/12036/lorenzetti-disj-nema-trip-15a-curva-b"
"GERAL","GERAL","ASTRA - ASSENTO SANIT BR TALENTO TTO","Astra Assento Sanit Talento Tto","ASTRA","CON-19475","30.02","EMB: 1","Disponível","https://www.construja.com.br/produto/19475/astra-assento-sanit-br-talento-tto"
"GERAL","GERAL","FOXLUX - FIO SOM BICOR 2X2,50 (12) R/100M","Foxlux Fio Som Bicor 50 (12) R","FOXLUX","CON-107397","257.73","EMB: 1","Disponível","https://www.construja.com.br/produto/107397/foxlux-fio-som-bicor-2x250-12-r100m"
"GERAL","GERAL","STECK - DISJ DIN TRIP  25A CURVA C","Steck Disj Din Trip Curva C","STECK","CON-15938","46.00","EMB: 1","Disponível","https://www.construja.com.br/produto/15938/steck-disj-din-trip-25a-curva-c"
"GERAL","GERAL","LUKMA - DISJ DIN UNIP 100A CURVA C","Lukma Disj Din Unip Curva C","LUKMA","CON-159455","27.31","EMB: 1","Disponível","https://www.construja.com.br/produto/159455/lukma-disj-din-unip-100a-curva-c"
"GERAL","GERAL","TRAMON - CONDULETE MULTIPLO L 1 56200/033","Tramon Condulete Multiplo L 1","TRAMON","CON-16086","16.58","EMB: 1","Disponível","https://www.construja.com.br/produto/16086/tramon-condulete-multiplo-l-1-56200033"
"GERAL","GERAL","NEW-FIX - PARAF AA PANELA PHS ZINC G 4,2X32","New Fix Paraf Aa Panela Phs Zinc G 4","NEW","CON-191824","7.81","EMB: 5","Disponível","https://www.construja.com.br/produto/191824/new-fix-paraf-aa-panela-phs-zinc-g-42x32"
"GERAL","GERAL","TRAMON - CJ LIZ 4X2 BR (1S+2 TOM 10A) 57170087","Tramon Cj Liz (1s+2 Tom ) 57170087","TRAMON","CON-166742","21.29","EMB: 1","Disponível","https://www.construja.com.br/produto/166742/tramon-cj-liz-4x2-br-1s2-tom-10a-57170087"
"GERAL","GERAL","FAME - DUCHA SUPER DUCHA+ BR 5400X127*","Fame Ducha Super Ducha+ *","FAME","CON-120558","67.99","EMB: 1","Disponível","https://www.construja.com.br/produto/120558/fame-ducha-super-ducha-br-5400x127"
"GERAL","GERAL","EUCALAR - TINTA ESM STAND SINT BRILH 1/4 ALUM","Eucalar Tinta Esm Stand Sint Brilh Alum","EUCALAR","CON-163445","31.23","EMB: 1","Disponível","https://www.construja.com.br/produto/163445/eucalar-tinta-esm-stand-sint-brilh-14-alum"
"GERAL","GERAL","FRATI - CINTA CARGA C/CATR LAR 1,5T KGF 2X9M*","Frati Cinta Carga C Catr Lar 1 5t Kgf 2x9m*","FRATI","CON-184233","51.86","EMB: 1","Disponível","https://www.construja.com.br/produto/184233/frati-cinta-carga-ccatr-lar-15t-kgf-2x9m"
"GERAL","GERAL","LINHAL - OLEO LINHACA  900ML","Linhal Oleo Linhaca 900ml","LINHAL","CON-13694","22.89","EMB: 6","Disponível","https://www.construja.com.br/produto/13694/linhal-oleo-linhaca-900ml"
"GERAL","GERAL","THOMPSON - ALICATE ANEIS EXT RETO","Thompson Alicate Aneis Ext Reto","THOMPSON","CON-17887","32.15","EMB: 1","Disponível","https://www.construja.com.br/produto/17887/thompson-alicate-aneis-ext-reto"
"GERAL","GERAL","SÃO JORGE - TELA PENEIRA FEIJAO 12,5MX1,0","São Jorge Tela Peneira Feijao 12 5mx1 0","SÃO JORGE","CON-175197","0.00","EMB: 1","SEM ESTOQUE","https://www.construja.com.br/produto/175197/so-jorge-tela-peneira-feijao-125mx10"
"GERAL","GERAL","METALATEX - BASE W ACR SEMI BRILHO  3,2L**","Metalatex Base W Acr Semi Brilho 3 2l**","METALATEX","CON-105249","135.55","EMB: 1","Disponível","https://www.construja.com.br/produto/105249/metalatex-base-w-acr-semi-brilho-32l"
"GERAL","GERAL","FOXLUX - PLUG PORC TRIP 20A","Foxlux Plug Porc Trip","FOXLUX","CON-17566","12.21","EMB: 1","Disponível","https://www.construja.com.br/produto/17566/foxlux-plug-porc-trip-20a"
"GERAL","GERAL","FERJA - DISCO FLAP CONICO 180X040","Ferja Disco Flap Conico","FERJA","CON-164163","12.07","EMB: 1","Disponível","https://www.construja.com.br/produto/164163/ferja-disco-flap-conico-180x040"
"GERAL","GERAL","KALIPSO - LUVA MAO LATEX FORR 10CM (XG) NEOPREX*","Kalipso Luva Mao Latex Forr 10cm (xg) Neoprex*","KALIPSO","CON-134267","8.44","EMB: 1","Disponível","https://www.construja.com.br/produto/134267/kalipso-luva-mao-latex-forr-10cm-xg-neoprex"
"GERAL","GERAL","AMAPÁ - GONDOLA PISO PONTA 1,38X0,75 BR","Amapá Gondola Piso Ponta 1 75","AMAPÁ","CON-162254","571.95","EMB: 1","Disponível","https://www.construja.com.br/produto/162254/amap-gondola-piso-ponta-138x075-br"
"GERAL","GERAL","THOMPSON - ARCO SERRA REG AM POP","Thompson Arco Serra Reg Pop","THOMPSON","CON-180545","15.62","EMB: 1","Disponível","https://www.construja.com.br/produto/180545/thompson-arco-serra-reg-am-pop"
"GERAL","GERAL","QUALITRONIX - PLUG PROTETOR RAIO/SURTO 2P 20A BR","Qualitronix Plug Protetor Raio Surto 2p","QUALITRONIX","CON-114162","35.01","EMB: 1","Disponível","https://www.construja.com.br/produto/114162/qualitronix-plug-protetor-raiosurto-2p-20a-br"
"GERAL","GERAL","TRAMON - CJ LIZ 4X2 GRAFITE (CEGA) 57173000","Tramon Cj Liz Grafite (cega) 57173000","TRAMON","CON-166684","7.11","EMB: 1","Disponível","https://www.construja.com.br/produto/166684/tramon-cj-liz-4x2-grafite-cega-57173000"
"GERAL","GERAL","ADELBRAS - FITA DEMARC SOLO AM/PT 48X14","Adelbras Fita Demarc Solo Pt","ADELBRAS","CON-17459","16.77","EMB: 1","Disponível","https://www.construja.com.br/produto/17459/adelbras-fita-demarc-solo-ampt-48x14"
"GERAL","GERAL","NORTON - LIXA SECO 180 A-275","Norton Lixa Seco 275","NORTON","CON-171192","4.43","EMB: 50","Disponível","https://www.construja.com.br/produto/171192/norton-lixa-seco-180-a-275"
"GERAL","GERAL","GRAP - PORTA GRELHA PVC RED 15CM CR","Grap Porta Grelha Red 15cm Cr","GRAP","CON-187266","10.12","EMB: 6","Disponível","https://www.construja.com.br/produto/187266/grap-porta-grelha-pvc-red-15cm-cr"
"GERAL","GERAL","NORTON - FIBRA ABRASIVA LIMPEZA FERRUGEM C/2","Norton Fibra Abrasiva Limpeza Ferrugem C 2","NORTON","CON-171216","10.26","EMB: 1","Disponível","https://www.construja.com.br/produto/171216/norton-fibra-abrasiva-limpeza-ferrugem-c2"
"GERAL","GERAL","NEW-FIX - PARAF ROSCA METRICA PAN PHS 4X20 C/500","New Fix Paraf Rosca Metrica Pan Phs C 500","NEW","CON-191715","31.21","EMB: 1","Disponível","https://www.construja.com.br/produto/191715/new-fix-paraf-rosca-metrica-pan-phs-4x20-c500"
"GERAL","GERAL","STECK - CENTRO DIST DISJ DIN 12 EMB FUME 1P","Steck Centro Dist Disj Din 12 Emb Fume 1p","STECK","CON-15920","55.29","EMB: 1","Disponível","https://www.construja.com.br/produto/15920/steck-centro-dist-disj-din-12-emb-fume-1p"
"GERAL","GERAL","FERJA - MANTA SUBCOB TERM 2F ALUM 15M² 0,7MM","Ferja Manta Subcob Term 2f Alum ²","FERJA","CON-121143","81.76","EMB: 1","Disponível","https://www.construja.com.br/produto/121143/ferja-manta-subcob-term-2f-alum-15m-07mm"
"GERAL","GERAL","GENCO - CLORO GRANULADO 10KG ESTAB GENCLOR***","Genco Cloro Granulado 10kg Estab Genclor***","GENCO","CON-129129","0.00","EMB: 1","SEM ESTOQUE","https://www.construja.com.br/produto/129129/genco-cloro-granulado-10kg-estab-genclor"
"GERAL","GERAL","QUARTZOLIT - TECPLUS LASTIC 7000 18KG BICOMPONENTE","Quartzolit Tecplus Lastic 7000 18kg Bicomponente","QUARTZOLIT","CON-164430","181.79","EMB: 1","Disponível","https://www.construja.com.br/produto/164430/quartzolit-tecplus-lastic-7000-18kg-bicomponente"
"GERAL","GERAL","ILUMI - PROLONG FEMEA 2P+T 10A CZ 1431","Prolong Femea 2p+t 1431","ILUMI","CON-122594","3.51","EMB: 10","Disponível","https://www.construja.com.br/produto/122594/ilumi-prolong-femea-2pt-10a-cz-1431"
"GERAL","GERAL","FERJA - PARAF CHIPB C/CHATA PHS BICR 5,0X35","Ferja Paraf Chipb C Chata Phs Bicr 5","FERJA","CON-192279","0.00","EMB: 5","SEM ESTOQUE","https://www.construja.com.br/produto/192279/ferja-paraf-chipb-cchata-phs-bicr-50x35"
"GERAL","GERAL","GERDAU - PREGO 18X27 C/C GALV","Prego C C Galv","GERDAU","CON-11147","20.05","EMB: 1","Disponível","https://www.construja.com.br/produto/11147/gerdau-prego-18x27-cc-galv"
"GERAL","GERAL","IRWIN - CHAVE ALLEN CRV CURTA  2,0MM","Chave Allen Crv Curta","IRWIN","CON-174864","1.87","EMB: 10","Disponível","https://www.construja.com.br/produto/174864/irwin-chave-allen-crv-curta-20mm"
"GERAL","GERAL","WAGO - CONECTOR EMENDA RETO 2P 0,14/4MM C/2","Wago Conector Emenda Reto 2p 0 14 C 2","WAGO","CON-187502","7.89","EMB: 1","Disponível","https://www.construja.com.br/produto/187502/wago-conector-emenda-reto-2p-0144mm-c2"
"GERAL","GERAL","ROMA - ESPATULA AÇO INOX DRYWALL 25CM C/EMBORR","Roma Espatula Inox Drywall 25cm C Emborr","ROMA","CON-175145","35.40","EMB: 1","Disponível","https://www.construja.com.br/produto/175145/roma-espatula-ao-inox-drywall-25cm-cemborr"
"GERAL","GERAL","SOPRANO - FECH GAVETA CR 4511 C/LINGUETA 49,0MM","Soprano Fech Gaveta Cr 4511 C Lingueta","SOPRANO","CON-137274","12.35","EMB: 1","Disponível","https://www.construja.com.br/produto/137274/soprano-fech-gaveta-cr-4511-clingueta-490mm"
"GERAL","GERAL","ADERE - FITA DUP FACE ESPUMA COZ 24X1,5 700G","Adere Fita Dup Face Espuma Coz 5 700g","ADERE","CON-164530","15.43","EMB: 1","Disponível","https://www.construja.com.br/produto/164530/adere-fita-dup-face-espuma-coz-24x15-700g"
"GERAL","GERAL","ESTRELA - RALO INVISIVEL 15X15CM CINZA SMART","Estrela Ralo Invisivel 15x15cm Smart","ESTRELA","CON-143231","20.51","EMB: 1","Disponível","https://www.construja.com.br/produto/143231/estrela-ralo-invisivel-15x15cm-cinza-smart"
"GERAL","GERAL","QUARTZOLIT - REJUNTE PORCELANATO PALHA 5KG*","Quartzolit Rejunte Porcelanato Palha 5kg*","QUARTZOLIT","CON-164469","46.97","EMB: 1","Disponível","https://www.construja.com.br/produto/164469/quartzolit-rejunte-porcelanato-palha-5kg"
"GERAL","GERAL","BIKI - CX PASSAGEM PVC EMB 200X200X90","Biki Passagem Emb 200x200x90","BIKI","CON-113245","33.25","EMB: 1","Disponível","https://www.construja.com.br/produto/113245/biki-cx-passagem-pvc-emb-200x200x90"
"GERAL","GERAL","C.FORTE - GRELHA C/PORTA GRELHA AÇO ESTAMP 15X050","C.forte Grelha C Porta Grelha Estamp","C.FORTE","CON-120262","46.28","EMB: 1","Disponível","https://www.construja.com.br/produto/120262/cforte-grelha-cporta-grelha-ao-estamp-15x050"
"GERAL","GERAL","METALATEX - TINTA ACR PREM 18L BIANCO SERENO","Metalatex Tinta Acr Prem 18l Sereno","METALATEX","CON-105126","0.00","EMB: 1","SEM ESTOQUE","https://www.construja.com.br/produto/105126/metalatex-tinta-acr-prem-18l-bianco-sereno"
"GERAL","GERAL","STECK - DISJ DIN BIP  10A CURVA C","Steck Disj Din Bip Curva C","STECK","CON-15954","32.95","EMB: 6","Disponível","https://www.construja.com.br/produto/15954/steck-disj-din-bip-10a-curva-c"
"GERAL","GERAL","SIEG - CONDULETE TAMPA 1TOM 1 THM100","Sieg Condulete Tampa 1tom 1 Thm100","SIEG","CON-166550","0.00","EMB: 1","SEM ESTOQUE","https://www.construja.com.br/produto/166550/sieg-condulete-tampa-1tom-1-thm100"
"GERAL","GERAL","FERJA - PONTEIRA JG 08PÇ FEN/PH 36/80MM","Ferja Ponteira Jg 08pç Fen Ph 36","FERJA","CON-190188","21.88","EMB: 1","Disponível","https://www.construja.com.br/produto/190188/ferja-ponteira-jg-08p-fenph-3680mm"
"GERAL","GERAL","FERJA - DESEMP AÇO LISA 10X24 CABO PLASTICO","Ferja Desemp Lisa Cabo Plastico","FERJA","CON-190020","8.38","EMB: 1","Disponível","https://www.construja.com.br/produto/190020/ferja-desemp-ao-lisa-10x24-cabo-plastico"
"GERAL","GERAL","STARRETT - SERRA COPO DIAM PRO SECO  40MM","Serra Copo Diam Pro Seco","STARRETT","CON-156305","126.12","EMB: 1","Disponível","https://www.construja.com.br/produto/156305/starrett-serra-copo-diam-pro-seco-40mm"
"GERAL","GERAL","SILVANA - DOBRADIÇA ZINC U 850X4-24PÇ","Silvana Dobradiça Zinc U 24pç","SILVANA","CON-137200","99.21","EMB: 1","Disponível","https://www.construja.com.br/produto/137200/silvana-dobradia-zinc-u-850x4-24p"
"GERAL","GERAL","NEW-FIX - PARAF SEXT SOBERBA [14] 1/4X40","New Fix Paraf Sext Soberba [14] 1","NEW","CON-191331","22.00","EMB: 2","Disponível","https://www.construja.com.br/produto/191331/new-fix-paraf-sext-soberba-14-14x40"
"GERAL","GERAL","ZAGONEL - DUCHA GORDUCHA 4T 5700X220","Zagonel Ducha Gorducha 4t","ZAGONEL","CON-120341","63.76","EMB: 1","Disponível","https://www.construja.com.br/produto/120341/zagonel-ducha-gorducha-4t-5700x220"
"GERAL","GERAL","SIEG - CONDULETE TAMPAO 1 T100","Sieg Condulete Tampao 1 T100","SIEG","CON-166553","0.57","EMB: 10","Disponível","https://www.construja.com.br/produto/166553/sieg-condulete-tampao-1-t100"
"GERAL","GERAL","SIKAFILL RAPIDO CONCRETO 3,6KG","Sikafill Rapido Concreto 3 6kg","SIKAFILL","CON-164775","74.91","EMB: 1","Disponível","https://www.construja.com.br/produto/164775/sikafill-rapido-concreto-36kg"
"GERAL","GERAL","MEC - PL MILL 4X4 BR (CEGA) 22010","Mec Pl Mill (cega) 22010","MEC","CON-126172","4.17","EMB: 5","Disponível","https://www.construja.com.br/produto/126172/mec-pl-mill-4x4-br-cega-22010"
"GERAL","GERAL","LUKMA - BARRAM DIN TERRA 08 T C/SUP 88,5MM","Lukma Barram Din Terra 08 T C Sup","LUKMA","CON-159612","13.57","EMB: 10","Disponível","https://www.construja.com.br/produto/159612/lukma-barram-din-terra-08-t-csup-885mm"
"GERAL","GERAL","METALATEX - TINTA ACR PREM BIOPROTEC BASE 16L BR","Metalatex Tinta Acr Prem Bioprotec Base 16l","METALATEX","CON-149567","780.92","EMB: 1","Disponível","https://www.construja.com.br/produto/149567/metalatex-tinta-acr-prem-bioprotec-base-16l-br"
"GERAL","GERAL","AMANCO - LUVA CORRUGADO D 32MM (1P).","Luva Corrugado D (1p).","AMANCO","CON-158436","2.27","EMB: 30","Disponível","https://www.construja.com.br/produto/158436/amanco-luva-corrugado-d-32mm-1p"
"GERAL","GERAL","AMANCO - JOELHO LL 2X90","Joelho Ll","AMANCO","CON-158144","27.75","EMB: 1","Disponível","https://www.construja.com.br/produto/158144/amanco-joelho-ll-2x90"
"GERAL","GERAL","NEW-FIX - PARAF AA C/CHATA PHS ZINC 2,9X 6,5","New Fix Paraf Aa C Chata Phs Zinc 2 9x 6 5","NEW","CON-191474","1.05","EMB: 5","Disponível","https://www.construja.com.br/produto/191474/new-fix-paraf-aa-cchata-phs-zinc-29x-65"
"GERAL","GERAL","IRWIN - BROCA VIDEA SDS PLUS 06,0X210","Broca Videa Sds Plus 06","IRWIN","CON-156138","12.31","EMB: 1","Disponível","https://www.construja.com.br/produto/156138/irwin-broca-videa-sds-plus-060x210"
"GERAL","GERAL","ALIANÇA - CILINDRO ALIANÇA P/ FECH AL 2600 C400 CR","Aliança Cilindro Aliança P Fech Al 2600 C400 Cr","ALIANÇA","CON-19045","19.55","EMB: 10","Disponível","https://www.construja.com.br/produto/19045/aliana-cilindro-aliana-p-fech-al-2600-c400-cr"
"GERAL","GERAL","ROMA - TRINCHA 312X21/2","Roma Trincha 2","ROMA","CON-199132","6.90","EMB: 12","Disponível","https://www.construja.com.br/produto/199132/roma-trincha-312x212"
"GERAL","GERAL","PLASFLEX - CANTO INT FORRO BR GELO","Plasflex Canto Int Forro Gelo","PLASFLEX","CON-10434","0.00","EMB: 25","SEM ESTOQUE","https://www.construja.com.br/produto/10434/plasflex-canto-int-forro-br-gelo"
"GERAL","GERAL","IMBAT - MACACAO PROTEÇAO QUIMICA BR G","Imbat Macacao Proteçao Quimica G","IMBAT","CON-188459","11.38","EMB: 1","Disponível","https://www.construja.com.br/produto/188459/imbat-macacao-proteao-quimica-br-g"
"GERAL","GERAL","GARDEN - ESPIGÃO FIXO LATÃO  1/2X1/2","Garden Espigão Fixo 1 2","GARDEN","CON-199556","20.55","EMB: 1","Disponível","https://www.construja.com.br/produto/199556/garden-espigo-fixo-lato-12x12"
"GERAL","GERAL","ANNLUX - FUSIVEL DE VIDRO TIPO 20AG  0,50A","Annlux Fusivel De Vidro Tipo 20ag 0","ANNLUX","CON-139618","0.32","EMB: 50","Disponível","https://www.construja.com.br/produto/139618/annlux-fusivel-de-vidro-tipo-20ag-050a"
"GERAL","GERAL","BRASFORT - ESCOVA AÇO CARB COPO 150XM14 7261**","Escova Carb Copo 150xm14 7261**","BRASFORT","CON-176215","92.51","EMB: 1","Disponível","https://www.construja.com.br/produto/176215/brasfort-escova-ao-carb-copo-150xm14-7261"
"GERAL","GERAL","IRWIN - BROCA AÇO RAPIDO  8,5MM","Broca Rapido","IRWIN","CON-17016","15.56","EMB: 5","Disponível","https://www.construja.com.br/produto/17016/irwin-broca-ao-rapido-85mm"
"GERAL","GERAL","ESTRELA - BLOQUEADOR DE AR 3/4","Estrela Bloqueador De Ar","ESTRELA","CON-143241","17.21","EMB: 1","Disponível","https://www.construja.com.br/produto/143241/estrela-bloqueador-de-ar-34"
"GERAL","GERAL","SPARTA - MARTELO BOLA POLIDO  200G","Martelo Bola Polido 200g","SPARTA","CON-199928","21.73","EMB: 1","Disponível","https://www.construja.com.br/produto/199928/sparta-martelo-bola-polido-200g"
"GERAL","GERAL","ANNLUX - FUSIVEL CERAMICO MICROONDAS 20AG 20,0A","Annlux Fusivel Ceramico Microondas 2g 20 0a","ANNLUX","CON-139643","1.57","EMB: 20","Disponível","https://www.construja.com.br/produto/139643/annlux-fusivel-ceramico-microondas-20ag-200a"
"GERAL","GERAL","CRIVAL/PLUS - BOTINA NOBUCK CAFE AGRO B/PVC CP045 41*","Crival Plus Botina Nobuck Cafe Agro B Cp045 41*","CRIVAL/PLUS","CON-160887","96.96","EMB: 1","Disponível","https://www.construja.com.br/produto/160887/crivalplus-botina-nobuck-cafe-agro-bpvc-cp045-41"
"GERAL","GERAL","SPARTA - CHAVE INGLESA 06","Chave Inglesa 06","SPARTA","CON-199003","17.48","EMB: 1","Disponível","https://www.construja.com.br/produto/199003/sparta-chave-inglesa-06"
"GERAL","GERAL","CRIVAL/PLUS - BOTINA NOBUCK PT PU/BI B/PVC CP092P 39","Crival Plus Botina Nobuck Pu Bi B Cp092p 39","CRIVAL/PLUS","CON-160836","87.81","EMB: 1","Disponível","https://www.construja.com.br/produto/160836/crivalplus-botina-nobuck-pt-pubi-bpvc-cp092p-39"
"GERAL","GERAL","KRONA - LAV PLAST BR C/ VALV RET 36X26","Lav Plast C Valv Ret","KRONA","CON-132146","38.98","EMB: 1","Disponível","https://www.construja.com.br/produto/132146/krona-lav-plast-br-c-valv-ret-36x26"
"GERAL","GERAL","LUKMA - CONECTOR PLAST BARRA 10MM PT","Lukma Conector Plast","LUKMA","CON-159806","14.08","EMB: 10","Disponível","https://www.construja.com.br/produto/159806/lukma-conector-plast-barra-10mm-pt"
"GERAL","GERAL","FOXLUX - LUMINARIA EMERG 30 LEDS 100LM 15CM","Foxlux Luminaria Emerg 30 Leds 100lm 15cm","FOXLUX","CON-10772","23.80","EMB: 1","Disponível","https://www.construja.com.br/produto/10772/foxlux-luminaria-emerg-30-leds-100lm-15cm"
"GERAL","GERAL","JE - REDUÇAO ESG 300X200 MOLD.","Je Reduçao Esg Mold.","JE","CON-143289","105.26","EMB: 1","Disponível","https://www.construja.com.br/produto/143289/je-reduao-esg-300x200-mold"
"GERAL","GERAL","ILUMI - PROLONG FEMEA 2P 20A PT 1421","Prolong Femea 2p 1421","ILUMI","CON-112368","3.37","EMB: 10","Disponível","https://www.construja.com.br/produto/112368/ilumi-prolong-femea-2p-20a-pt-1421"
"GERAL","GERAL","PIX - TECLADO WIRELESS 2.4GHZ OFFICE PT","Pix Teclado Wireless 2.4ghz Office","PIX","CON-146639","55.27","EMB: 1","Disponível","https://www.construja.com.br/produto/146639/pix-teclado-wireless-24ghz-office-pt"
"GERAL","GERAL","ANNLUX - FUSIVEL DE VIDRO TIPO  3AG  3,50A","Annlux Fusivel De Vidro Tipo 3ag 3","ANNLUX","CON-139607","0.32","EMB: 50","Disponível","https://www.construja.com.br/produto/139607/annlux-fusivel-de-vidro-tipo-3ag-350a"
"GERAL","GERAL","REMADI - LUVA FERRO GALV H 21/2","Remadi Luva Ferro Galv H","REMADI","CON-12174","0.00","EMB: 2","SEM ESTOQUE","https://www.construja.com.br/produto/12174/remadi-luva-ferro-galv-h-212"
"GERAL","GERAL","FAME - CJ BLANC 4X2 BR (1P+ TOM 10A) 1361","Fame Cj Blanc (1p+ Tom ) 1361","FAME","CON-120459","23.40","EMB: 1","Disponível","https://www.construja.com.br/produto/120459/fame-cj-blanc-4x2-br-1p-tom-10a-1361"
"GERAL","GERAL","PRATIMIX - RESIST TIPO ADVANCED MULTI 6400X220V","Pratimix Resist Tipo Advanced Multi 6400x220v","PRATIMIX","CON-127442","21.62","EMB: 1","Disponível","https://www.construja.com.br/produto/127442/pratimix-resist-tipo-advanced-multi-6400x220v"
"GERAL","GERAL","THOMPSON - FITA SILVER TAPE 48X25M PRATA","Thompson Fita Silver Tape 48x25m Prata","THOMPSON","CON-180540","17.76","EMB: 1","Disponível","https://www.construja.com.br/produto/180540/thompson-fita-silver-tape-48x25m-prata"
"GERAL","GERAL","PADO - CADEADO LATAO 30","Cadeado Latao 30","PADO","CON-17987","20.83","EMB: 10","Disponível","https://www.construja.com.br/produto/17987/pado-cadeado-latao-30"
"GERAL","GERAL","COLORGIN - SPRAY DECOR AMARELO 360ML 859","Colorgin Spray Decor 360ml 859","COLORGIN","CON-10113","15.08","EMB: 1","Disponível","https://www.construja.com.br/produto/10113/colorgin-spray-decor-amarelo-360ml-859"
"GERAL","GERAL","CONDUSCABOS - CABO FLEX  6,00 AM  R/100M","Conduscabos Cabo Flex 6 00 R","CONDUSCABOS","CON-146370","545.78","EMB: 1","Disponível","https://www.construja.com.br/produto/146370/conduscabos-cabo-flex-600-am-r100m"
"GERAL","GERAL","CONDUSCABOS - CABO FLEX 750V  4,0MM AM BOB/ 800M","Conduscabos Cabo Flex Bob","CONDUSCABOS","CON-146397","2793.06","EMB: 1","Disponível","https://www.construja.com.br/produto/146397/conduscabos-cabo-flex-750v-40mm-am-bob-800m"
"GERAL","GERAL","TRAMON - PL ARIA 4X4 BR (6 MOD) 57203031","Tramon Pl Aria (6 Mod) 57203031","TRAMON","CON-166643","5.35","EMB: 1","Disponível","https://www.construja.com.br/produto/166643/tramon-pl-aria-4x4-br-6-mod-57203031"
"GERAL","GERAL","SIKASEAL - FITA MULTIUSO ADESIVA ALUM 0,30X10MX0,7","Sikaseal Fita Multiuso Adesiva Alum 0 30x10mx0 7","SIKASEAL","CON-164704","53.92","EMB: 1","Disponível","https://www.construja.com.br/produto/164704/sikaseal-fita-multiuso-adesiva-alum-030x10mx07"
"GERAL","GERAL","NEW-FIX - PARAF AA PANELA PHS ZINC D 3,5X13","New Fix Paraf Aa Panela Phs Zinc D 3","NEW","CON-191810","3.02","EMB: 5","Disponível","https://www.construja.com.br/produto/191810/new-fix-paraf-aa-panela-phs-zinc-d-35x13"
"GERAL","GERAL","AMANCO - PORTA GRELHA PVC RED 15CM BR N3.","Porta Grelha Red 15cm N3.","AMANCO","CON-158212","10.47","EMB: 1","Disponível","https://www.construja.com.br/produto/158212/amanco-porta-grelha-pvc-red-15cm-br-n3"
"GERAL","GERAL","LS  - LIMA CHATA BASTARDA 12**","Ls Lima Chata Bastarda 12**","LS","CON-118387","28.87","EMB: 1","Disponível","https://www.construja.com.br/produto/118387/ls-lima-chata-bastarda-12"
"GERAL","GERAL","AMAPÁ - GONDOLA PISO CENTRO SEQUEN 1,38X0,96 PT","Amapá Gondola Piso Centro Sequen 1 96","AMAPÁ","CON-162253","575.35","EMB: 1","Disponível","https://www.construja.com.br/produto/162253/amap-gondola-piso-centro-sequen-138x096-pt"
"GERAL","GERAL","SAMPAFLEX - CIMENTO BRANCO 1KG","Sampaflex Cimento 1kg","SAMPAFLEX","CON-16401","3.95","EMB: 20","Disponível","https://www.construja.com.br/produto/16401/sampaflex-cimento-branco-1kg"
"GERAL","GERAL","LUZARTE - CX ACOP 3/6L BR EVORA","Luzarte Acop 3 6l Evora","LUZARTE","CON-193213","222.46","EMB: 1","Disponível","https://www.construja.com.br/produto/193213/luzarte-cx-acop-36l-br-evora"
"GERAL","GERAL","POLIDECK - VERNIZ DECK NATURAL  900ML","Polideck Verniz Deck Natural 900ml","POLIDECK","CON-163112","82.82","EMB: 1","Disponível","https://www.construja.com.br/produto/163112/polideck-verniz-deck-natural-900ml"
"GERAL","GERAL","UNIPEGA - GRAXA SPRAY 150G","Unipega Graxa Spray 150g","UNIPEGA","CON-136192","10.43","EMB: 1","Disponível","https://www.construja.com.br/produto/136192/unipega-graxa-spray-150g"
"GERAL","GERAL","ROMA - GARFO C/BUCHA 236","Roma Garfo C Bucha 236","ROMA","CON-19957","6.85","EMB: 1","Disponível","https://www.construja.com.br/produto/19957/roma-garfo-cbucha-236"
"GERAL","GERAL","THOMPSON - CANTON PRATELEIRA 05X06 CZ","Thompson Canton Prateleira","THOMPSON","CON-17793","2.14","EMB: 24","Disponível","https://www.construja.com.br/produto/17793/thompson-canton-prateleira-05x06-cz"
"GERAL","GERAL","INTERNEED - CONECTOR 02 BORNE 16MM","Interneed Conector 02 Borne","INTERNEED","CON-11304","4.07","EMB: 10","Disponível","https://www.construja.com.br/produto/11304/interneed-conector-02-borne-16mm"
"GERAL","GERAL","JUNTALIDER - REJUNTE PORCELANATO CINZA PLATINA 1KG","Juntalider Rejunte Porcelanato Platina 1kg","JUNTALIDER","CON-16405","4.02","EMB: 20","Disponível","https://www.construja.com.br/produto/16405/juntalider-rejunte-porcelanato-cinza-platina-1kg"
"GERAL","GERAL","KRONA - TE LLL  1/2","Te Lll","KRONA","CON-132347","1.03","EMB: 50","Disponível","https://www.construja.com.br/produto/132347/krona-te-lll-12"
"GERAL","GERAL","VJ - PREGO AÇO NIQUEL 17X21 S/CAB %","Vj Prego Niquel S Cab %","VJ","CON-11188","21.02","EMB: 1","Disponível","https://www.construja.com.br/produto/11188/vj-prego-ao-niquel-17x21-scab"
"GERAL","GERAL","ARGEVVISION - BUCHA TIJOLO FUR 12 CZ C/50PÇ","Argevvision Bucha Tijolo Fur 12 C 50pç","ARGEVVISION","CON-11924","20.32","EMB: 1","Disponível","https://www.construja.com.br/produto/11924/argevvision-bucha-tijolo-fur-12-cz-c50p"
"GERAL","GERAL","PROTEGE & DECORA - TINTA ACR PREM 18L CAMURÇA***","Protege & Decora Tinta Acr Prem 18l Camurça***","PROTEGE & DECORA","CON-105460","344.14","EMB: 1","Disponível","https://www.construja.com.br/produto/105460/protege-decora-tinta-acr-prem-18l-camura"
"GERAL","GERAL","BEST - SOLDA ESTANHO 50X50","Best Solda Estanho","BEST","CON-12069","407.43","EMB: 2","Disponível","https://www.construja.com.br/produto/12069/best-solda-estanho-50x50"
"GERAL","GERAL","GALVITE - FUNDO P/ GALV 3,6L","Galvite Fundo P Galv 3 6l","GALVITE","CON-14257","186.13","EMB: 1","Disponível","https://www.construja.com.br/produto/14257/galvite-fundo-p-galv-36l"
"GERAL","GERAL","XADREZ - CORANTE PO AMARELO 250G","Xadrez Corante Po 250g","XADREZ","CON-14239","11.04","EMB: 1","Disponível","https://www.construja.com.br/produto/14239/xadrez-corante-po-amarelo-250g"
"GERAL","GERAL","FERJA - ESTILETE TRAPEZ RETRATIL PRO","Ferja Estilete Trapez Retratil Pro","FERJA","CON-190335","20.43","EMB: 1","Disponível","https://www.construja.com.br/produto/190335/ferja-estilete-trapez-retratil-pro"
"GERAL","GERAL","FERJA - CHAVE ALLEN CRV JG 09PÇ 1,5MM/10MM ABAUL","Ferja Chave Allen Crv Jg 09pç 10mm Abaul","FERJA","CON-190177","34.12","EMB: 1","Disponível","https://www.construja.com.br/produto/190177/ferja-chave-allen-crv-jg-09p-15mm10mm-abaul"
"GERAL","GERAL","BOGNAR - SPOT C/ALETA 1 BOCAL BR/PT","Bognar Spot C Aleta 1 Bocal Pt","BOGNAR","CON-10213","17.82","EMB: 1","Disponível","https://www.construja.com.br/produto/10213/bognar-spot-caleta-1-bocal-brpt"
"GERAL","GERAL","TRAMON - MOD LIZ/LUX2 GRAFITE  (1P) 57215008","Tramon Mod Liz Lux2 Grafite (1p) 57215008","TRAMON","CON-166662","7.87","EMB: 1","Disponível","https://www.construja.com.br/produto/166662/tramon-mod-lizlux2-grafite-1p-57215008"
"GERAL","GERAL","THOMPSON - SERRA COPO JG C/ 06PÇS (11/4-21/8)","Thompson Serra Copo Jg C 06pçs ( 21 8)","THOMPSON","CON-180585","16.29","EMB: 1","Disponível","https://www.construja.com.br/produto/180585/thompson-serra-copo-jg-c-06ps-114-218"
"GERAL","GERAL","NEW-FIX - PARAF R MAQ RED [29] 3/16X3/8","New Fix Paraf R Maq Red [29] 3 8","NEW","CON-191268","5.25","EMB: 5","Disponível","https://www.construja.com.br/produto/191268/new-fix-paraf-r-maq-red-29-316x38"
"GERAL","GERAL","STECK - SINALIZADOR LED 220V AZ SLDS2204","Steck Sinalizador Led Slds2204","STECK","CON-159774","18.08","EMB: 12","Disponível","https://www.construja.com.br/produto/159774/steck-sinalizador-led-220v-az-slds2204"
"GERAL","GERAL","KRONA - BUCHA REDUÇAO ROSCA 11/2X1","Bucha Reduçao Rosca 11","KRONA","CON-132768","0.00","EMB: 16","Disponível","https://www.construja.com.br/produto/132768/krona-bucha-reduao-rosca-112x1"
"GERAL","GERAL","FERJA - TESOURA AVIADOR DIR CRV PRO","Ferja Tesoura Aviador Dir Crv Pro","FERJA","CON-190544","45.46","EMB: 1","Disponível","https://www.construja.com.br/produto/190544/ferja-tesoura-aviador-dir-crv-pro"
"GERAL","GERAL","NEW-FIX - PARAF SEXT SOBERBA [15] 1/4X45","New Fix Paraf Sext Soberba [15] 1","NEW","CON-191332","24.47","EMB: 2","Disponível","https://www.construja.com.br/produto/191332/new-fix-paraf-sext-soberba-15-14x45"
"GERAL","GERAL","MARLUVAS - BOTINA NOBUCK CAFE PU/BI B/PVC PRIME 37","Marluvas Botina Nobuck Cafe Pu Bi B Prime 37","MARLUVAS","CON-159271","207.23","EMB: 1","Disponível","https://www.construja.com.br/produto/159271/marluvas-botina-nobuck-cafe-pubi-bpvc-prime-37"
"GERAL","GERAL","GARDEN - IRRIGADOR GIRATORIO 1/2","Garden Irrigador Giratorio","GARDEN","CON-18728","29.10","EMB: 1","Disponível","https://www.construja.com.br/produto/18728/garden-irrigador-giratorio-12"
"GERAL","GERAL","THOMPSON - CHAVE BOIA SUP/INF 15A-250V 1,5M","Thompson Chave Boia Sup Inf 250v","THOMPSON","CON-180817","25.28","EMB: 1","Disponível","https://www.construja.com.br/produto/180817/thompson-chave-boia-supinf-15a-250v-15m"
"GERAL","GERAL","STARRETT - LAMINA SERRA TICO-TICO MAD 2PÇ HCU38-2","Lamina Serra Tico Tico Mad 2pç Hcu38 2","STARRETT","CON-156188","12.70","EMB: 1","Disponível","https://www.construja.com.br/produto/156188/starrett-lamina-serra-tico-tico-mad-2p-hcu38-2"
"GERAL","GERAL","NEW-FIX - PARAF SEXT SOBERBA [31] 5/16X70","New Fix Paraf Sext Soberba [31] 5","NEW","CON-191345","52.60","EMB: 1","Disponível","https://www.construja.com.br/produto/191345/new-fix-paraf-sext-soberba-31-516x70"
"GERAL","GERAL","SILVANA - FIXADOR PORTA CROMADO PISO NIQ","Silvana Fixador Porta Cromado Piso Niq","SILVANA","CON-190100","20.07","EMB: 1","Disponível","https://www.construja.com.br/produto/190100/silvana-fixador-porta-cromado-piso-niq"
"GERAL","GERAL","MEC - CJ MILL SOBR BR (2 TOM 20A) 39895","Mec Cj Mill So Br (2 Tom ) 39895","MEC","CON-126491","13.08","EMB: 10","Disponível","https://www.construja.com.br/produto/126491/mec-cj-mill-sobr-br-2-tom-20a-39895"
"GERAL","GERAL","AMAPÁ - GONDOLA PAREDE  INICIO FIT60 2,02X90 BR","Amapá Gondola Parede Inicio Fit60 2","AMAPÁ","CON-162236","959.27","EMB: 1","Disponível","https://www.construja.com.br/produto/162236/amap-gondola-parede-inicio-fit60-202x90-br"
"GERAL","GERAL","KEM TONE - TINTA ACR ECON 18L BIANCO SERENO","Kem Tone Tinta Acr Econ 18l Sereno","KEM TONE","CON-141130","0.00","EMB: 1","SEM ESTOQUE","https://www.construja.com.br/produto/141130/kem-tone-tinta-acr-econ-18l-bianco-sereno"
"GERAL","GERAL","TEK BOND - PROTETOR ANTI IMPACTO GOTA 10 PÇS 15,7MM","Tek Bond Protetor Anti Impacto Gota 10 Pçs","TEK BOND","CON-185163","15.17","EMB: 1","Disponível","https://www.construja.com.br/produto/185163/tek-bond-protetor-anti-impacto-gota-10-ps-157mm"
"GERAL","GERAL","NAUTIKA - BOIA BRAÇO ABACAXI","Nautika Boia Braço Abacaxi","NAUTIKA","CON-101424","9.69","EMB: 1","Disponível","https://www.construja.com.br/produto/101424/nautika-boia-brao-abacaxi"
"GERAL","GERAL","CORTAG - CUNHA NIVELADORA REUTIL ECO C/50PÇS","Cortag Cunha Niveladora Reutil Eco C 50pçs","CORTAG","CON-181189","24.48","EMB: 1","Disponível","https://www.construja.com.br/produto/181189/cortag-cunha-niveladora-reutil-eco-c50ps"
"GERAL","GERAL","BOGNAR - SPOT EMBUTIR SIMPLES BR**","Bognar Spot Embutir Simples **","BOGNAR","CON-10274","14.34","EMB: 1","Disponível","https://www.construja.com.br/produto/10274/bognar-spot-embutir-simples-br"
"GERAL","GERAL","KRONA - LUVA LL 21/2","Luva Ll","KRONA","CON-132568","22.69","EMB: 1","Disponível","https://www.construja.com.br/produto/132568/krona-luva-ll-212"
"GERAL","GERAL","FERJA - CHAVE PHILLIPS CRV C/PI 1/8X04 EMBO PRO","Ferja Chave Phillips Crv C Pi 1 Embo Pro","FERJA","CON-190732","5.40","EMB: 1","Disponível","https://www.construja.com.br/produto/190732/ferja-chave-phillips-crv-cpi-18x04-embo-pro"
"GERAL","GERAL","KALIPSO - COLETE REFLET LAR XG C/ BOLSO","Kalipso Colete Reflet Lar Xg C Bolso","KALIPSO","CON-134216","18.33","EMB: 1","Disponível","https://www.construja.com.br/produto/134216/kalipso-colete-reflet-lar-xg-c-bolso"
"GERAL","GERAL","TRIFIXI - BUCHA PLASTICA 08 ANEL  C/08**","Trifixi Bucha Plastica 08 Anel C 08**","TRIFIXI","CON-192039","2.00","EMB: 1","Disponível","https://www.construja.com.br/produto/192039/trifixi-bucha-plastica-08-anel-c08"
"GERAL","GERAL","SAMPAFLEX - REJUNTE PORCELANATO GRAFITE 1KG","Sampaflex Rejunte Porcelanato Grafite 1kg","SAMPAFLEX","CON-149398","3.33","EMB: 20","Disponível","https://www.construja.com.br/produto/149398/sampaflex-rejunte-porcelanato-grafite-1kg"
"GERAL","GERAL","HIGIBAN - VALV AMERICANA INOX/ABS 41/2","Higiban Valv Americana Abs","HIGIBAN","CON-153131","20.13","EMB: 1","Disponível","https://www.construja.com.br/produto/153131/higiban-valv-americana-inoxabs-412"
"GERAL","GERAL","TORK - ARAME SOLDA MIG 5KG 0,8MM CARRETEL**","Tork Arame Solda Mig 5kg Carretel**","TORK","CON-149248","141.98","EMB: 1","Disponível","https://www.construja.com.br/produto/149248/tork-arame-solda-mig-5kg-08mm-carretel"
"GERAL","GERAL","DECA - REG ESFERA BRONZE  1/2 VAZAO TOTAL","Reg Esfera Bronze Vazao Total","DECA","CON-13392","66.56","EMB: 1","Disponível","https://www.construja.com.br/produto/13392/deca-reg-esfera-bronze-12-vazao-total"
"GERAL","GERAL","PADO - CADEADO LATAO 35","Cadeado Latao 35","PADO","CON-17988","27.86","EMB: 5","Disponível","https://www.construja.com.br/produto/17988/pado-cadeado-latao-35"
"GERAL","GERAL","EUCATEX - TINTA ACR EXTRA PISO FOSCO  3,6L VM SEG","Eucatex Tinta Acr Extra Piso Fosco 3 6l Seg","EUCATEX","CON-163376","54.76","EMB: 1","Disponível","https://www.construja.com.br/produto/163376/eucatex-tinta-acr-extra-piso-fosco-36l-vm-seg"
"GERAL","GERAL","TERMOLAR - CAIXA TERM 32L MARROM CAFE SUV 3502","Termolar Term 32l Cafe Suv 3502","TERMOLAR","CON-188354","118.52","EMB: 1","Disponível","https://www.construja.com.br/produto/188354/termolar-caixa-term-32l-marrom-cafe-suv-3502"
"GERAL","GERAL","TRAMON - CHAVE COMBINADA 14MM","Tramon Chave Combinada","TRAMON","CON-16609","13.54","EMB: 1","Disponível","https://www.construja.com.br/produto/16609/tramon-chave-combinada-14mm"
"GERAL","GERAL","MAXEB - VARAL SANF 1,00X0,43 BR","Maxeb Varal Sanf 1 43","MAXEB","CON-19056","72.77","EMB: 1","Disponível","https://www.construja.com.br/produto/19056/maxeb-varal-sanf-100x043-br"
"GERAL","GERAL","CONDUSCABOS - CABO FLEX  1,50 AM/VD R/100M","Conduscabos Cabo Flex 1 50 Vd R","CONDUSCABOS","CON-146351","138.54","EMB: 1","Disponível","https://www.construja.com.br/produto/146351/conduscabos-cabo-flex-150-amvd-r100m"
"GERAL","GERAL","GUEPAR - PREGO AÇO GALV 12X12 C/C %","Guepar Prego Galv C C %","GUEPAR","CON-153404","3.24","EMB: 1","Disponível","https://www.construja.com.br/produto/153404/guepar-prego-ao-galv-12x12-cc"
"GERAL","GERAL","PIX - CONTROLE REMOTO AR CONDICIONADO UNIV","Pix Controle Remoto Ar Condicionado Univ","PIX","CON-146629","27.06","EMB: 1","Disponível","https://www.construja.com.br/produto/146629/pix-controle-remoto-ar-condicionado-univ"
"GERAL","GERAL","GAYA - DRIVER FITA LED 5A 2W**","Gaya Driver Fita Led 2w**","GAYA","CON-160475","42.37","EMB: 1","Disponível","https://www.construja.com.br/produto/160475/gaya-driver-fita-led-5a-2w"
"GERAL","GERAL","AMANCO - TE ESG 040.","Te Esg 040.","AMANCO","CON-158234","3.12","EMB: 25","Disponível","https://www.construja.com.br/produto/158234/amanco-te-esg-040"
"GERAL","GERAL","QUALITRONIX - BASE RELE FOTOELETRICO","Qualitronix Base Rele Fotoeletrico","QUALITRONIX","CON-114132","6.49","EMB: 1","Disponível","https://www.construja.com.br/produto/114132/qualitronix-base-rele-fotoeletrico"
"GERAL","GERAL","LORENZETTI - RESIST LOREN SHOWER ULTR 6800X220","Resist Loren Shower Ultr","LORENZETTI","CON-127477","51.98","EMB: 1","Disponível","https://www.construja.com.br/produto/127477/lorenzetti-resist-loren-shower-ultr-6800x220"
"GERAL","GERAL","FERJA - MISTURADOR TINTA METAL 100X600-3/8","Ferja Misturador Tinta Metal 3 8","FERJA","CON-192178","20.99","EMB: 1","Disponível","https://www.construja.com.br/produto/192178/ferja-misturador-tinta-metal-100x600-38"
"GERAL","GERAL","HYDRA - RETENTOR HYDRA MAX","Hydra Retentor Hydra Max","HYDRA","CON-133315","17.20","EMB: 1","Disponível","https://www.construja.com.br/produto/133315/hydra-retentor-hydra-max"
"GERAL","GERAL","TRAMON - CJ ARIA 4X2 BR (TOM 20A) 57241013","Tramon Cj Aria (tom ) 57241013","TRAMON","CON-166608","6.99","EMB: 1","Disponível","https://www.construja.com.br/produto/166608/tramon-cj-aria-4x2-br-tom-20a-57241013"
"GERAL","GERAL","TEK BOND - SPRAY ALTA TEMP ALUMINIO 350ML","Tek Bond Spray Alta Temp 350ml","TEK BOND","CON-185527","19.22","EMB: 1","Disponível","https://www.construja.com.br/produto/185527/tek-bond-spray-alta-temp-aluminio-350ml"
"GERAL","GERAL","FERJA - LIMPA PEDRA 1L","Ferja Limpa Pedra 1l","FERJA","CON-190454","9.07","EMB: 12","Disponível","https://www.construja.com.br/produto/190454/ferja-limpa-pedra-1l"
"GERAL","GERAL","KRONA - TE ESG 100X75","Te Esg","KRONA","CON-132130","14.90","EMB: 10","Disponível","https://www.construja.com.br/produto/132130/krona-te-esg-100x75"
"GERAL","GERAL","CARBONPEÇAS - CARVAO FURAD MAKITA CB419 C173G","Carbonpeças Carvao Furad Cb419 C173g","CARBONPEÇAS","CON-199745","6.29","EMB: 6","Disponível","https://www.construja.com.br/produto/199745/carbonpeas-carvao-furad-makita-cb419-c173g"
"GERAL","GERAL","SANRO - LUVA MAO LATEX FORR AM 09CM LIGHT (XG)","Sanro Luva Mao Latex Forr 09cm Light (xg)","SANRO","CON-188258","4.25","EMB: 10","Disponível","https://www.construja.com.br/produto/188258/sanro-luva-mao-latex-forr-am-09cm-light-xg"
"GERAL","GERAL","ROMA - TRINCHA 301X1","Roma Trincha","ROMA","CON-199696","2.09","EMB: 12","Disponível","https://www.construja.com.br/produto/199696/roma-trincha-301x1"
"GERAL","GERAL","IRWIN - BROCA AÇO RAPIDO  5,5MM","Broca Rapido","IRWIN","CON-17010","6.96","EMB: 10","Disponível","https://www.construja.com.br/produto/17010/irwin-broca-ao-rapido-55mm"
"GERAL","GERAL","REBOUCAS - ADAPTADOR INT C/ROSCA EXT   1/2 AZ","Reboucas Adaptador Int C Rosca Ext","REBOUCAS","CON-132755","0.44","EMB: 50","Disponível","https://www.construja.com.br/produto/132755/reboucas-adaptador-int-crosca-ext-12-az"
"GERAL","GERAL","MTX - SERROTE PONTA P/ GESSO/DRYWALL 07 C/EMB","Serrote Ponta P Gesso Drywall 07 C Emb","MTX","CON-199821","25.97","EMB: 1","Disponível","https://www.construja.com.br/produto/199821/mtx-serrote-ponta-p-gessodrywall-07-cemb"
"GERAL","GERAL","VIAPOL - MASSA F12 IPE 1,65KG**","Viapol Massa F12 Ipe 1 65kg**","VIAPOL","CON-164745","27.29","EMB: 1","Disponível","https://www.construja.com.br/produto/164745/viapol-massa-f12-ipe-165kg"
"GERAL","GERAL","FERJA - JG CHAVE COMBINADA 10/19 08PÇS","Ferja Jg Chave Combinada 08pçs","FERJA","CON-190638","55.33","EMB: 1","Disponível","https://www.construja.com.br/produto/190638/ferja-jg-chave-combinada-1019-08ps"
"GERAL","GERAL","AMANCO - CURVA LONGA LL 21/2X45.","Curva Longa Ll 21 .","AMANCO","CON-158530","42.56","EMB: 1","Disponível","https://www.construja.com.br/produto/158530/amanco-curva-longa-ll-212x45"
"GERAL","GERAL","ASTRA - ENGATE PVC  40 METALIZADO","Astra Engate 40 Metalizado","ASTRA","CON-194267","18.53","EMB: 1","Disponível","https://www.construja.com.br/produto/194267/astra-engate-pvc-40-metalizado"
"GERAL","GERAL","ANNLUX - FUSIVEL DE VIDRO TIPO  3AG  1,50A","Annlux Fusivel De Vidro Tipo 3ag 1","ANNLUX","CON-139603","0.32","EMB: 50","Disponível","https://www.construja.com.br/produto/139603/annlux-fusivel-de-vidro-tipo-3ag-150a"
"GERAL","GERAL","ANNLUX - CAPACITOR   08UF 250VAC 2 FIOS 921","Annlux Capacitor 08uf 250vac 2 Fios 921","ANNLUX","CON-139648","8.90","EMB: 1","Disponível","https://www.construja.com.br/produto/139648/annlux-capacitor-08uf-250vac-2-fios-921"
"GERAL","GERAL","ALIANÇA - REGULADOR GAS  504/1 MED","Aliança Regulador Gas Med","ALIANÇA","CON-13702","29.77","EMB: 1","Disponível","https://www.construja.com.br/produto/13702/aliana-regulador-gas-5041-med"
"GERAL","GERAL","KRONA - JOELHO LL 3X90","Joelho Ll","KRONA","CON-132565","116.98","EMB: 1","Disponível","https://www.construja.com.br/produto/132565/krona-joelho-ll-3x90"
"GERAL","GERAL","PLASTCOR - RESPIRADOR SEMI FACIAL P/ 1 FILTRO","Plastcor Respirador Semi Facial P 1 Filtro","PLASTCOR","CON-151212","14.48","EMB: 1","Disponível","https://www.construja.com.br/produto/151212/plastcor-respirador-semi-facial-p-1-filtro"
"GERAL","GERAL","NOVACOR - TINTA ACR PISO ULTRA  3,6L BRANCO","Novacor Tinta Acr Piso Ultra 3 6l","NOVACOR","CON-149416","133.22","EMB: 1","Disponível","https://www.construja.com.br/produto/149416/novacor-tinta-acr-piso-ultra-36l-branco"
"GERAL","GERAL","REMADI - NIPEL FERRO GALV G 2","Remadi Nipel Ferro Galv G 2","REMADI","CON-12163","23.55","EMB: 5","Disponível","https://www.construja.com.br/produto/12163/remadi-nipel-ferro-galv-g-2"
"GERAL","GERAL","NEW-FIX - PARAF FRANCES [40] 5/16X7 C/50PÇS","New Fix Paraf Frances [40] 5 C 50pçs","NEW","CON-19101","65.76","EMB: 1","Disponível","https://www.construja.com.br/produto/19101/new-fix-paraf-frances-40-516x7-c50ps"
"GERAL","GERAL","LORENZETTI - DUCHA BELLA DUCHA ULTRA 5500X127","Ducha Bella Ducha Ultra","LORENZETTI","CON-127207","89.59","EMB: 1","Disponível","https://www.construja.com.br/produto/127207/lorenzetti-ducha-bella-ducha-ultra-5500x127"
"GERAL","GERAL","TECNYL - TELA P/ REFORÇO FACHADA 0,50X25M","Tecnyl Tela P Reforço Fachada 0 50x25m","TECNYL","CON-184212","200.11","EMB: 1","Disponível","https://www.construja.com.br/produto/184212/tecnyl-tela-p-reforo-fachada-050x25m"
"GERAL","GERAL","FOXLUX - LAMP HALOGENA BULBO CLASSICA 100X220","Foxlux Lamp Halogena Bulbo Classica","FOXLUX","CON-107263","3.93","EMB: 10","Disponível","https://www.construja.com.br/produto/107263/foxlux-lamp-halogena-bulbo-classica-100x220"
"GERAL","GERAL","AMANCO - TE ESG 200.","Te Esg 200.","AMANCO","CON-158395","328.36","EMB: 1","Disponível","https://www.construja.com.br/produto/158395/amanco-te-esg-200"
"GERAL","GERAL","SUALL - ELEVADOR ALCALINIZANTE 2KG","Suall Elevador Alcalinizante 2kg","SUALL","CON-129200","23.85","EMB: 1","Disponível","https://www.construja.com.br/produto/129200/suall-elevador-alcalinizante-2kg"
"GERAL","GERAL","THOMPSON - CHAVE BOIA SUP/INF 25A-250V 1,5M","Thompson Chave Boia Sup Inf 250v","THOMPSON","CON-180818","32.01","EMB: 1","Disponível","https://www.construja.com.br/produto/180818/thompson-chave-boia-supinf-25a-250v-15m"
"GERAL","GERAL","TRAMON - FACAO 12 C/PLAST","Tramon Facao 12 C Plast","TRAMON","CON-166141","19.97","EMB: 6","Disponível","https://www.construja.com.br/produto/166141/tramon-facao-12-cplast"
"GERAL","GERAL","TEK BOND - FITA CREPE 18X50 IMOBIL AZ","Tek Bond Fita Crepe Imobil","TEK BOND","CON-185596","0.00","EMB: 1","SEM ESTOQUE","https://www.construja.com.br/produto/185596/tek-bond-fita-crepe-18x50-imobil-az"
"GERAL","GERAL","MEC - CJ MILL SOBR BR (TOM 20A) 39119","Mec Cj Mill So Br (tom ) 39119","MEC","CON-12317","9.09","EMB: 5","Disponível","https://www.construja.com.br/produto/12317/mec-cj-mill-sobr-br-tom-20a-39119"
"GERAL","GERAL","LUKMA - BARRAM DIN 1P 80A 12 POLOS","Lukma Barram Din 1p 12 Polos","LUKMA","CON-159405","12.69","EMB: 1","Disponível","https://www.construja.com.br/produto/159405/lukma-barram-din-1p-80a-12-polos"
"GERAL","GERAL","IRWIN - BROCA VIDEA  9,0MM 11/32","Broca Videa 11 32","IRWIN","CON-156132","11.89","EMB: 5","Disponível","https://www.construja.com.br/produto/156132/irwin-broca-videa-90mm-1132"
"GERAL","GERAL","NEW-FIX - PARAF MAD C/CHATA PHS ZINC 3,8X22","New Fix Paraf Mad C Chata Phs Zinc 3","NEW","CON-191558","4.46","EMB: 5","Disponível","https://www.construja.com.br/produto/191558/new-fix-paraf-mad-cchata-phs-zinc-38x22"
"GERAL","GERAL","NEW-FIX - PARAF SEXT SOBERBA [11] 3/16X75","New Fix Paraf Sext Soberba [11] 3","NEW","CON-191445","19.42","EMB: 2","Disponível","https://www.construja.com.br/produto/191445/new-fix-paraf-sext-soberba-11-316x75"
"GERAL","GERAL","PEGAFORTE - BOTA PT/AM C/MEDIO 39","Pegaforte Bota Am C Medio 39","PEGAFORTE","CON-152107","38.17","EMB: 1","Disponível","https://www.construja.com.br/produto/152107/pegaforte-bota-ptam-cmedio-39"
"GERAL","GERAL","TENACE - MARRETA FUNDIDA  3,0KG","Tenace Marreta Fundida 3 0kg","TENACE","CON-17447","78.39","EMB: 1","Disponível","https://www.construja.com.br/produto/17447/tenace-marreta-fundida-30kg"
"GERAL","GERAL","SCHNEIDER - CJ LUNARE 4X2 BR (TOM 10A) PRM444721**","Schneider Cj Lunare (tom ) Prm444721**","SCHNEIDER","CON-122152","9.69","EMB: 1","Disponível","https://www.construja.com.br/produto/122152/schneider-cj-lunare-4x2-br-tom-10a-prm444721"
"GERAL","GERAL","GERDAU - PREGO 18X27 C/C","Prego C C","GERDAU","CON-11135","12.38","EMB: 20","Disponível","https://www.construja.com.br/produto/11135/gerdau-prego-18x27-cc"
"GERAL","GERAL","TRAMON - CARRINHO PEDR 3,25X8 CH20 65L CZ REFOR","Tramon Carrinho Pedr 3 Ch20 65l Refor","TRAMON","CON-15692","346.68","EMB: 1","Disponível","https://www.construja.com.br/produto/15692/tramon-carrinho-pedr-325x8-ch20-65l-cz-refor"
"GERAL","GERAL","JUNTALIDER - CIMENTO CINZA COMUM 5KG","Juntalider Cimento Comum 5kg","JUNTALIDER","CON-16460","0.00","EMB: 6","SEM ESTOQUE","https://www.construja.com.br/produto/16460/juntalider-cimento-cinza-comum-5kg"
"GERAL","GERAL","KRONA - ADAPTADOR C/ FLANGE E ANEL 3","Adaptador C Flange E Anel 3","KRONA","CON-132358","231.92","EMB: 1","Disponível","https://www.construja.com.br/produto/132358/krona-adaptador-c-flange-e-anel-3"
"GERAL","GERAL","NEW-FIX - PARAF FRANCES [11] 1/4X1","New Fix Paraf Frances [11] 1","NEW","CON-19193","25.06","EMB: 5","Disponível","https://www.construja.com.br/produto/19193/new-fix-paraf-frances-11-14x1"
"GERAL","GERAL","SMARTCOLOR - SPRAY SMART GRAFITE METAL 300ML 9661","Smartcolor Spray Smart Grafite Metal 300ml 9661","SMARTCOLOR","CON-190661","13.20","EMB: 1","Disponível","https://www.construja.com.br/produto/190661/smartcolor-spray-smart-grafite-metal-300ml-9661"
"GERAL","GERAL","EMAVI - SOLDA CARRETEL 500G 1,0 AZ","Emavi Solda Carretel 500g 1 0","EMAVI","CON-199807","142.11","EMB: 1","Disponível","https://www.construja.com.br/produto/199807/emavi-solda-carretel-500g-10-az"
"GERAL","GERAL","MEC - CJ PETRA 4X2 BR (1S+TOM 10A) 057/838","Mec Cj Petra (1s+tom ) 057 838","MEC","CON-126266","9.68","EMB: 5","Disponível","https://www.construja.com.br/produto/126266/mec-cj-petra-4x2-br-1stom-10a-057838"
"GERAL","GERAL","INTELBRAS - CAMERA SEG WI-FI FULL HD IM5 EXT BR**","Intelas Camera Seg Wi Fi Full Hd Im5 Ext Br**","INTELBRAS","CON-113291","457.11","EMB: 1","Disponível","https://www.construja.com.br/produto/113291/intelbras-camera-seg-wi-fi-full-hd-im5-ext-br"
"GERAL","GERAL","SIKASEAL - FITA MULTIUSO ADESIVA ALUM 0,05X10MX0,7","Sikaseal Fita Multiuso Adesiva Alum 0 05x10mx0 7","SIKASEAL","CON-164700","10.39","EMB: 1","Disponível","https://www.construja.com.br/produto/164700/sikaseal-fita-multiuso-adesiva-alum-005x10mx07"
"GERAL","GERAL","FERJA - FITA ISOLANTE AMARELA 10M","Ferja Fita Isolante Amarela","FERJA","CON-192445","3.52","EMB: 10","Disponível","https://www.construja.com.br/produto/192445/ferja-fita-isolante-amarela-10m"
"GERAL","GERAL","ASTRA - ASSENTO SANIT PT ALMOF OVAL SLIM TAJ","Astra Assento Sanit Almof Oval Slim Taj","ASTRA","CON-196185","64.84","EMB: 1","Disponível","https://www.construja.com.br/produto/196185/astra-assento-sanit-pt-almof-oval-slim-taj"
"GERAL","GERAL","TRAMON - CHAVE COMBINADA 22MM","Tramon Chave Combinada","TRAMON","CON-16617","22.08","EMB: 1","Disponível","https://www.construja.com.br/produto/16617/tramon-chave-combinada-22mm"
"GERAL","GERAL","LUKMA - CENTRO DIST DISJ DIN 08 SOB BR 1P","Lukma Centro Dist Disj Din 08 Sob 1p","LUKMA","CON-159618","38.43","EMB: 1","Disponível","https://www.construja.com.br/produto/159618/lukma-centro-dist-disj-din-08-sob-br-1p"
"GERAL","GERAL","TEK BOND - SPRAY ALTA TEMP PRETO FOSCO 350ML","Tek Bond Spray Alta Temp Fosco 350ml","TEK BOND","CON-185529","19.22","EMB: 1","Disponível","https://www.construja.com.br/produto/185529/tek-bond-spray-alta-temp-preto-fosco-350ml"
"GERAL","GERAL","ROSSI - LINHA PEDR TRANÇ 050M LARANJA","Rossi Linha Pedr Tranç Laranja","ROSSI","CON-101083","4.54","EMB: 12","Disponível","https://www.construja.com.br/produto/101083/rossi-linha-pedr-tran-050m-laranja"
"GERAL","GERAL","HERC - SUP GARRAFAO BR","Herc Sup Garrafao","HERC","CON-18798","35.97","EMB: 1","Disponível","https://www.construja.com.br/produto/18798/herc-sup-garrafao-br"
"GERAL","GERAL","ATLAS - ROLO VELUDO 05 329/55","Atlas Veludo 05","ATLAS","CON-199208","7.83","EMB: 1","Disponível","https://www.construja.com.br/produto/199208/atlas-rolo-veludo-05-32955"
"GERAL","GERAL","IRWIN - BROCA VIDEA  3,5MM 9/64","Broca Videa 9 64","IRWIN","CON-156130","5.96","EMB: 10","Disponível","https://www.construja.com.br/produto/156130/irwin-broca-videa-35mm-964"
"GERAL","GERAL","KRONA - CONECTOR CPVC 28MMX1 ULTRATERM","Conector Cpvc 28mmx1 Ultraterm","KRONA","CON-132492","20.25","EMB: 1","Disponível","https://www.construja.com.br/produto/132492/krona-conector-cpvc-28mmx1-ultraterm"
"GERAL","GERAL","STECK - TOMADA IND EMB 3P+T 16A 220V 9H AZ 4049","Steck Tomada Ind Emb 3p+t 9h 4049","STECK","CON-15914","0.00","EMB: 1","SEM ESTOQUE","https://www.construja.com.br/produto/15914/steck-tomada-ind-emb-3pt-16a-220v-9h-az-4049"
"GERAL","GERAL","COLSON - RODIZIO PLACA GIR BLACK 5 163MM","Colson Rodizio Placa Gir Black 5","COLSON","CON-177203","82.01","EMB: 1","Disponível","https://www.construja.com.br/produto/177203/colson-rodizio-placa-gir-black-5-163mm"
"GERAL","GERAL","ROCO - BOTAO ACIONADOR LATERAL CR UNIV","Roco Botao Acionador Lateral Cr Univ","ROCO","CON-182498","19.46","EMB: 1","Disponível","https://www.construja.com.br/produto/182498/roco-botao-acionador-lateral-cr-univ"
"GERAL","GERAL","KRONA - CX SIF 250X172X50 QUAD ABS/BR N21","Sif 250x172x50 Quad Abs N21","KRONA","CON-132193","129.85","EMB: 1","Disponível","https://www.construja.com.br/produto/132193/krona-cx-sif-250x172x50-quad-absbr-n21"
"GERAL","GERAL","QUALITRONIX - SENSOR PRESENÇA PAR 4X2 C/C 180° EMB BR","Qualitronix Sensor Presença Par C C 180° Emb","QUALITRONIX","CON-114150","30.80","EMB: 1","Disponível","https://www.construja.com.br/produto/114150/qualitronix-sensor-presena-par-4x2-cc-180-emb-br"
"GERAL","GERAL","TENACE - MARTELO UNHA FUNDIDO 27 C/MAD","Tenace Martelo Unha Fundido 27 C Mad","TENACE","CON-17434","19.67","EMB: 1","Disponível","https://www.construja.com.br/produto/17434/tenace-martelo-unha-fundido-27-cmad"
"GERAL","GERAL","ANNLUX - LETRA RESIDENCIAL A COLONIAL","Annlux Letra Residencial A Colonial","ANNLUX","CON-139740","1.94","EMB: 10","Disponível","https://www.construja.com.br/produto/139740/annlux-letra-residencial-a-colonial"
"GERAL","GERAL","ANNLUX - FUSIVEL DE VIDRO TIPO 20AG  7,00A","Annlux Fusivel De Vidro Tipo 20ag 7","ANNLUX","CON-139629","0.32","EMB: 50","Disponível","https://www.construja.com.br/produto/139629/annlux-fusivel-de-vidro-tipo-20ag-700a"
"GERAL","GERAL","BENDOOR - KIT PE BOX PREMIUM 120MM CZ","Bendoor Kit Pe Box Premium","BENDOOR","CON-125521","3.18","EMB: 4","Disponível","https://www.construja.com.br/produto/125521/bendoor-kit-pe-box-premium-120mm-cz"
"GERAL","GERAL","REBOUCAS - CHUVEIRO FRIO PP 07 PAR ART CR C/REG","Reboucas Chuveiro Frio Pp 07 Par Art Cr C Reg","REBOUCAS","CON-132697","23.73","EMB: 1","Disponível","https://www.construja.com.br/produto/132697/reboucas-chuveiro-frio-pp-07-par-art-cr-creg"
"GERAL","GERAL","FIORI - LAV AZUL PRIMULA 55LV22**","Fiori Lav Primula 55lv22**","FIORI","CON-139147","40.80","EMB: 1","Disponível","https://www.construja.com.br/produto/139147/fiori-lav-azul-primula-55lv22"
"GERAL","GERAL","PADO - CADEADO LATAO COLOR 25 AZ*","Cadeado Latao Color 25 *","PADO","CON-128334","23.05","EMB: 1","Disponível","https://www.construja.com.br/produto/128334/pado-cadeado-latao-color-25-az"
"GERAL","GERAL","TAF - CENTRO DIST DISJ DIN 16 EMB BR/BR","Taf Centro Dist Disj Din 16 Emb Br","TAF","CON-164562","39.87","EMB: 1","Disponível","https://www.construja.com.br/produto/164562/taf-centro-dist-disj-din-16-emb-brbr"
"GERAL","GERAL","BENDOOR - PUXADOR KANKUN ABS/CR 192MM","Bendoor Puxador Kankun Abs Cr","BENDOOR","CON-125505","0.00","EMB: 20","SEM ESTOQUE","https://www.construja.com.br/produto/125505/bendoor-puxador-kankun-abscr-192mm"
"GERAL","GERAL","GUEPAR - PREGO AÇO GALV 17X21 C/C %","Guepar Prego Galv C C %","GUEPAR","CON-153407","9.30","EMB: 1","Disponível","https://www.construja.com.br/produto/153407/guepar-prego-ao-galv-17x21-cc"
"GERAL","GERAL","AVANT - PAINEL LED EMB RED 24W 6500K ALUM","Avant Painel Led Emb Red 24w 6500k Alum","AVANT","CON-160382","31.32","EMB: 1","Disponível","https://www.construja.com.br/produto/160382/avant-painel-led-emb-red-24w-6500k-alum"
"GERAL","GERAL","LAND - CADEADO H LONGA 30/70","Land Cadeado H Longa","LAND","CON-128260","22.08","EMB: 1","Disponível","https://www.construja.com.br/produto/128260/land-cadeado-h-longa-3070"
"GERAL","GERAL","ART VARAL - VARAL FIO AÇO/PVC 1,65MM  15M","Art Varal Varal Fio Pvc","ART VARAL","CON-174101","2.14","EMB: 1","Disponível","https://www.construja.com.br/produto/174101/art-varal-varal-fio-aopvc-165mm-15m"
"GERAL","GERAL","HIDROLAR - BARRA APOIO ALUM 90CM PT CAIXA**","Hidrolar Apoio Alum 90cm Caixa**","HIDROLAR","CON-153371","113.37","EMB: 1","Disponível","https://www.construja.com.br/produto/153371/hidrolar-barra-apoio-alum-90cm-pt-caixa"
"GERAL","GERAL","SOPRANO - FIXADOR PORTA PVC PT PISO/PAREDE","Soprano Fixador Porta Piso Parede","SOPRANO","CON-137295","2.67","EMB: 12","Disponível","https://www.construja.com.br/produto/137295/soprano-fixador-porta-pvc-pt-pisoparede"
"GERAL","GERAL","ASTRA - CX DESC S/E 3/6L DUAL FLUX BAIXA BR","Astra Desc S E 3 6l Dual Flux Baixa","ASTRA","CON-194109","203.13","EMB: 1","Disponível","https://www.construja.com.br/produto/194109/astra-cx-desc-se-36l-dual-flux-baixa-br"
"GERAL","GERAL","ZAGONEL - RESIST MOMENT 4T 6800X220","Zagonel Resist Moment 4t","ZAGONEL","CON-120367","24.42","EMB: 1","Disponível","https://www.construja.com.br/produto/120367/zagonel-resist-moment-4t-6800x220"
"GERAL","GERAL","FERJA - CAMARA AR 325X8","Ferja Camara Ar","FERJA","CON-190000","12.60","EMB: 1","Disponível","https://www.construja.com.br/produto/190000/ferja-camara-ar-325x8"
"GERAL","GERAL","MAX - LAMINA ROÇADEIRA 3 PONTAS 255X1,6X3/4 20","Max Lamina Roçadeira 3 Pontas 6x3 4 20","MAX","CON-175188","23.47","EMB: 1","Disponível","https://www.construja.com.br/produto/175188/max-lamina-roadeira-3-pontas-255x16x34-20"
"GERAL","GERAL","CRIVAL/PLUS - BOTINA NOBUCK CAFE PU/BI B/PVC CP092 44","Crival Plus Botina Nobuck Cafe Pu Bi B Cp092 44","CRIVAL/PLUS","CON-160862","87.81","EMB: 1","Disponível","https://www.construja.com.br/produto/160862/crivalplus-botina-nobuck-cafe-pubi-bpvc-cp092-44"
"GERAL","GERAL","ALMAFLEX - COLA PVA PISO VINILICO 3,5KG**","Almaflex Cola Pva Piso Vinilico 3 5kg**","ALMAFLEX","CON-180523","108.67","EMB: 1","Disponível","https://www.construja.com.br/produto/180523/almaflex-cola-pva-piso-vinilico-35kg"
"GERAL","GERAL","KRONA - UNIAO LL 40MM","Uniao Ll","KRONA","CON-132577","25.40","EMB: 1","Disponível","https://www.construja.com.br/produto/132577/krona-uniao-ll-40mm"
"GERAL","GERAL","PROTEGE & DECORA - TINTA ACR PREM 18L VD AMAZONAS**","Protege & Decora Tinta Acr Prem 18l Amazonas**","PROTEGE & DECORA","CON-105472","344.14","EMB: 1","Disponível","https://www.construja.com.br/produto/105472/protege-decora-tinta-acr-prem-18l-vd-amazonas"
"GERAL","GERAL","JNG - ACOPLAMENTO IND 3P+T 16A 220V 9H AZ I214","Jng Acoplamento Ind 3p+t 9h I214","JNG","CON-159366","25.62","EMB: 1","Disponível","https://www.construja.com.br/produto/159366/jng-acoplamento-ind-3pt-16a-220v-9h-az-i214"
"GERAL","GERAL","QUARTZOLIT - REBOCO IMPER CINZA 20KG","Quartzolit Reboco Imper 20kg","QUARTZOLIT","CON-164665","30.26","EMB: 1","ESTOQUE BAIXO","https://www.construja.com.br/produto/164665/quartzolit-reboco-imper-cinza-20kg"
"GERAL","GERAL","KRONA - LUVA RR  3/4","Luva Rr","KRONA","CON-132287","2.58","EMB: 50","Disponível","https://www.construja.com.br/produto/132287/krona-luva-rr-34"
"GERAL","GERAL","THOMPSON - REBOLO  3/4 A60 FINO*","Thompson Rebolo A60 Fino*","THOMPSON","CON-180820","16.98","EMB: 1","Disponível","https://www.construja.com.br/produto/180820/thompson-rebolo-34-a60-fino"
"GERAL","GERAL","TRAMON - MOD LIZ/LUX2 GRAFITE (1S BIP) 57215004","Tramon Mod Liz Lux2 Grafite (1s Bip) 57215004","TRAMON","CON-166660","18.12","EMB: 1","Disponível","https://www.construja.com.br/produto/166660/tramon-mod-lizlux2-grafite-1s-bip-57215004"
"GERAL","GERAL","WS - PITAO P/ MADEIRA BICR 16X40","Ws Pitao P Madeira Bicr","WS","CON-191740","17.92","EMB: 1","Disponível","https://www.construja.com.br/produto/191740/ws-pitao-p-madeira-bicr-16x40"
"GERAL","GERAL","COMPEL - TRINCHA 300X1","Compel Trincha","COMPEL","CON-199628","2.69","EMB: 12","Disponível","https://www.construja.com.br/produto/199628/compel-trincha-300x1"
"GERAL","GERAL","AMANCO - LUVA LR  11/4.","Luva Lr .","AMANCO","CON-158487","11.18","EMB: 15","Disponível","https://www.construja.com.br/produto/158487/amanco-luva-lr-114"
"GERAL","GERAL","PRATIMIX - RESIST TIPO ACQUA 5500X127V*","Pratimix Resist Tipo Acqua 5500x127v*","PRATIMIX","CON-127548","0.00","EMB: 1","SEM ESTOQUE","https://www.construja.com.br/produto/127548/pratimix-resist-tipo-acqua-5500x127v"
"GERAL","GERAL","FERRARI - ABRAÇ RSF BOR 9/16X7/8 (14X22) 50 PÇ*","Ferrari Abraç Rsf Bor 9 8 (14x22) 50 Pç*","FERRARI","CON-155352","0.00","EMB: 1","SEM ESTOQUE","https://www.construja.com.br/produto/155352/ferrari-abra-rsf-bor-916x78-14x22-50-p"
"GERAL","GERAL","FERJA - CORDA PP COLOR 04MM CARRET/360M","Ferja Corda Pp Color Carret","FERJA","CON-192501","169.53","EMB: 1","Disponível","https://www.construja.com.br/produto/192501/ferja-corda-pp-color-04mm-carret360m"
"GERAL","GERAL","GERDAU - ESTRIBO 15X25","Estribo","GERDAU","CON-111103","1.49","EMB: 200","Disponível","https://www.construja.com.br/produto/111103/gerdau-estribo-15x25"
"GERAL","GERAL","FERJA - PONTEIRA CANHÃO 45MM 3/8 5PÇ CRV C/IMA","Ferja Ponteira Canhão 3 8 5pç Crv C Ima","FERJA","CON-192187","0.00","EMB: 1","SEM ESTOQUE","https://www.construja.com.br/produto/192187/ferja-ponteira-canho-45mm-38-5p-crv-cima"
"GERAL","GERAL","PRATIMIX - RESIST TIPO TORN EASY 5500X220V","Pratimix Resist Tipo Torn Easy 5500x220v","PRATIMIX","CON-127438","10.88","EMB: 1","Disponível","https://www.construja.com.br/produto/127438/pratimix-resist-tipo-torn-easy-5500x220v"
"GERAL","GERAL","HERC - CX GORD QUAD C/CESTO/TAMPA 403X410X100","Herc Gord Quad C Cesto Tampa 403x410x100","HERC","CON-187282","89.76","EMB: 1","Disponível","https://www.construja.com.br/produto/187282/herc-cx-gord-quad-ccestotampa-403x410x100"
"GERAL","GERAL","AMANCO - BUCHA REDUÇAO ROSCA 11/2X3/4.","Bucha Reduçao Rosca 11 4.","AMANCO","CON-158342","14.42","EMB: 16","Disponível","https://www.construja.com.br/produto/158342/amanco-bucha-reduao-rosca-112x34"
"GERAL","GERAL","LUZARTE - KIT BACIA/CX ACOP+ACESS 3/6L PT PORTO","Luzarte Kit Bacia Acop+acess 3 6l Porto","LUZARTE","CON-193245","666.15","EMB: 1","Disponível","https://www.construja.com.br/produto/193245/luzarte-kit-baciacx-acopacess-36l-pt-porto"
"GERAL","GERAL","BENDOOR - KIT PE MOVEIS REG CARIBE 170MM BR","Bendoor Kit Pe Moveis Reg Caribe","BENDOOR","CON-125519","3.60","EMB: 4","Disponível","https://www.construja.com.br/produto/125519/bendoor-kit-pe-moveis-reg-caribe-170mm-br"
"GERAL","GERAL","CARBONPEÇAS - CARVAO ESMER MAKITA 47CB204 C166-BG","Carbonpeças Carvao Esmer 47cb204 C166 Bg","CARBONPEÇAS","CON-199742","7.81","EMB: 6","Disponível","https://www.construja.com.br/produto/199742/carbonpeas-carvao-esmer-makita-47cb204-c166-bg"
"GERAL","GERAL","LUKMA - TERM COMPRESSAO 150MM 1F 16MM","Lukma Term Compressao 1f 16mm","LUKMA","CON-159511","19.38","EMB: 10","Disponível","https://www.construja.com.br/produto/159511/lukma-term-compressao-150mm-1f-16mm"
"GERAL","GERAL","LUKMA - BOT LK2-ED25 (2 POS. FIXAS) 1NA+1NF","Lukma Bot Lk2 Ed25 (2 Pos. Fixas) 1na+1nf","LUKMA","CON-159691","13.65","EMB: 1","Disponível","https://www.construja.com.br/produto/159691/lukma-bot-lk2-ed25-2-pos-fixas-1na1nf"
"GERAL","GERAL","REMADI - CURVA FERRO GALV A 1/2 MF","Remadi Curva Ferro Galv A Mf","REMADI","CON-121135","12.28","EMB: 10","Disponível","https://www.construja.com.br/produto/121135/remadi-curva-ferro-galv-a-12-mf"
"GERAL","GERAL","PLASFLEX - PORTA SANF 60 PT","Plasflex Porta Sanf 60","PLASFLEX","CON-104437","106.52","EMB: 1","Disponível","https://www.construja.com.br/produto/104437/plasflex-porta-sanf-60-pt"
"GERAL","GERAL","WS - ESCAPULA C/ BUCHA 08","Ws Escapula C Bucha 08","WS","CON-191427","32.29","EMB: 1","Disponível","https://www.construja.com.br/produto/191427/ws-escapula-c-bucha-08"
"GERAL","GERAL","THOMPSON - SERRA CIRC WIDEA 91/4X24D PRO","Thompson Serra Circ Widea 91 4x24d Pro","THOMPSON","CON-116187","46.68","EMB: 1","Disponível","https://www.construja.com.br/produto/116187/thompson-serra-circ-widea-914x24d-pro"
"GERAL","GERAL","SUALL - CLARIFICANTE GEL C/4 TABLET","Suall Clarificante Gel C 4 Tablet","SUALL","CON-129211","21.78","EMB: 1","Disponível","https://www.construja.com.br/produto/129211/suall-clarificante-gel-c4-tablet"
"GERAL","GERAL","ROMA - ESCOVA AÇO MAD MANUAL 5 FIL 4060","Roma Escova Mad Manual 5 Fil 4060","ROMA","CON-199137","12.30","EMB: 12","Disponível","https://www.construja.com.br/produto/199137/roma-escova-ao-mad-manual-5-fil-4060"
"GERAL","GERAL","EUCATEX - VERNIZ MARIT BRILH TRANSP 3,6L","Eucatex Verniz Marit Brilh Transp 3 6l","EUCATEX","CON-163469","93.62","EMB: 1","Disponível","https://www.construja.com.br/produto/163469/eucatex-verniz-marit-brilh-transp-36l"
"GERAL","GERAL","FERJA - MANTA SUBCOB TERM 2F ALUM 25M² 0,7MM","Ferja Manta Subcob Term 2f Alum ²","FERJA","CON-121144","137.62","EMB: 1","Disponível","https://www.construja.com.br/produto/121144/ferja-manta-subcob-term-2f-alum-25m-07mm"
"GERAL","GERAL","ROMA - EXTENSOR P/ ROLO PINTURA 3,00M","Roma Extensor P Pintura","ROMA","CON-199136","31.56","EMB: 1","Disponível","https://www.construja.com.br/produto/199136/roma-extensor-p-rolo-pintura-300m"
"GERAL","GERAL","ATLAS - ROLO LA 09 C/G EPOXI  RESIMAX 339/9A","Atlas La 09 C G Epoxi Resimax 339","ATLAS","CON-149111","10.80","EMB: 1","Disponível","https://www.construja.com.br/produto/149111/atlas-rolo-la-09-cg-epoxi-resimax-3399a"
"GERAL","GERAL","SILVANA - DOBRADIÇA ROLAMENTO CR A 891X3X21/2-03PÇ","Silvana Dobradiça Rolamento Cr A 891x3x21 2 03pç","SILVANA","CON-19092","42.34","EMB: 1","Disponível","https://www.construja.com.br/produto/19092/silvana-dobradia-rolamento-cr-a-891x3x212-03p"
"GERAL","GERAL","COLSON - RODIZIO PLACA GIR BLACK 3 102MM","Colson Rodizio Placa Gir Black 3","COLSON","CON-177210","26.50","EMB: 1","Disponível","https://www.construja.com.br/produto/177210/colson-rodizio-placa-gir-black-3-102mm"
"GERAL","GERAL","BOGNAR - REG GAV 3/4 1509 ACAB ABS C50 LIGHT**","Bognar Reg Gav 1509 Acab Abs C50 Light**","BOGNAR","CON-10263","73.25","EMB: 1","Disponível","https://www.construja.com.br/produto/10263/bognar-reg-gav-34-1509-acab-abs-c50-light"
"GERAL","GERAL","CADIZ - VARAO CORT SIMPLES 2,00-19MM MARFIM","Cadiz Varao Cort Simples 2 00 Marfim","CADIZ","CON-18289","15.10","EMB: 1","Disponível","https://www.construja.com.br/produto/18289/cadiz-varao-cort-simples-200-19mm-marfim"
"GERAL","GERAL","THOMPSON - ABRAÇ NYLON PT  3,6X300","Thompson Abraç 3","THOMPSON","CON-116103","14.10","EMB: 1","Disponível","https://www.construja.com.br/produto/116103/thompson-abra-nylon-pt-36x300"
"GERAL","GERAL","SIARÁ - CHAPEU PALHA ROCEIRO ABA 14CM**","Siará Chapeu Palha Roceiro Aba 14cm**","SIARÁ","CON-129232","17.13","EMB: 1","Disponível","https://www.construja.com.br/produto/129232/siar-chapeu-palha-roceiro-aba-14cm"
"GERAL","GERAL","FERJA - BROCA AÇO RAPIDO  2,0MM*","Ferja Broca Rapido *","FERJA","CON-192328","0.00","EMB: 10","SEM ESTOQUE","https://www.construja.com.br/produto/192328/ferja-broca-ao-rapido-20mm"
"GERAL","GERAL","FERJA - FACAO 12 C/ PLAST*","Ferja Facao 12 C Plast*","FERJA","CON-192711","16.36","EMB: 6","Disponível","https://www.construja.com.br/produto/192711/ferja-facao-12-c-plast"
"GERAL","GERAL","FERJA - MULTIMETRO DIGITAL","Ferja Multimetro Digital","FERJA","CON-192477","23.64","EMB: 1","Disponível","https://www.construja.com.br/produto/192477/ferja-multimetro-digital"
"GERAL","GERAL","CASTOR - ROLO LÃ 23 HOBBY 131","Castor Lã 23 Hobby 131","CASTOR","CON-19909","10.56","EMB: 1","Disponível","https://www.construja.com.br/produto/19909/castor-rolo-l-23-hobby-131"
"GERAL","GERAL","TERMOLAR - CAIXA TERM 08L CINZA SUV 3500","Termolar Term 08l Suv 3500","TERMOLAR","CON-188350","68.47","EMB: 1","Disponível","https://www.construja.com.br/produto/188350/termolar-caixa-term-08l-cinza-suv-3500"
"GERAL","GERAL","ROMA - BLOCO ESPUMA 6X13X22","Roma Bloco Espuma 6x13x22","ROMA","CON-199189","5.55","EMB: 12","Disponível","https://www.construja.com.br/produto/199189/roma-bloco-espuma-6x13x22"
"GERAL","GERAL","LUKMA - CHAVE GANGORRA   RET ON-OFF LK2-201N VD","Lukma Chave Gangorra Ret On Off Lk2 201n","LUKMA","CON-159829","6.99","EMB: 5","Disponível","https://www.construja.com.br/produto/159829/lukma-chave-gangorra-ret-on-off-lk2-201n-vd"
"GERAL","GERAL","BOGNAR - CESTINHA VALV AMERICANA ABS/CR","Bognar Cestinha Valv Americana Abs Cr","BOGNAR","CON-153240","3.34","EMB: 1","Disponível","https://www.construja.com.br/produto/153240/bognar-cestinha-valv-americana-abscr"
"GERAL","GERAL","BRASFORT - BARBANTE DE ALGODÃO 310M**","Barbante De Algodão **","BRASFORT","CON-176227","24.06","EMB: 1","Disponível","https://www.construja.com.br/produto/176227/brasfort-barbante-de-algodo-310m"
"GERAL","GERAL","FERJA - FERROLHO BICR P/PORTAO C/PORTA CAD 40C**","Ferja Ferrolho Bicr P Portao C Porta Cad 40c**","FERJA","CON-190007","31.41","EMB: 6","Disponível","https://www.construja.com.br/produto/190007/ferja-ferrolho-bicr-pportao-cporta-cad-40c"
"GERAL","GERAL","ILUMI - CJ STYLUS 4X2 BR (2 TOM 10A) 20120","Cj Stylus (2 Tom ) 20120","ILUMI","CON-112140","8.86","EMB: 1","Disponível","https://www.construja.com.br/produto/112140/ilumi-cj-stylus-4x2-br-2-tom-10a-20120"
"GERAL","GERAL","ILUMI - MOD SLIM BR (1S) 8117","Mod Slim (1s) 8117","ILUMI","CON-112239","3.38","EMB: 1","Disponível","https://www.construja.com.br/produto/112239/ilumi-mod-slim-br-1s-8117"
"GERAL","GERAL","NEW-FIX - PARAF AA PANELA PHS ZINC G 4,2X16","New Fix Paraf Aa Panela Phs Zinc G 4","NEW","CON-191820","5.15","EMB: 5","Disponível","https://www.construja.com.br/produto/191820/new-fix-paraf-aa-panela-phs-zinc-g-42x16"
"GERAL","GERAL","NEW-FIX - PARAF AA C/CHATA PHS ZINC 3,5X25","New Fix Paraf Aa C Chata Phs Zinc 3","NEW","CON-191485","4.20","EMB: 5","Disponível","https://www.construja.com.br/produto/191485/new-fix-paraf-aa-cchata-phs-zinc-35x25"
"GERAL","GERAL","NEW-FIX - PORCA TORNEADA ZINC I 5/8 50PÇ NC","New Fix Porca Torneada Zinc I 50pç Nc","NEW","CON-191408","30.85","EMB: 1","Disponível","https://www.construja.com.br/produto/191408/new-fix-porca-torneada-zinc-i-58-50p-nc"
"GERAL","GERAL","SEA - EXTENSAO CROMADA MEDIA ZAMAC 1/2","Sea Extensao Cromada Media Zamac","SEA","CON-159715","6.61","EMB: 4","Disponível","https://www.construja.com.br/produto/159715/sea-extensao-cromada-media-zamac-12"
"GERAL","GERAL","INCA - ABRAÇ RSF (G) 1X11/2 14MM (25X38) 50PÇ","Inca Abraç Rsf (g) 2 14mm (25x38) 50pç","INCA","CON-16107","194.29","EMB: 1","Disponível","https://www.construja.com.br/produto/16107/inca-abra-rsf-g-1x112-14mm-25x38-50p"
"GERAL","GERAL","PEGAFORTE - BOTA PRETA C/MEDIO C/FORRO 41","Pegaforte Bota Preta C Medio C Forro 41","PEGAFORTE","CON-15268","0.00","EMB: 1","SEM ESTOQUE","https://www.construja.com.br/produto/15268/pegaforte-bota-preta-cmedio-cforro-41"
"GERAL","GERAL","LUKMA - TERM PRE-ISOL ILHOS TUBO DUPLO 16MM MF","Lukma Term Pre Isol Ilhos Tubo Duplo Mf","LUKMA","CON-159905","80.62","EMB: 1","Disponível","https://www.construja.com.br/produto/159905/lukma-term-pre-isol-ilhos-tubo-duplo-16mm-mf"
"GERAL","GERAL","COLORGIN - SPRAY USO GERAL MET GRAFITE 400ML 55031","Colorgin Spray Uso Geral Met Grafite 400ml 55031","COLORGIN","CON-149453","20.63","EMB: 1","Disponível","https://www.construja.com.br/produto/149453/colorgin-spray-uso-geral-met-grafite-400ml-55031"
"GERAL","GERAL","TRAMON - BROCA 3 PONTAS MADEIRA  8,0MM","Tramon Broca 3 Pontas Madeira","TRAMON","CON-135511","5.17","EMB: 10","Disponível","https://www.construja.com.br/produto/135511/tramon-broca-3-pontas-madeira-80mm"
"GERAL","GERAL","BOGNAR - TORN BICA MOVEL PAREDE C29 1/4V 1168 FIT","Bognar Torn Bica Movel Parede C29 1 4v 1168 Fit","BOGNAR","CON-102165","75.46","EMB: 1","Disponível","https://www.construja.com.br/produto/102165/bognar-torn-bica-movel-parede-c29-14v-1168-fit"
"GERAL","GERAL","SERLONAS - LONA PLAST BOB 4X050 TRANSP 12KG","Serlonas Lona Plast Bob Transp 12kg","SERLONAS","CON-127371","0.00","EMB: 1","SEM ESTOQUE","https://www.construja.com.br/produto/127371/serlonas-lona-plast-bob-4x050-transp-12kg"
"GERAL","GERAL","COLSON - CAMARA AR 400X8","Colson Camara Ar","COLSON","CON-175128","29.56","EMB: 1","Disponível","https://www.construja.com.br/produto/175128/colson-camara-ar-400x8"
"GERAL","GERAL","PALISAD - IRRIGADOR FIXO 4 JATOS 1/2-3/4**","Palisad Irrigador Fixo 4 Jatos 3 4**","PALISAD","CON-199943","35.89","EMB: 1","Disponível","https://www.construja.com.br/produto/199943/palisad-irrigador-fixo-4-jatos-12-34"
"GERAL","GERAL","IRWIN - ALICATE UNIV 8 CRV 1000V VISE-GRIP","Alicate Univ 8 Crv 1000v Vise Grip","IRWIN","CON-17065","57.51","EMB: 1","Disponível","https://www.construja.com.br/produto/17065/irwin-alicate-univ-8-crv-1000v-vise-grip"
"GERAL","GERAL","REBOUCAS - UNIAO INT  1 AZ","Reboucas Uniao Int 1","REBOUCAS","CON-132688","0.95","EMB: 25","Disponível","https://www.construja.com.br/produto/132688/reboucas-uniao-int-1-az"
"GERAL","GERAL","BRASFORT - CONECTOR PLAST BARRA 04MM**","Conector Plast **","BRASFORT","CON-113121","4.06","EMB: 10","Disponível","https://www.construja.com.br/produto/113121/brasfort-conector-plast-barra-04mm"
"GERAL","GERAL","NEW-FIX - ARRUELA LISA ZINC K 1","New Fix Arruela Lisa Zinc K 1","NEW","CON-11630","20.80","EMB: 1","Disponível","https://www.construja.com.br/produto/11630/new-fix-arruela-lisa-zinc-k-1"
"GERAL","GERAL","FERJA - CHAVE PHILLIPS CRV C/PI 3/16X06 EMBO PRO","Ferja Chave Phillips Crv C Pi 3 Embo Pro","FERJA","CON-192484","5.55","EMB: 1","Disponível","https://www.construja.com.br/produto/192484/ferja-chave-phillips-crv-cpi-316x06-embo-pro"
"GERAL","GERAL","FERJA - DOBRADIÇA PORTEIRA 135X070/0 AZ","Ferja Dobradiça Porteira 0","FERJA","CON-160518","10.41","EMB: 1","Disponível","https://www.construja.com.br/produto/160518/ferja-dobradia-porteira-135x0700-az"
"GERAL","GERAL","KALIPSO - LUVA MAO LATEX FORR 07CM (P) NEOPREX*","Kalipso Luva Mao Latex Forr 07cm (p) Neoprex*","KALIPSO","CON-134264","8.44","EMB: 1","Disponível","https://www.construja.com.br/produto/134264/kalipso-luva-mao-latex-forr-07cm-p-neoprex"
"GERAL","GERAL","EKILON - FIO NYLON GRAMA 3,0X124M 1KG VM REDONDO","Ekilon Fio Grama 3 0x124m 1kg Redondo","EKILON","CON-196013","119.41","EMB: 1","Disponível","https://www.construja.com.br/produto/196013/ekilon-fio-nylon-grama-30x124m-1kg-vm-redondo"
"GERAL","GERAL","FERJA - MARTELO BORRACHA 60 BR","Ferja Martelo Borracha 60","FERJA","CON-190581","17.58","EMB: 1","Disponível","https://www.construja.com.br/produto/190581/ferja-martelo-borracha-60-br"
"GERAL","GERAL","PLASFLEX - PORTA SANF 84 BR","Plasflex Porta Sanf 84","PLASFLEX","CON-104118","130.09","EMB: 1","Disponível","https://www.construja.com.br/produto/104118/plasflex-porta-sanf-84-br"
"GERAL","GERAL","ILUMI - MOD I9 BR (FURO) 9503","Mod I9 (furo) 9503","ILUMI","CON-122577","1.49","EMB: 1","Disponível","https://www.construja.com.br/produto/122577/ilumi-mod-i9-br-furo-9503"
"GERAL","GERAL","THOMPSON - JG BITS/PONTEIRA CRV S/CHAVE 7PÇ","Thompson Jg Bits Ponteira Crv S Chave 7pç","THOMPSON","CON-180580","6.96","EMB: 1","Disponível","https://www.construja.com.br/produto/180580/thompson-jg-bitsponteira-crv-schave-7p"
"GERAL","GERAL","EKILON - FIO NYLON GRAMA 3,0X116M 1KG LAR QUADRAD","Ekilon Fio Grama 3 0x116m 1kg Lar Quadrad","EKILON","CON-196014","119.41","EMB: 1","Disponível","https://www.construja.com.br/produto/196014/ekilon-fio-nylon-grama-30x116m-1kg-lar-quadrad"
"GERAL","GERAL","SEA - EXTENSAO CROMADA LONGA ZAMAC 1/2","Sea Extensao Cromada Longa Zamac","SEA","CON-159716","7.06","EMB: 4","Disponível","https://www.construja.com.br/produto/159716/sea-extensao-cromada-longa-zamac-12"
"GERAL","GERAL","LS  - LIMA QUADRADA BASTARDA 10**","Ls Lima Quadrada Bastarda 10**","LS","CON-118391","34.99","EMB: 1","Disponível","https://www.construja.com.br/produto/118391/ls-lima-quadrada-bastarda-10"
"GERAL","GERAL","FERJA - BROCA AÇO RAPIDO  2,0MM","Ferja Broca Rapido","FERJA","CON-190786","1.73","EMB: 10","Disponível","https://www.construja.com.br/produto/190786/ferja-broca-ao-rapido-20mm"
"GERAL","GERAL","FERJA - LIXA D AGUA  500 L-422","Ferja Lixa D Agua 500 L 422","FERJA","CON-190499","1.24","EMB: 25","Disponível","https://www.construja.com.br/produto/190499/ferja-lixa-d-agua-500-l-422"
"GERAL","GERAL","NEW-FIX - PARAF SEXT SOBERBA [02] 3/16X30","New Fix Paraf Sext Soberba [02] 3","NEW","CON-191436","10.34","EMB: 5","Disponível","https://www.construja.com.br/produto/191436/new-fix-paraf-sext-soberba-02-316x30"
"GERAL","GERAL","TAF - CX P/ HIDROMETRO PP SABESP NTS-303","Taf P Hidrometro Pp Sabesp Nts 303","TAF","CON-103142","107.36","EMB: 1","Disponível","https://www.construja.com.br/produto/103142/taf-cx-p-hidrometro-pp-sabesp-nts-303"
"GERAL","GERAL","OVERTIME - CANTON MOVEIS BR 11/2 50PÇ LEVE","Overtime Canton Moveis 50pç Leve","OVERTIME","CON-155134","36.23","EMB: 1","Disponível","https://www.construja.com.br/produto/155134/overtime-canton-moveis-br-112-50p-leve"
"GERAL","GERAL","TRAMON - BROCA CHATA K 11/4","Tramon Broca Chata K","TRAMON","CON-135500","13.23","EMB: 1","Disponível","https://www.construja.com.br/produto/135500/tramon-broca-chata-k-114"
"GERAL","GERAL","AMANCO - TE LLL 11/4X3/4.","Te Lll 11 4.","AMANCO","CON-158244","9.84","EMB: 10","Disponível","https://www.construja.com.br/produto/158244/amanco-te-lll-114x34"
"GERAL","GERAL","KEM TONE - TINTA ACR ECON 18L AMARELO SOL","Kem Tone Tinta Acr Econ 18l Sol","KEM TONE","CON-142135","224.15","EMB: 1","Disponível","https://www.construja.com.br/produto/142135/kem-tone-tinta-acr-econ-18l-amarelo-sol"
"GERAL","GERAL","LUBIAN - TELHA PET INJET ROMANA**","Lubian Telha Pet Injet Romana**","LUBIAN","CON-123100","16.07","EMB: 1","Disponível","https://www.construja.com.br/produto/123100/lubian-telha-pet-injet-romana"
"GERAL","GERAL","GAYA - TARTARUGA PVC LED BR 12W 6500K IP65**","Gaya Tartaruga Led 12w 6500k Ip65**","GAYA","CON-160512","0.00","EMB: 1","SEM ESTOQUE","https://www.construja.com.br/produto/160512/gaya-tartaruga-pvc-led-br-12w-6500k-ip65"
"GERAL","GERAL","ILUMI - SOQUETE SEM CHAVE NYLON","Soquete Sem Chave","ILUMI","CON-112194","2.93","EMB: 10","Disponível","https://www.construja.com.br/produto/112194/ilumi-soquete-sem-chave-nylon"
"GERAL","GERAL","NOVACOR - TINTA ESM STAND SINT BRILH 1/4 MARROM C","Novacor Tinta Esm Stand Sint Brilh C","NOVACOR","CON-10517","31.85","EMB: 1","Disponível","https://www.construja.com.br/produto/10517/novacor-tinta-esm-stand-sint-brilh-14-marrom-c"
"GERAL","GERAL","MOMFORT - CABO MADEIRA MARTELO 29,5CM","Momfort Cabo Madeira Martelo 29 5cm","MOMFORT","CON-13449","8.48","EMB: 6","Disponível","https://www.construja.com.br/produto/13449/momfort-cabo-madeira-martelo-295cm"
"GERAL","GERAL","LUZARTE - KIT BACIA/CX ACOP+ACESS 3/6L PT TAVIRA**","Luzarte Kit Bacia Acop+acess 3 6l Tavira**","LUZARTE","CON-193253","876.66","EMB: 1","Disponível","https://www.construja.com.br/produto/193253/luzarte-kit-baciacx-acopacess-36l-pt-tavira"
"GERAL","GERAL","METALATEX - TINTA ESM PREM B.AGUA BRILH 1/4 PLATINA","Metalatex Tinta Esm Prem B.agua Brilh Platina","METALATEX","CON-149270","39.66","EMB: 1","Disponível","https://www.construja.com.br/produto/149270/metalatex-tinta-esm-prem-bagua-brilh-14-platina"
"GERAL","GERAL","ILUMI - CJ BOX SOBR BR (1S) 6317","Cj Box So Br (1s) 6317","ILUMI","CON-112344","6.30","EMB: 1","Disponível","https://www.construja.com.br/produto/112344/ilumi-cj-box-sobr-br-1s-6317"
"GERAL","GERAL","REMADI - BUCHA RED FERRO GALV C 1X3/4","Remadi Bucha Red Ferro Galv C 4","REMADI","CON-12152","8.05","EMB: 10","Disponível","https://www.construja.com.br/produto/12152/remadi-bucha-red-ferro-galv-c-1x34"
"GERAL","GERAL","NEW-FIX - PARAF SEXT SOBERBA [27] 5/16X50","New Fix Paraf Sext Soberba [27] 5","NEW","CON-191341","43.61","EMB: 2","Disponível","https://www.construja.com.br/produto/191341/new-fix-paraf-sext-soberba-27-516x50"
"GERAL","GERAL","JE - CURVA LONGA ESG 300X45 MOLD.","Je Curva Longa Esg Mold.","JE","CON-143279","257.82","EMB: 1","Disponível","https://www.construja.com.br/produto/143279/je-curva-longa-esg-300x45-mold"
"GERAL","GERAL","BENDOOR - PUXADOR KANKUN ABS/CR 352MM","Bendoor Puxador Kankun Abs Cr","BENDOOR","CON-125509","5.47","EMB: 20","Disponível","https://www.construja.com.br/produto/125509/bendoor-puxador-kankun-abscr-352mm"
"GERAL","GERAL","INTERNEED - TRANSF BIV AT  500VA FLEXVOLT","Interneed Transf Biv At 500va Flexvolt","INTERNEED","CON-186152","79.27","EMB: 1","Disponível","https://www.construja.com.br/produto/186152/interneed-transf-biv-at-500va-flexvolt"
"GERAL","GERAL","IBIRA - MANG GAS OFICIAL 1,00M","Ibira Mang Gas Oficial","IBIRA","CON-110297","9.59","EMB: 10","Disponível","https://www.construja.com.br/produto/110297/ibira-mang-gas-oficial-100m"
"GERAL","GERAL","ATLAS - ROLO ESPUMA POLIESTER 09 C/PLAST AT607/9","Atlas Espuma Poliester 09 C Plast At607 9","ATLAS","CON-149137","3.80","EMB: 12","Disponível","https://www.construja.com.br/produto/149137/atlas-rolo-espuma-poliester-09-cplast-at6079"
"GERAL","GERAL","DECA - ACABAMENTO  1/2-3/4-1 BETA*","Acabamento 3 4 1 Beta*","DECA","CON-133583","147.37","EMB: 1","Disponível","https://www.construja.com.br/produto/133583/deca-acabamento-12-34-1-beta"
"GERAL","GERAL","HIDROLIX - LIXA D AGUA  120 T245","Hidrolix Lixa D Agua 120 T245","HIDROLIX","CON-14137","1.27","EMB: 25","Disponível","https://www.construja.com.br/produto/14137/hidrolix-lixa-d-agua-120-t245"
"GERAL","GERAL","METALATEX - TINTA ESM PREM B.AGUA BRILH 3,6L PRETO","Metalatex Tinta Esm Prem B.agua Brilh 3 6l","METALATEX","CON-13882","0.00","EMB: 1","SEM ESTOQUE","https://www.construja.com.br/produto/13882/metalatex-tinta-esm-prem-bagua-brilh-36l-preto"
"GERAL","GERAL","FERJA - FACAO 14 C/ PLAST*","Ferja Facao 14 C Plast*","FERJA","CON-192712","17.07","EMB: 6","Disponível","https://www.construja.com.br/produto/192712/ferja-facao-14-c-plast"
"GERAL","GERAL","IRWIN - ALICATE PRESSAO TRIANG 10 CRV VISE-GRIP","Alicate Pressao Triang 10 Crv Vise Grip","IRWIN","CON-17064","66.74","EMB: 1","Disponível","https://www.construja.com.br/produto/17064/irwin-alicate-pressao-triang-10-crv-vise-grip"
"GERAL","GERAL","FOXLUX - TARTARUGA ALUM BR","Foxlux Tartaruga Alum","FOXLUX","CON-14704","42.68","EMB: 1","Disponível","https://www.construja.com.br/produto/14704/foxlux-tartaruga-alum-br"
"GERAL","GERAL","NORTON - LIXA SECO 150 A-275","Norton Lixa Seco 275","NORTON","CON-171191","4.43","EMB: 50","Disponível","https://www.construja.com.br/produto/171191/norton-lixa-seco-150-a-275"
"GERAL","GERAL","PLASFLEX - PORTA SANF 72 CZ","Plasflex Porta Sanf 72","PLASFLEX","CON-104113","118.42","EMB: 1","Disponível","https://www.construja.com.br/produto/104113/plasflex-porta-sanf-72-cz"
"GERAL","GERAL","CASTOR - BLOCO ESPUMA 7X13X20","Castor Bloco Espuma 7x13x20","CASTOR","CON-19914","9.15","EMB: 12","Disponível","https://www.construja.com.br/produto/19914/castor-bloco-espuma-7x13x20"
"GERAL","GERAL","AMANCO - CORRUGADO PVC 25MM AM METRO/50","Corrugado 50","AMANCO","CON-15892","2.09","EMB: 50","Disponível","https://www.construja.com.br/produto/15892/amanco-corrugado-pvc-25mm-am-metro50"
"GERAL","GERAL","ILUMI - PÇ STYLUS 4X2 BR (1P+TOM 20A) 20281/0","Pç Stylus (1p+tom ) 20281 0","ILUMI","CON-122568","15.59","EMB: 1","Disponível","https://www.construja.com.br/produto/122568/ilumi-p-stylus-4x2-br-1ptom-20a-202810"
"GERAL","GERAL","PENZEL - CONECTOR PRESSAO BIMETALICO  70MM","Penzel Conector Pressao Bimetalico","PENZEL","CON-122620","31.65","EMB: 10","Disponível","https://www.construja.com.br/produto/122620/penzel-conector-pressao-bimetalico-70mm"
"GERAL","GERAL","COMPEL - TRINCHA 300X2","Compel Trincha","COMPEL","CON-199630","4.06","EMB: 12","Disponível","https://www.construja.com.br/produto/199630/compel-trincha-300x2"
"GERAL","GERAL","PODIUM - CANTON PRATELEIRA MF BR 30 FORTE","Podium Canton Prateleira Mf 30 Forte","PODIUM","CON-11661","4.93","EMB: 12","Disponível","https://www.construja.com.br/produto/11661/podium-canton-prateleira-mf-br-30-forte"
"GERAL","GERAL","COLORGIN - SPRAY USO GERAL PRIMER RAPID 400ML 53001","Colorgin Spray Uso Geral Primer Rapid 400ml 53001","COLORGIN","CON-149448","20.63","EMB: 1","Disponível","https://www.construja.com.br/produto/149448/colorgin-spray-uso-geral-primer-rapid-400ml-53001"
"GERAL","GERAL","MULTICABOS - CABO MAD CAVADEIRA QUAD LIGHT 1,45M","Multicabos Cabo Mad Cavadeira Quad Light","MULTICABOS","CON-17507","15.20","EMB: 12","Disponível","https://www.construja.com.br/produto/17507/multicabos-cabo-mad-cavadeira-quad-light-145m"
"GERAL","GERAL","TRAMON - CJ ARIA 4X2 BR (TOM RJ45 CAT6) 57241022","Tramon Cj Aria (tom Rj45 Cat6) 57241022","TRAMON","CON-166623","16.04","EMB: 1","Disponível","https://www.construja.com.br/produto/166623/tramon-cj-aria-4x2-br-tom-rj45-cat6-57241022"
"GERAL","GERAL","BIKI - CAMPAINHA DIN DON 110V BR","Biki Campainha Din Don","BIKI","CON-113155","33.49","EMB: 1","Disponível","https://www.construja.com.br/produto/113155/biki-campainha-din-don-110v-br"
"GERAL","GERAL","VIQUA - TORN B.MOVEL LAV ABS PT 1/4V ALLURE*","Viqua Torn B.movel Lav Abs 1 4v Allure*","VIQUA","CON-132797","64.62","EMB: 1","Disponível","https://www.construja.com.br/produto/132797/viqua-torn-bmovel-lav-abs-pt-14v-allure"
"GERAL","GERAL","LUKMA - CHAVE GANGORRA RED ON-OFF VD","Lukma Chave Gangorra Red On Off","LUKMA","CON-159813","4.42","EMB: 5","Disponível","https://www.construja.com.br/produto/159813/lukma-chave-gangorra-red-on-off-vd"
"GERAL","GERAL","WS - GANCHO P/ MADEIRA BICR  14X30","Ws Gancho P Madeira Bicr","WS","CON-191751","10.65","EMB: 1","Disponível","https://www.construja.com.br/produto/191751/ws-gancho-p-madeira-bicr-14x30"
"GERAL","GERAL","SFOR - BATEDOR PORTA BOLA CRISTAL","Sfor Batedor Porta Bola","SFOR","CON-118288","6.08","EMB: 1","Disponível","https://www.construja.com.br/produto/118288/sfor-batedor-porta-bola-cristal"
"GERAL","GERAL","GERDAU - PREGO 15X21 C/C","Prego C C","GERDAU","CON-11176","14.69","EMB: 1","Disponível","https://www.construja.com.br/produto/11176/gerdau-prego-15x21-cc"
"GERAL","GERAL","TATU - LIXA MADEIRA 180 A295","Tatu Lixa Madeira 180 A295","TATU","CON-14121","0.60","EMB: 50","Disponível","https://www.construja.com.br/produto/14121/tatu-lixa-madeira-180-a295"
"GERAL","GERAL","AMANCO - TE RRR  1.","Te Rrr 1.","AMANCO","CON-158352","22.34","EMB: 16","Disponível","https://www.construja.com.br/produto/158352/amanco-te-rrr-1"
"GERAL","GERAL","CONDUSCABOS - CABO FLEX  6,00 BR R/100M","Conduscabos Cabo Flex 6 00 R","CONDUSCABOS","CON-146369","545.78","EMB: 1","Disponível","https://www.construja.com.br/produto/146369/conduscabos-cabo-flex-600-br-r100m"
"GERAL","GERAL","TRAMON - CHAVE COMBINADA 07MM","Tramon Chave Combinada","TRAMON","CON-16602","9.49","EMB: 1","Disponível","https://www.construja.com.br/produto/16602/tramon-chave-combinada-07mm"
"GERAL","GERAL","MEGATRON - EXTEN TRIP PP 3P 10A 3X0,75X10M PT","Megatron Exten Trip Pp 3p 75x10m","MEGATRON","CON-146291","55.61","EMB: 1","Disponível","https://www.construja.com.br/produto/146291/megatron-exten-trip-pp-3p-10a-3x075x10m-pt"
"GERAL","GERAL","RAMADA - SERROTE HOBBY 16 DIAMANTE C/MAD**","Ramada Serrote Hobby 16 Diamante C Mad**","RAMADA","CON-16856","34.64","EMB: 1","Disponível","https://www.construja.com.br/produto/16856/ramada-serrote-hobby-16-diamante-cmad"
"GERAL","GERAL","TENACE - ALVIAO C/CABO 1,20M","Tenace Alviao C Cabo","TENACE","CON-174731","66.26","EMB: 1","Disponível","https://www.construja.com.br/produto/174731/tenace-alviao-ccabo-120m"
"GERAL","GERAL","CADIZ - VARAO CORT SIMPLES 1,50-28MM MARFIM","Cadiz Varao Cort Simples 1 50 Marfim","CADIZ","CON-182293","17.43","EMB: 1","Disponível","https://www.construja.com.br/produto/182293/cadiz-varao-cort-simples-150-28mm-marfim"
"GERAL","GERAL","TRAMON - CONDULETE TAMPA CEGA 1 56117/007","Tramon Condulete Tampa Cega 1","TRAMON","CON-16099","5.81","EMB: 1","Disponível","https://www.construja.com.br/produto/16099/tramon-condulete-tampa-cega-1-56117007"
"GERAL","GERAL","ESPIRATEC - CONDUITE ESPIRAFLEX  3/4 R/25M","Espiratec Conduite Espiraflex R","ESPIRATEC","CON-11059","83.63","EMB: 1","Disponível","https://www.construja.com.br/produto/11059/espiratec-conduite-espiraflex-34-r25m"
"GERAL","GERAL","DURACELL - PILHA ALCALINA PEQ AA C/2P","Duracell Pilha Alcalina Peq Aa C 2p","DURACELL","CON-106122","14.24","EMB: 12","Disponível","https://www.construja.com.br/produto/106122/duracell-pilha-alcalina-peq-aa-c2p"
"GERAL","GERAL","PERFIL LIDER - ELETRODUTO ZINC 2 SEMI","Perfil Lider Eletroduto Zinc 2 Semi","PERFIL LIDER","CON-130335","65.85","EMB: 1","Disponível","https://www.construja.com.br/produto/130335/perfil-lider-eletroduto-zinc-2-semi"
"GERAL","GERAL","HYDRONORTH - RESINA B. AGUA BRILH 18L INCOLOR","Hydronorth Resina B. Agua Brilh 18l Incolor","HYDRONORTH","CON-13868","332.67","EMB: 1","Disponível","https://www.construja.com.br/produto/13868/hydronorth-resina-b-agua-brilh-18l-incolor"
"GERAL","GERAL","FERJA - LIXA D AGUA 1200 L-422","Ferja Lixa D Agua 1200 L 422","FERJA","CON-190502","4.44","EMB: 25","Disponível","https://www.construja.com.br/produto/190502/ferja-lixa-d-agua-1200-l-422"
"GERAL","GERAL","ILUMI - CJ STYLUS 4X2 BR (2S) 2018","Cj Stylus (2s) 2018","ILUMI","CON-112144","7.90","EMB: 1","Disponível","https://www.construja.com.br/produto/112144/ilumi-cj-stylus-4x2-br-2s-2018"
"GERAL","GERAL","STARRETT - LAMINA SERRA TICO-TICO MAD 2PÇ HCU3100","Lamina Serra Tico Tico Mad 2pç Hcu3100","STARRETT","CON-156190","17.02","EMB: 1","Disponível","https://www.construja.com.br/produto/156190/starrett-lamina-serra-tico-tico-mad-2p-hcu3100"
"GERAL","GERAL","ROMA - PINCEL ARTESANATO 10","Roma Pincel Artesanato 10","ROMA","CON-19965","2.73","EMB: 12","Disponível","https://www.construja.com.br/produto/19965/roma-pincel-artesanato-10"
"GERAL","GERAL","3M - ESPONJA MAGICA SCOTCH BOND","Esponja Magica Scotch Bond","3M","CON-14184","20.50","EMB: 1","Disponível","https://www.construja.com.br/produto/14184/3m-esponja-magica-scotch-bond"
"GERAL","GERAL","NEW-FIX - PARAF MAD C/CHATA PHS ZINC 4,2X40-B6","New Fix Paraf Mad C Chata Phs Zinc 4 B6","NEW","CON-191569","8.17","EMB: 5","Disponível","https://www.construja.com.br/produto/191569/new-fix-paraf-mad-cchata-phs-zinc-42x40-b6"
"GERAL","GERAL","BOGNAR - VALV PIA METAL CR","Bognar Valv Pia Metal Cr","BOGNAR","CON-10269","17.25","EMB: 1","Disponível","https://www.construja.com.br/produto/10269/bognar-valv-pia-metal-cr"
"GERAL","GERAL","METALATEX - BASE XY ACR FOSCO PERFEITO  3,2L","Metalatex Base Xy Acr Fosco Perfeito 3 2l","METALATEX","CON-11253","127.39","EMB: 1","Disponível","https://www.construja.com.br/produto/11253/metalatex-base-xy-acr-fosco-perfeito-32l"
"GERAL","GERAL","REBOUCAS - ADAPTADOR INT C/ROSCA INT  1/2 AZ","Reboucas Adaptador Int C Rosca Int","REBOUCAS","CON-132763","1.05","EMB: 50","Disponível","https://www.construja.com.br/produto/132763/reboucas-adaptador-int-crosca-int-12-az"
"GERAL","GERAL","TENACE - PICARETA FUNDIDA","Tenace Picareta Fundida","TENACE","CON-17420","38.46","EMB: 1","Disponível","https://www.construja.com.br/produto/17420/tenace-picareta-fundida"
"GERAL","GERAL","NOVACOR - TINTA ESM STAND SINT ACET 3,6L GELO","Novacor Tinta Esm Stand Sint Acet 3 6l Gelo","NOVACOR","CON-149517","117.38","EMB: 1","Disponível","https://www.construja.com.br/produto/149517/novacor-tinta-esm-stand-sint-acet-36l-gelo"
"GERAL","GERAL","DOCOL - ACABAMENTO VALV CR LUXUS**","Acabamento Valv Cr Luxus**","DOCOL","CON-133238","152.60","EMB: 1","Disponível","https://www.construja.com.br/produto/133238/docol-acabamento-valv-cr-luxus"
"GERAL","GERAL","MORLAN - TELA GALV PINTEIRO 1X22X1,00 50M","Morlan Tela Galv Pinteiro 1x22x1 00","MORLAN","CON-111192","331.76","EMB: 1","Disponível","https://www.construja.com.br/produto/111192/morlan-tela-galv-pinteiro-1x22x100-50m"
"GERAL","GERAL","FERJA - DOBRADIÇA PORTEIRA 290X115/4 AZ","Ferja Dobradiça Porteira 4","FERJA","CON-160522","41.10","EMB: 1","Disponível","https://www.construja.com.br/produto/160522/ferja-dobradia-porteira-290x1154-az"
"GERAL","GERAL","AMANCO - TUBO PVC AGUA  75","Tubo Agua 75","AMANCO","CON-158282","347.16","EMB: 1","Disponível","https://www.construja.com.br/produto/158282/amanco-tubo-pvc-agua-75"
"GERAL","GERAL","KRONA - JOELHO RR  1/2X90","Joelho Rr 1","KRONA","CON-132415","2.23","EMB: 20","Disponível","https://www.construja.com.br/produto/132415/krona-joelho-rr-12x90"
"GERAL","GERAL","SIEG - CONDULETE TAMPA TOM RED  3/4 T1RM034","Sieg Condulete Tampa Tom Red T1rm034","SIEG","CON-166551","2.40","EMB: 1","Disponível","https://www.construja.com.br/produto/166551/sieg-condulete-tampa-tom-red-34-t1rm034"
"GERAL","GERAL","SUBRAP - KIT ILUMINAÇÃO P/ TEMPO E27 C/ BRAÇO","Subrap Kit Iluminação P Tempo E27 C Braço","SUBRAP","CON-104325","39.98","EMB: 1","Disponível","https://www.construja.com.br/produto/104325/subrap-kit-iluminao-p-tempo-e27-c-brao"
"GERAL","GERAL","ATLAS - ROLO LA 15 C/G 306/15","Atlas La 15 C G","ATLAS","CON-14941","31.22","EMB: 1","Disponível","https://www.construja.com.br/produto/14941/atlas-rolo-la-15-cg-30615"
"GERAL","GERAL","ADERE - PROTETOR ANTI IMPACTO CIRC 12PÇS 19MM**","Adere Protetor Anti Impacto Circ 12pçs **","ADERE","CON-164527","19.92","EMB: 1","Disponível","https://www.construja.com.br/produto/164527/adere-protetor-anti-impacto-circ-12ps-19mm"
"GERAL","GERAL","UNIPEGA - PROTETOR DE TECIDOS SPRAY 400ML-265G","Unipega Protetor De Tecidos Spray 400ml 265g","UNIPEGA","CON-136196","25.81","EMB: 1","Disponível","https://www.construja.com.br/produto/136196/unipega-protetor-de-tecidos-spray-400ml-265g"
"GERAL","GERAL","WS - GANCHO P/ MADEIRA BICR  17X50","Ws Gancho P Madeira Bicr","WS","CON-191755","20.68","EMB: 1","Disponível","https://www.construja.com.br/produto/191755/ws-gancho-p-madeira-bicr-17x50"
"GERAL","GERAL","PLASTCOR - LUVA MAO PVC ASPERA C/F 35CM","Plastcor Luva Mao Aspera C F 35cm","PLASTCOR","CON-151203","22.70","EMB: 10","Disponível","https://www.construja.com.br/produto/151203/plastcor-luva-mao-pvc-aspera-cf-35cm"
"GERAL","GERAL","ATLAS - PINCEL ARTESANATO 06","Atlas Pincel Artesanato 06","ATLAS","CON-149120","0.00","EMB: 12","SEM ESTOQUE","https://www.construja.com.br/produto/149120/atlas-pincel-artesanato-06"
"GERAL","GERAL","STECK - CENTRO DIST DISJ DIN 08 SOBR BR 1P","Steck Centro Dist Disj Din 08 So Br 1p","STECK","CON-159242","49.53","EMB: 1","Disponível","https://www.construja.com.br/produto/159242/steck-centro-dist-disj-din-08-sobr-br-1p"
"GERAL","GERAL","THOMPSON - FITA ISOLANTE PRETA AUTO FUSAO 10M**","Thompson Fita Isolante Preta Auto Fusao **","THOMPSON","CON-180566","17.03","EMB: 1","Disponível","https://www.construja.com.br/produto/180566/thompson-fita-isolante-preta-auto-fusao-10m"
"GERAL","GERAL","LUKMA - CHAVE ON/OFF 2P PLUS LK-511","Lukma Chave On Off 2p Plus Lk 511","LUKMA","CON-159833","14.45","EMB: 20","Disponível","https://www.construja.com.br/produto/159833/lukma-chave-onoff-2p-plus-lk-511"
"GERAL","GERAL","THOMPSON - TESOURA CORTA VERGALHAO 30 CRV PRO","Thompson Tesoura Corta Vergalhao 30 Crv Pro","THOMPSON","CON-180815","209.60","EMB: 1","Disponível","https://www.construja.com.br/produto/180815/thompson-tesoura-corta-vergalhao-30-crv-pro"
"GERAL","GERAL","IRWIN - BROCA AÇO RAPIDO  6,5MM","Broca Rapido","IRWIN","CON-17012","9.92","EMB: 10","Disponível","https://www.construja.com.br/produto/17012/irwin-broca-ao-rapido-65mm"
"GERAL","GERAL","NEW-FIX - PARAF R MAQ RED [23] 5/32X2","New Fix Paraf R Maq Red [23] 5","NEW","CON-191264","9.94","EMB: 2","Disponível","https://www.construja.com.br/produto/191264/new-fix-paraf-r-maq-red-23-532x2"
"GERAL","GERAL","PRATIMIX - RESIST TIPO KIBANHO/QUATTRO 6800X220V","Pratimix Resist Tipo Kibanho Quattro 6800x220v","PRATIMIX","CON-127463","22.00","EMB: 1","Disponível","https://www.construja.com.br/produto/127463/pratimix-resist-tipo-kibanhoquattro-6800x220v"
"GERAL","GERAL","NEW-FIX - PARAF AA PANELA PHS ZINC B 2,9X6,5","New Fix Paraf Aa Panela Phs Zinc B 2 5","NEW","CON-191805","1.37","EMB: 5","Disponível","https://www.construja.com.br/produto/191805/new-fix-paraf-aa-panela-phs-zinc-b-29x65"
"GERAL","GERAL","VIQUA - TORN BICA MOVEL MESA ABS PT 1/4V ALLURE*","Viqua Torn Bica Movel Mesa Abs 1 4v Allure*","VIQUA","CON-132798","67.99","EMB: 1","Disponível","https://www.construja.com.br/produto/132798/viqua-torn-bica-movel-mesa-abs-pt-14v-allure"
"GERAL","GERAL","PENZEL - TERM PRESSAO REFORÇ  35MM","Penzel Term Pressao Reforç","PENZEL","CON-15588","5.86","EMB: 10","Disponível","https://www.construja.com.br/produto/15588/penzel-term-pressao-refor-35mm"
"GERAL","GERAL","FERJA - CORDA PP COLOR 06MM CARRET/165M","Ferja Corda Pp Color Carret","FERJA","CON-192503","125.17","EMB: 1","Disponível","https://www.construja.com.br/produto/192503/ferja-corda-pp-color-06mm-carret165m"
"GERAL","GERAL","ESTRELA - PROLONG CX MULT RED C/2 ENTRAD 340X150","Estrela Prolong Mult Red C 2 Entrad","ESTRELA","CON-101311","51.74","EMB: 1","Disponível","https://www.construja.com.br/produto/101311/estrela-prolong-cx-mult-red-c2-entrad-340x150"
"GERAL","GERAL","AC VENT - GRELHA C/PORTA GRELHA ALUM ESCOV 15X100","Ac Vent Grelha C Porta Grelha Alum Escov","AC VENT","CON-15442","127.54","EMB: 1","Disponível","https://www.construja.com.br/produto/15442/ac-vent-grelha-cporta-grelha-alum-escov-15x100"
"GERAL","GERAL","DECA - TORN JARDIM/TANQUE GAMA 1/2*","Torn Jardim Tanque Gama *","DECA","CON-133599","204.33","EMB: 1","Disponível","https://www.construja.com.br/produto/133599/deca-torn-jardimtanque-gama-12"
"GERAL","GERAL","FERJA - BOMBA GRAXA MANUAL ALAVANCA 500G PRO","Ferja Bomba Graxa Manual Alavanca 500g Pro","FERJA","CON-190230","108.08","EMB: 1","Disponível","https://www.construja.com.br/produto/190230/ferja-bomba-graxa-manual-alavanca-500g-pro"
"GERAL","GERAL","NEW-FIX - PARAF MAD C/CHATA PHS ZINC 4,2X50","New Fix Paraf Mad C Chata Phs Zinc 4","NEW","CON-191571","10.41","EMB: 2","Disponível","https://www.construja.com.br/produto/191571/new-fix-paraf-mad-cchata-phs-zinc-42x50"
"GERAL","GERAL","ANNLUX - FUSIVEL DE VIDRO TIPO 20AG  1,00A","Annlux Fusivel De Vidro Tipo 20ag 1","ANNLUX","CON-139619","0.32","EMB: 50","Disponível","https://www.construja.com.br/produto/139619/annlux-fusivel-de-vidro-tipo-20ag-100a"
"GERAL","GERAL","HIGIBAN - TORN JARDIM 1128 1/2-3/4 CR","Higiban Torn Jardim 1128 3 4 Cr","HIGIBAN","CON-153308","29.38","EMB: 1","Disponível","https://www.construja.com.br/produto/153308/higiban-torn-jardim-1128-12-34-cr"
"GERAL","GERAL","FERJA - SELANTE PU40 CINZA 420G USO GERAL","Ferja Selante Pu40 420g Uso Geral","FERJA","CON-190056","0.00","EMB: 1","SEM ESTOQUE","https://www.construja.com.br/produto/190056/ferja-selante-pu40-cinza-420g-uso-geral"
"GERAL","GERAL","THOMPSON - CANTON PRATELEIRA MF BR 25 FORTE","Thompson Canton Prateleira Mf 25 Forte","THOMPSON","CON-17984","5.52","EMB: 12","Disponível","https://www.construja.com.br/produto/17984/thompson-canton-prateleira-mf-br-25-forte"
"GERAL","GERAL","KRONA - JUNÇAO ESG  75X50 INVERT","Junçao Esg Invert","KRONA","CON-132312","38.23","EMB: 1","Disponível","https://www.construja.com.br/produto/132312/krona-junao-esg-75x50-invert"
"GERAL","GERAL","TRAMON - CJ LUX2 4X2 BR (TOM RJ45 CAT5) 57145022","Tramon Cj Lux2 (tom Rj45 Cat5) 57145022","TRAMON","CON-166318","13.46","EMB: 1","Disponível","https://www.construja.com.br/produto/166318/tramon-cj-lux2-4x2-br-tom-rj45-cat5-57145022"
"GERAL","GERAL","TRAMON - PLACA PISO ALUM CR 4X2 P/3RJ 56121/088**","Tramon Placa Piso Alum Cr P 3rj 56121 088**","TRAMON","CON-166185","26.36","EMB: 1","Disponível","https://www.construja.com.br/produto/166185/tramon-placa-piso-alum-cr-4x2-p3rj-56121088"
"GERAL","GERAL","STYLUS - PONTEIRA MANGUEIRA 11/2","Stylus Ponteira Mangueira","STYLUS","CON-103192","3.90","EMB: 1","Disponível","https://www.construja.com.br/produto/103192/stylus-ponteira-mangueira-112"
"GERAL","GERAL","BLUKIT - REPARO REG PRESSAO PROLONG ROSC N01","Blukit Reparo Reg Pressao Prolong Rosc N01","BLUKIT","CON-182120","45.23","EMB: 1","Disponível","https://www.construja.com.br/produto/182120/blukit-reparo-reg-pressao-prolong-rosc-n01"
"GERAL","GERAL","CADIZ - VARAO CORT SIMPLES 1,50-19MM MARFIM","Cadiz Varao Cort Simples 1 50 Marfim","CADIZ","CON-18286","12.21","EMB: 1","Disponível","https://www.construja.com.br/produto/18286/cadiz-varao-cort-simples-150-19mm-marfim"
"GERAL","GERAL","JIMO - CUPINICIDA   400ML SPRAY","Jimo Cupinicida 400ml Spray","JIMO","CON-11788","33.31","EMB: 1","Disponível","https://www.construja.com.br/produto/11788/jimo-cupinicida-400ml-spray"
"GERAL","GERAL","STARRETT - SERRA COPO  38MM FCH0112-G","Serra Copo Fch0112 G","STARRETT","CON-156222","61.98","EMB: 1","Disponível","https://www.construja.com.br/produto/156222/starrett-serra-copo-38mm-fch0112-g"
"GERAL","GERAL","GRAP - PORTA GRELHA PVC QUAD 10CM CR","Grap Porta Grelha Quad 10cm Cr","GRAP","CON-187264","6.29","EMB: 6","Disponível","https://www.construja.com.br/produto/187264/grap-porta-grelha-pvc-quad-10cm-cr"
"GERAL","GERAL","HERC - ASSENTO SANIT CZ ALMOF RETANG THEMA","Herc Assento Sanit Almof Retang Thema","HERC","CON-177130","89.03","EMB: 1","Disponível","https://www.construja.com.br/produto/177130/herc-assento-sanit-cz-almof-retang-thema"
"GERAL","GERAL","ARGEVVISION - BUCHA PLASTICA 10 C/500","Argevvision Bucha Plastica 10 C 500","ARGEVVISION","CON-118110","27.68","EMB: 1","Disponível","https://www.construja.com.br/produto/118110/argevvision-bucha-plastica-10-c500"
"GERAL","GERAL","SIKA - IMPERSIKA  1L SACHE","Sika Impersika 1l Sache","SIKA","CON-164272","13.48","EMB: 1","Disponível","https://www.construja.com.br/produto/164272/sika-impersika-1l-sache"
"GERAL","GERAL","INCA - BUCHA ELETRODUTO ZAMAC   3/4","Inca Bucha Eletroduto Zamac","INCA","CON-16145","78.00","EMB: 1","Disponível","https://www.construja.com.br/produto/16145/inca-bucha-eletroduto-zamac-34"
"GERAL","GERAL","MEC - PÇ MILL 4X2 BR (1S+1P+TOM 10A) 39130","Mec Pç Mill (1s+1p+tom ) 39130","MEC","CON-126335","12.54","EMB: 5","Disponível","https://www.construja.com.br/produto/126335/mec-p-mill-4x2-br-1s1ptom-10a-39130"
"GERAL","GERAL","FOX/FAMASTIL - CHAVE ESTRELA 06X07MM","Fox Famastil Chave Estrela 06x07mm","FOX/FAMASTIL","CON-10898","7.45","EMB: 1","Disponível","https://www.construja.com.br/produto/10898/foxfamastil-chave-estrela-06x07mm"
"GERAL","GERAL","PROTEGE & DECORA - TINTA ACR PREM  3,6L PEROLA**","Protege & Decora Tinta Acr Prem 3 6l Perola**","PROTEGE & DECORA","CON-105514","88.08","EMB: 1","Disponível","https://www.construja.com.br/produto/105514/protege-decora-tinta-acr-prem-36l-perola"
"GERAL","GERAL","THOMPSON - VASSOURA GRAMA FIXA PVC 22D C/CABO PT","Thompson Vassoura Grama Fixa 22d C Cabo","THOMPSON","CON-116172","12.48","EMB: 1","Disponível","https://www.construja.com.br/produto/116172/thompson-vassoura-grama-fixa-pvc-22d-ccabo-pt"
"GERAL","GERAL","METALATEX - RESINA BASE AGUA  3,6L INCOLOR IMPERMEAB","Metalatex Resina Base Agua 3 6l Incolor Impermeab","METALATEX","CON-105208","115.04","EMB: 1","Disponível","https://www.construja.com.br/produto/105208/metalatex-resina-base-agua-36l-incolor-impermeab"
"GERAL","GERAL","GERPLAST - PASSARINHEIRA UNIVERSAL CZ C/25*","Gerplast Passarinheira Universal C 25*","GERPLAST","CON-181410","42.37","EMB: 1","Disponível","https://www.construja.com.br/produto/181410/gerplast-passarinheira-universal-cz-c25"
"GERAL","GERAL","ILUMI - CJ I9 4X2 BR (TOM 10A) 94140","Cj I9 (tom ) 94140","ILUMI","CON-122564","5.39","EMB: 1","Disponível","https://www.construja.com.br/produto/122564/ilumi-cj-i9-4x2-br-tom-10a-94140"
"GERAL","GERAL","TRAMON - CHAVE PHILLIPS F 3/8X08 AMARELO","Tramon Chave Phillips F 3","TRAMON","CON-166401","21.70","EMB: 1","Disponível","https://www.construja.com.br/produto/166401/tramon-chave-phillips-f-38x08-amarelo"
"GERAL","GERAL","TRAMON - FOICE RONCA ABERTA 77614/125","Tramon Foice Ronca Aberta","TRAMON","CON-166421","36.63","EMB: 1","Disponível","https://www.construja.com.br/produto/166421/tramon-foice-ronca-aberta-77614125"
"GERAL","GERAL","PROTEGE & DECORA - TINTA ACR PREM  3,6L CAMURÇA***","Protege & Decora Tinta Acr Prem 3 6l Camurça***","PROTEGE & DECORA","CON-105491","88.08","EMB: 1","Disponível","https://www.construja.com.br/produto/105491/protege-decora-tinta-acr-prem-36l-camura"
"GERAL","GERAL","TATU - LIXA MADEIRA 080 A295","Tatu Lixa Madeira 080 A295","TATU","CON-14117","0.78","EMB: 25","Disponível","https://www.construja.com.br/produto/14117/tatu-lixa-madeira-080-a295"
"GERAL","GERAL","TRAMON - PA OLARIA","Tramon Pa Olaria","TRAMON","CON-166304","36.79","EMB: 1","Disponível","https://www.construja.com.br/produto/166304/tramon-pa-olaria"
"GERAL","GERAL","THOMPSON - CANTON PRATELEIRA MF BR 40 FORTE","Thompson Canton Prateleira Mf 40 Forte","THOMPSON","CON-179100","8.68","EMB: 12","Disponível","https://www.construja.com.br/produto/179100/thompson-canton-prateleira-mf-br-40-forte"
"GERAL","GERAL","ART VARAL - VARAL FIO AÇO/PVC 1,75MM R/500M","Art Varal Varal Fio Pvc R","ART VARAL","CON-174103","103.66","EMB: 1","Disponível","https://www.construja.com.br/produto/174103/art-varal-varal-fio-aopvc-175mm-r500m"
"GERAL","GERAL","TEK BOND - SILICONE ALTA TEMP 280G VERMELHO","Tek Bond Silicone Alta Temp 280g","TEK BOND","CON-185235","20.36","EMB: 1","Disponível","https://www.construja.com.br/produto/185235/tek-bond-silicone-alta-temp-280g-vermelho"
"GERAL","GERAL","PRATIMIX - RESIST TIPO HYDRA FIT 5500X127V","Pratimix Resist Tipo Hydra Fit 5500x127v","PRATIMIX","CON-127509","17.49","EMB: 1","Disponível","https://www.construja.com.br/produto/127509/pratimix-resist-tipo-hydra-fit-5500x127v"
"GERAL","GERAL","TRAMON - PL ARIA 4X4 BR (CEGA) 57203021","Tramon Pl Aria (cega) 57203021","TRAMON","CON-166645","5.35","EMB: 1","Disponível","https://www.construja.com.br/produto/166645/tramon-pl-aria-4x4-br-cega-57203021"
"GERAL","GERAL","WAGO - CONECTOR EMENDA TRANS  3P 0,05/6MM","Wago Conector Emenda Trans 3p 0 05","WAGO","CON-187504","5.09","EMB: 30","Disponível","https://www.construja.com.br/produto/187504/wago-conector-emenda-trans-3p-0056mm"
"GERAL","GERAL","LUKMA - SINALIZADOR LED 220V VD 16014","Lukma Sinalizador Led 16014","LUKMA","CON-159863","9.53","EMB: 10","Disponível","https://www.construja.com.br/produto/159863/lukma-sinalizador-led-220v-vd-16014"
"GERAL","GERAL","UNIPEGA - COLA INST   2G 007","Unipega Cola Inst 2g 007","UNIPEGA","CON-136350","1.18","EMB: 12","Disponível","https://www.construja.com.br/produto/136350/unipega-cola-inst-2g-007"
"GERAL","GERAL","PRATIMIX - RESIST TIPO AQUECEDOR MAXI 5500X220V*","Pratimix Resist Tipo Aquecedor Maxi 5500x220v*","PRATIMIX","CON-127547","21.82","EMB: 1","Disponível","https://www.construja.com.br/produto/127547/pratimix-resist-tipo-aquecedor-maxi-5500x220v"
"GERAL","GERAL","QUALITRONIX - RELE FOTOCELULA P/BASE IP67 AZ","Qualitronix Rele Fotocelula P Base Ip67","QUALITRONIX","CON-114181","18.45","EMB: 1","Disponível","https://www.construja.com.br/produto/114181/qualitronix-rele-fotocelula-pbase-ip67-az"
"GERAL","GERAL","INTERNEED - TOMADA BARRA QUINT 2P+T 10A BR","Interneed Tomada Quint 2p+t","INTERNEED","CON-113303","20.13","EMB: 1","Disponível","https://www.construja.com.br/produto/113303/interneed-tomada-barra-quint-2pt-10a-br"
"GERAL","GERAL","TEK BOND - COLA BR  500G EXTRA","Tek Bond Cola 500g Extra","TEK BOND","CON-185618","14.67","EMB: 12","Disponível","https://www.construja.com.br/produto/185618/tek-bond-cola-br-500g-extra"
"GERAL","GERAL","BOGNAR - BARRA APOIO ALUM 30CM**","Bognar Apoio Alum 30cm**","BOGNAR","CON-15368","68.86","EMB: 1","Disponível","https://www.construja.com.br/produto/15368/bognar-barra-apoio-alum-30cm"
"GERAL","GERAL","MTX - DISCO LIXA C/ VELCRO 180 125MM C/10","Disco Lixa C Velcro 180 C 10","MTX","CON-199060","6.23","EMB: 1","Disponível","https://www.construja.com.br/produto/199060/mtx-disco-lixa-c-velcro-180-125mm-c10"
"GERAL","GERAL","REBOUCAS - REG ESFERA PVC IRRIGAÇAO  50MM AZ","Reboucas Reg Esfera Irrigaçao","REBOUCAS","CON-132971","19.74","EMB: 2","Disponível","https://www.construja.com.br/produto/132971/reboucas-reg-esfera-pvc-irrigaao-50mm-az"
"GERAL","GERAL","NEW-FIX - PARAF MAD TAMP 13 PHS ZINC I 4,2X45","New Fix Paraf Mad Tamp 13 Phs Zinc I 4","NEW","CON-191836","12.41","EMB: 2","Disponível","https://www.construja.com.br/produto/191836/new-fix-paraf-mad-tamp-13-phs-zinc-i-42x45"
"GERAL","GERAL","FERJA - PLACA SINALIZ 15X20CM QUADRO FORÇA","Ferja Placa Sinaliz 15x20cm Quadro Força","FERJA","CON-190092","6.98","EMB: 3","Disponível","https://www.construja.com.br/produto/190092/ferja-placa-sinaliz-15x20cm-quadro-fora"
"GERAL","GERAL","FERJA - ALICATE AMPERIMETRO DIGITAL","Ferja Alicate Amperimetro Digital","FERJA","CON-192476","52.23","EMB: 1","Disponível","https://www.construja.com.br/produto/192476/ferja-alicate-amperimetro-digital"
"GERAL","GERAL","NEW-FIX - ARRUELA LISA ZINC FUNILEIRO B 5/16","New Fix Arruela Lisa Zinc Funileiro B","NEW","CON-191802","26.65","EMB: 1","Disponível","https://www.construja.com.br/produto/191802/new-fix-arruela-lisa-zinc-funileiro-b-516"
"GERAL","GERAL","TRAMON - CHAVE COMBINADA 20MM","Tramon Chave Combinada","TRAMON","CON-16615","20.14","EMB: 1","Disponível","https://www.construja.com.br/produto/16615/tramon-chave-combinada-20mm"
"GERAL","GERAL","LUKMA - TERM PRE-ISOL BANANA MACHO 1,5/2,5MM AZ","Lukma Term Pre Isol Banana Macho 1 5mm","LUKMA","CON-159886","21.29","EMB: 1","Disponível","https://www.construja.com.br/produto/159886/lukma-term-pre-isol-banana-macho-1525mm-az"
"GERAL","GERAL","LUKMA - CHAVE GANGORRA RET ON-ON LK1-102 VM","Lukma Chave Gangorra Ret On On Lk1 102","LUKMA","CON-159928","2.54","EMB: 5","Disponível","https://www.construja.com.br/produto/159928/lukma-chave-gangorra-ret-on-on-lk1-102-vm"
"GERAL","GERAL","RAMADA - DOBRADIÇA PORTEIRA 230X100/2 PT**","Ramada Dobradiça Porteira 2 **","RAMADA","CON-16825","22.05","EMB: 6","Disponível","https://www.construja.com.br/produto/16825/ramada-dobradia-porteira-230x1002-pt"
"GERAL","GERAL","FAMASTIL - CHAVE COMBINADA 08MM","Famastil Chave Combinada","FAMASTIL","CON-17875","5.31","EMB: 6","Disponível","https://www.construja.com.br/produto/17875/famastil-chave-combinada-08mm"
"GERAL","GERAL","ILUMI - MOD I9 BR (1S) 9517","Mod I9 (1s) 9517","ILUMI","CON-122576","3.23","EMB: 1","Disponível","https://www.construja.com.br/produto/122576/ilumi-mod-i9-br-1s-9517"
"GERAL","GERAL","VEDACIT - FITA MULTIUSO ADESIVA ALUM 0,10X10MX1,0","Fita Multiuso Adesiva Alum 0 10x10mx1 0","VEDACIT","CON-11707","30.49","EMB: 1","Disponível","https://www.construja.com.br/produto/11707/vedacit-fita-multiuso-adesiva-alum-010x10mx10"
"GERAL","GERAL","THOMPSON - DISCO LIXA C/ VELCRO C/F 120 125MM C/10","Thompson Disco Lixa C Velcro C F 120 C 10","THOMPSON","CON-179233","7.44","EMB: 1","Disponível","https://www.construja.com.br/produto/179233/thompson-disco-lixa-c-velcro-cf-120-125mm-c10"
"GERAL","GERAL","SILVANA - FECHO FIO RED 500X4 ZINC","Silvana Fecho Fio Red Zinc","SILVANA","CON-13750","5.46","EMB: 12","Disponível","https://www.construja.com.br/produto/13750/silvana-fecho-fio-red-500x4-zinc"
"GERAL","GERAL","KRONA - ADESIVO CPVC 175G ULTRATERM","Adesivo Cpvc 175g Ultraterm","KRONA","CON-132478","28.62","EMB: 1","Disponível","https://www.construja.com.br/produto/132478/krona-adesivo-cpvc-175g-ultraterm"
"GERAL","GERAL","NORTON - LIXA SECO 500 A-275","Norton Lixa Seco 275","NORTON","CON-171196","3.90","EMB: 50","Disponível","https://www.construja.com.br/produto/171196/norton-lixa-seco-500-a-275"
"GERAL","GERAL","THOMPSON - DISCO FLAP CONICO 115X120","Thompson Disco Flap Conico","THOMPSON","CON-180556","4.70","EMB: 1","Disponível","https://www.construja.com.br/produto/180556/thompson-disco-flap-conico-115x120"
"GERAL","GERAL","FERRARI - ABRAÇ RSF 1X11/2 14MM (25X38) 50 PÇ*","Ferrari Abraç Rsf 2 14mm (25x38) 50 Pç*","FERRARI","CON-155344","0.00","EMB: 1","SEM ESTOQUE","https://www.construja.com.br/produto/155344/ferrari-abra-rsf-1x112-14mm-25x38-50-p"
"GERAL","GERAL","FERJA - BROCA MOURAO A 1/4","Ferja Broca Mourao A","FERJA","CON-192343","15.10","EMB: 1","Disponível","https://www.construja.com.br/produto/192343/ferja-broca-mourao-a-14"
"GERAL","GERAL","STARRETT - DISCO FLAP CONICO 115X100","Disco Flap Conico","STARRETT","CON-156346","7.17","EMB: 1","Disponível","https://www.construja.com.br/produto/156346/starrett-disco-flap-conico-115x100"
"GERAL","GERAL","FERJA - MARTELO UNHA FORJ POLIDO 27 C/MAD","Ferja Martelo Unha Forj Polido 27 C Mad","FERJA","CON-192175","29.85","EMB: 1","Disponível","https://www.construja.com.br/produto/192175/ferja-martelo-unha-forj-polido-27-cmad"
"GERAL","GERAL","LUKMA - TERM PRE-ISOL ILHOS TUBO DUPLO 0,5MM LJ","Lukma Term Pre Isol Ilhos Tubo Duplo Lj","LUKMA","CON-159897","16.31","EMB: 1","Disponível","https://www.construja.com.br/produto/159897/lukma-term-pre-isol-ilhos-tubo-duplo-05mm-lj"
"GERAL","GERAL","BOGNAR - SPOT C/ALETA 2 BOCAIS PT","Bognar Spot C Aleta 2 Bocais","BOGNAR","CON-10284","28.83","EMB: 1","Disponível","https://www.construja.com.br/produto/10284/bognar-spot-caleta-2-bocais-pt"
"GERAL","GERAL","FP - COXA FRANGO BORRACHA CAES N01 P**","Fp Coxa Frango Borracha Caes N01 P**","FP","CON-165051","6.32","EMB: 1","Disponível","https://www.construja.com.br/produto/165051/fp-coxa-frango-borracha-caes-n01-p"
"GERAL","GERAL","BLUKIT - TUBO LIGAÇAO AJUST 26 C/SPUD BR SANF","Blukit Tubo Ligaçao Ajust 26 C Spud Sanf","BLUKIT","CON-182441","12.47","EMB: 1","Disponível","https://www.construja.com.br/produto/182441/blukit-tubo-ligaao-ajust-26-cspud-br-sanf"
"GERAL","GERAL","CORTAG - ESPAÇADOR NIVEL TRAD 2,0MM C/50PÇS","Cortag Espaçador Nivel Trad C 50pçs","CORTAG","CON-181140","17.34","EMB: 1","Disponível","https://www.construja.com.br/produto/181140/cortag-espaador-nivel-trad-20mm-c50ps"
"GERAL","GERAL","MOMFORT - DESEMP MADEIRA 16X27","Momfort Desemp Madeira","MOMFORT","CON-17548","22.12","EMB: 6","Disponível","https://www.construja.com.br/produto/17548/momfort-desemp-madeira-16x27"
"GERAL","GERAL","KRONA - TE LLL 3","Te Lll 3","KRONA","CON-132573","108.60","EMB: 1","Disponível","https://www.construja.com.br/produto/132573/krona-te-lll-3"
"GERAL","GERAL","STARRETT - TRENA STANDARD  5MX16MM T34-5","Trena Standard 5mx16mm T34 5","STARRETT","CON-15686","22.85","EMB: 1","Disponível","https://www.construja.com.br/produto/15686/starrett-trena-standard-5mx16mm-t34-5"
"GERAL","GERAL","BENDOOR - KIT PE MOVES REG ITATIAIA 160MM BR","Bendoor Kit Pe Moves Reg Itatiaia","BENDOOR","CON-125517","6.08","EMB: 4","Disponível","https://www.construja.com.br/produto/125517/bendoor-kit-pe-moves-reg-itatiaia-160mm-br"
"GERAL","GERAL","ADERE - PROTETOR ANTI IMPACTO CIRC 28PÇS 8MM**","Adere Protetor Anti Impacto Circ 28pçs **","ADERE","CON-164529","18.93","EMB: 1","Disponível","https://www.construja.com.br/produto/164529/adere-protetor-anti-impacto-circ-28ps-8mm"
"GERAL","GERAL","AMANCO - CAP RR  1/2.","Cap Rr .","AMANCO","CON-158500","3.32","EMB: 40","Disponível","https://www.construja.com.br/produto/158500/amanco-cap-rr-12"
"GERAL","GERAL","REBOUCAS - CHUVEIRO FRIO PVC 07 BR","Reboucas Chuveiro Frio 07","REBOUCAS","CON-132753","10.73","EMB: 1","Disponível","https://www.construja.com.br/produto/132753/reboucas-chuveiro-frio-pvc-07-br"
"GERAL","GERAL","EKILON - FIO NYLON GRAMA 2,40X19M 100G VM REDONDO","Ekilon Fio Grama 2 40x19m 100g Redondo","EKILON","CON-17488","20.68","EMB: 1","Disponível","https://www.construja.com.br/produto/17488/ekilon-fio-nylon-grama-240x19m-100g-vm-redondo"
"GERAL","GERAL","ALPHA - REPARO TORN C/ ACABAMENTO CHAVETA AM**","Alpha Reparo Torn C Acabento Chaveta Am**","ALPHA","CON-153761","14.75","EMB: 1","Disponível","https://www.construja.com.br/produto/153761/alpha-reparo-torn-c-acabamento-chaveta-am"
"GERAL","GERAL","RAYMA - BOMBA DAGUA FIRE 850 110X3/4","Rayma Bomba Dagua Fire 850 4","RAYMA","CON-123150","284.86","EMB: 1","Disponível","https://www.construja.com.br/produto/123150/rayma-bomba-dagua-fire-850-110x34"
"GERAL","GERAL","BOGNAR - TORN JARDIM 1130 1/2-3/4 AM","Bognar Torn Jardim 1130 3 4","BOGNAR","CON-10240","32.27","EMB: 1","Disponível","https://www.construja.com.br/produto/10240/bognar-torn-jardim-1130-12-34-am"
"GERAL","GERAL","SOPRANO - MOLA PORTA Nº 2 PRETA A530","Soprano Mola Porta Nº 2 Preta A530","SOPRANO","CON-13785","141.49","EMB: 1","Disponível","https://www.construja.com.br/produto/13785/soprano-mola-porta-n-2-preta-a530"
"GERAL","GERAL","ECOLIDER - CUNHA NIVELADORA REUTIL ECO/SLIM C/50PÇS","Ecolider Cunha Niveladora Reutil Eco Slim C 50pçs","ECOLIDER","CON-117133","8.07","EMB: 1","Disponível","https://www.construja.com.br/produto/117133/ecolider-cunha-niveladora-reutil-ecoslim-c50ps"
"GERAL","GERAL","NEW-FIX - PARAF ROSCA METRICA PAN PHS 4X30 C/500","New Fix Paraf Rosca Metrica Pan Phs C 500","NEW","CON-191716","38.95","EMB: 1","Disponível","https://www.construja.com.br/produto/191716/new-fix-paraf-rosca-metrica-pan-phs-4x30-c500"
"GERAL","GERAL","ADERE - FITA SILVER TAPE 45X05 PRATA","Adere Fita Silver Tape Prata","ADERE","CON-164526","8.34","EMB: 1","Disponível","https://www.construja.com.br/produto/164526/adere-fita-silver-tape-45x05-prata"
"GERAL","GERAL","SILVANA - DOBRADIÇA ZINC Q 850X11/4-48PÇ","Silvana Dobradiça Zinc Q 4 48pç","SILVANA","CON-137199","39.82","EMB: 1","Disponível","https://www.construja.com.br/produto/137199/silvana-dobradia-zinc-q-850x114-48p"
"GERAL","GERAL","DECA - REG GAV 2 BRUTO 1502","Reg Gav 2 Bruto 1502","DECA","CON-133394","230.76","EMB: 1","Disponível","https://www.construja.com.br/produto/133394/deca-reg-gav-2-bruto-1502"
"GERAL","GERAL","STECK - PILHA ALCALINA PAL AAA  C/2P","Steck Pilha Alcalina Pal Aaa C 2p","STECK","CON-159151","4.49","EMB: 16","Disponível","https://www.construja.com.br/produto/159151/steck-pilha-alcalina-pal-aaa-c2p"
"GERAL","GERAL","MEC - PLAFONIER RED PVC SOQ PORC BR 30125","Mec Plafonier Red Soq Porc 30125","MEC","CON-12346","4.81","EMB: 5","Disponível","https://www.construja.com.br/produto/12346/mec-plafonier-red-pvc-soq-porc-br-30125"
"GERAL","GERAL","COLORGIN - SPRAY PLASTICO PRETO FOSCO 350ML 1511","Colorgin Spray Plastico Fosco 350ml 1511","COLORGIN","CON-10177","55.01","EMB: 1","Disponível","https://www.construja.com.br/produto/10177/colorgin-spray-plastico-preto-fosco-350ml-1511"
"GERAL","GERAL","NEW-FIX - PARAF A.BROCANTE SEXT C/ARRUELA 10X3/4","New Fix Paraf A.brocante Sext C Arruela 4","NEW","CON-191633","24.19","EMB: 2","Disponível","https://www.construja.com.br/produto/191633/new-fix-paraf-abrocante-sext-carruela-10x34"
"GERAL","GERAL","STECK - INTERRUPTOR FUGA DR 2P  40A 30MA","Steck Interruptor Fuga Dr 2p 30ma","STECK","CON-15992","124.40","EMB: 1","Disponível","https://www.construja.com.br/produto/15992/steck-interruptor-fuga-dr-2p-40a-30ma"
"GERAL","GERAL","FAME - MOD EVIDENCE BR (1P BIP) 2870**","Fame Mod Evidence (1p Bip) 2870**","FAME","CON-120497","30.73","EMB: 1","Disponível","https://www.construja.com.br/produto/120497/fame-mod-evidence-br-1p-bip-2870"
"GERAL","GERAL","AMANCO - LUVA CORRER 11/4.","Luva Correr .","AMANCO","CON-158318","31.30","EMB: 1","Disponível","https://www.construja.com.br/produto/158318/amanco-luva-correr-114"
"GERAL","GERAL","TRAMON - PL ARIA BR (1 MOD P/MOVEIS) 57203032","Tramon Pl Aria (1 Mod P Moveis) 57203032","TRAMON","CON-166690","3.64","EMB: 1","Disponível","https://www.construja.com.br/produto/166690/tramon-pl-aria-br-1-mod-pmoveis-57203032"
"GERAL","GERAL","NEW-FIX - PARAF FRANCES [23] 1/4X5","New Fix Paraf Frances [23] 1","NEW","CON-191671","0.00","EMB: 1","SEM ESTOQUE","https://www.construja.com.br/produto/191671/new-fix-paraf-frances-23-14x5"
"GERAL","GERAL","NEW-FIX - ARRUELA LISA ZINC D 1/4","New Fix Arruela Lisa Zinc D","NEW","CON-11623","21.98","EMB: 1","Disponível","https://www.construja.com.br/produto/11623/new-fix-arruela-lisa-zinc-d-14"
"GERAL","GERAL","NEW-FIX - PARAF AA C/CHATA PHS ZINC 4,8X32","New Fix Paraf Aa C Chata Phs Zinc 4","NEW","CON-191507","9.33","EMB: 5","Disponível","https://www.construja.com.br/produto/191507/new-fix-paraf-aa-cchata-phs-zinc-48x32"
"GERAL","GERAL","ROMA - GARFO C/GAIOLA ARAME","Roma Garfo C Gaiola Arame","ROMA","CON-199195","8.67","EMB: 1","Disponível","https://www.construja.com.br/produto/199195/roma-garfo-cgaiola-arame"
"GERAL","GERAL","RAMADA - SERROTE HOBBY 20 DIAMANTE C/MAD**","Ramada Serrote Hobby 20 Diamante C Mad**","RAMADA","CON-16932","45.11","EMB: 1","Disponível","https://www.construja.com.br/produto/16932/ramada-serrote-hobby-20-diamante-cmad"
"GERAL","GERAL","INTERNEED - TRANSF BIV AT 5000VA FLEXVOLT","Interneed Transf Biv At 5000va Flexvolt","INTERNEED","CON-186158","240.44","EMB: 1","Disponível","https://www.construja.com.br/produto/186158/interneed-transf-biv-at-5000va-flexvolt"
"GERAL","GERAL","ILUMI - PLUG MACHO PRENSA CABO 2P 10A CZ 14010","Plug Macho Prensa Cabo 2p 14010","ILUMI","CON-112363","2.77","EMB: 10","Disponível","https://www.construja.com.br/produto/112363/ilumi-plug-macho-prensa-cabo-2p-10a-cz-14010"
"GERAL","GERAL","TEK BOND - COLA INST  20G 200","Tek Bond Cola Inst 20g 200","TEK BOND","CON-185579","10.60","EMB: 10","Disponível","https://www.construja.com.br/produto/185579/tek-bond-cola-inst-20g-200"
"GERAL","GERAL","MAXI RUBBER - BATIDA PEDRA PT 900ML","Maxi Rubber Batida Pedra 900ml","MAXI RUBBER","CON-16397","22.98","EMB: 1","Disponível","https://www.construja.com.br/produto/16397/maxi-rubber-batida-pedra-pt-900ml"
"GERAL","GERAL","TENACE - ROLDANA POÇO 20","Tenace Roldana Poço 20","TENACE","CON-179180","99.78","EMB: 1","Disponível","https://www.construja.com.br/produto/179180/tenace-roldana-poo-20"
"GERAL","GERAL","3M - FITA CREPE 18X50 USO GERAL","Fita Crepe Uso Geral","3M","CON-186118","4.87","EMB: 6","Disponível","https://www.construja.com.br/produto/186118/3m-fita-crepe-18x50-uso-geral"
"GERAL","GERAL","FERJA - ESQUADRO AÇO CABO PLASTICO 25CM","Ferja Esquadro Cabo Plastico 25cm","FERJA","CON-160529","12.24","EMB: 1","Disponível","https://www.construja.com.br/produto/160529/ferja-esquadro-ao-cabo-plastico-25cm"
"GERAL","GERAL","KRONA - LUVA CPVC/PVC TRANS 15X20 FF ULTRATERM","Luva C Pvc Trans Ff Ultraterm","KRONA","CON-132496","1.16","EMB: 1","Disponível","https://www.construja.com.br/produto/132496/krona-luva-cpvcpvc-trans-15x20-ff-ultraterm"
"GERAL","GERAL","INCA - ABRAÇ ANTENA TV","Inca Abraç Antena Tv","INCA","CON-16120","4.61","EMB: 25","Disponível","https://www.construja.com.br/produto/16120/inca-abra-antena-tv"
"GERAL","GERAL","GENCO - ELEVADOR PH 1LT","Genco Elevador Ph 1lt","GENCO","CON-129143","16.47","EMB: 1","Disponível","https://www.construja.com.br/produto/129143/genco-elevador-ph-1lt"
"GERAL","GERAL","MEC - PL MILL 4X4 BR (3 INT+TOM RED) 22020 ANT","Mec Pl Mill (3 Int+tom Red) 22020 Ant","MEC","CON-126245","4.17","EMB: 5","Disponível","https://www.construja.com.br/produto/126245/mec-pl-mill-4x4-br-3-inttom-red-22020-ant"
"GERAL","GERAL","DECA - REG GAV 1/2 BRUTO 1510","Reg Gav Bruto 1510","DECA","CON-133398","41.63","EMB: 1","Disponível","https://www.construja.com.br/produto/133398/deca-reg-gav-12-bruto-1510"
"GERAL","GERAL","AC VENT - GRELHA C/PORTA GRELHA ALUM ESCOV 20X050","Ac Vent Grelha C Porta Grelha Alum Escov","AC VENT","CON-15438","76.22","EMB: 1","Disponível","https://www.construja.com.br/produto/15438/ac-vent-grelha-cporta-grelha-alum-escov-20x050"
"GERAL","GERAL","METALATEX - TINTA TELHA TERMICA B.AGUA 18L CHAMP**","Metalatex Tinta Telha Termica B.agua 18l Champ**","METALATEX","CON-149275","555.32","EMB: 1","Disponível","https://www.construja.com.br/produto/149275/metalatex-tinta-telha-termica-bagua-18l-champ"
"GERAL","GERAL","STARRETT - LIMA GROSA REDONDA 10**","Lima Grosa Redonda 10**","STARRETT","CON-156213","95.48","EMB: 1","Disponível","https://www.construja.com.br/produto/156213/starrett-lima-grosa-redonda-10"
"GERAL","GERAL","FOXLUX - RECEPTACULO ADAPT E40 P/ E27 FX08","Foxlux Receptaculo Adapt E40 P E27 Fx08","FOXLUX","CON-16935","6.03","EMB: 1","Disponível","https://www.construja.com.br/produto/16935/foxlux-receptaculo-adapt-e40-p-e27-fx08"
"GERAL","GERAL","MAXEB - VARAL AUTOMATICO 6,0M C/3 MODULOS","Maxeb Varal Automatico C 3 Modulos","MAXEB","CON-19680","95.90","EMB: 1","Disponível","https://www.construja.com.br/produto/19680/maxeb-varal-automatico-60m-c3-modulos"
"GERAL","GERAL","PENZEL - TERM PRE-ISOL PINO  0,5MM/1,5MM C9MM VM","Penzel Term Pre Isol Pino 1 5mm C9mm","PENZEL","CON-12283","21.48","EMB: 1","Disponível","https://www.construja.com.br/produto/12283/penzel-term-pre-isol-pino-05mm15mm-c9mm-vm"
"GERAL","GERAL","ESPIRATEC - CONDUITE ESPIRAFLEX 11/4 R/25M","Espiratec Conduite Espiraflex R","ESPIRATEC","CON-11279","154.36","EMB: 1","Disponível","https://www.construja.com.br/produto/11279/espiratec-conduite-espiraflex-114-r25m"
"GERAL","GERAL","METALATEX - BASE Z ACR FOSCO PERFEITO   800ML","Metalatex Base Z Acr Fosco Perfeito 800ml","METALATEX","CON-11255","36.80","EMB: 1","Disponível","https://www.construja.com.br/produto/11255/metalatex-base-z-acr-fosco-perfeito-800ml"
"GERAL","GERAL","FERJA - GRAMPO APERTO RAPIDO 150X350X45","Ferja Grampo Aperto Rapido 150x350x45","FERJA","CON-190746","66.57","EMB: 1","Disponível","https://www.construja.com.br/produto/190746/ferja-grampo-aperto-rapido-150x350x45"
"GERAL","GERAL","ANNLUX - FUSIVEL CERAMICO MICROONDAS 20AG 15,0A","Annlux Fusivel Ceramico Microondas 2g 15 0a","ANNLUX","CON-139642","1.57","EMB: 20","Disponível","https://www.construja.com.br/produto/139642/annlux-fusivel-ceramico-microondas-20ag-150a"
"GERAL","GERAL","HIDROLAR - TUBO LIGAÇAO AJUST 30 METAL","Hidrolar Tubo Ligaçao Ajust 30 Metal","HIDROLAR","CON-153190","25.70","EMB: 1","Disponível","https://www.construja.com.br/produto/153190/hidrolar-tubo-ligaao-ajust-30-metal"
"GERAL","GERAL","THOMPSON - CANTON PRATELEIRA 06X08 BR","Thompson Canton Prateleira","THOMPSON","CON-116210","1.98","EMB: 24","Disponível","https://www.construja.com.br/produto/116210/thompson-canton-prateleira-06x08-br"
"GERAL","GERAL","TRIFIXI - GANCHO C/ BUCHA 06 ANEL C/03**","Trifixi Gancho C Bucha 06 Anel C 03**","TRIFIXI","CON-192030","2.91","EMB: 1","Disponível","https://www.construja.com.br/produto/192030/trifixi-gancho-c-bucha-06-anel-c03"
"GERAL","GERAL","LORENZETTI - DISJ NEMA TRIP  10A CURVA B**","Disj Nema Trip Curva B**","LORENZETTI","CON-12034","42.69","EMB: 2","Disponível","https://www.construja.com.br/produto/12034/lorenzetti-disj-nema-trip-10a-curva-b"
"GERAL","GERAL","TINGILAK - TINGIDOR VERNIZ IMBUIA 100ML","Tingilak Tingidor Verniz Imbuia 100ml","TINGILAK","CON-16332","25.50","EMB: 1","Disponível","https://www.construja.com.br/produto/16332/tingilak-tingidor-verniz-imbuia-100ml"
"GERAL","GERAL","FERJA - PONTEIRA CANHÃO 45MM 11 CRV C/IMA","Ferja Ponteira Canhão 11 Crv C Ima","FERJA","CON-192311","0.00","EMB: 1","SEM ESTOQUE","https://www.construja.com.br/produto/192311/ferja-ponteira-canho-45mm-11-crv-cima"
"GERAL","GERAL","EDA - ALICATE REBIT 4 BICOS 9,5 8VJ","Eda Alicate Rebit 4 Bicos 9 5 8vj","EDA","CON-180200","22.66","EMB: 1","Disponível","https://www.construja.com.br/produto/180200/eda-alicate-rebit-4-bicos-95-8vj"
"GERAL","GERAL","AMANCO - TE LLL 1X3/4.","Te Lll 4.","AMANCO","CON-158455","8.63","EMB: 20","Disponível","https://www.construja.com.br/produto/158455/amanco-te-lll-1x34"
"GERAL","GERAL","THOMPSON - ABRAÇ NYLON BR  4,8X300","Thompson Aaç Br 4","THOMPSON","CON-11644","19.69","EMB: 1","Disponível","https://www.construja.com.br/produto/11644/thompson-abra-nylon-br-48x300"
"GERAL","GERAL","NOVACOR - TINTA ACR PISO ULTRA  3,6L AM DEMA**","Novacor Tinta Acr Piso Ultra 3 6l Dema**","NOVACOR","CON-149412","133.22","EMB: 1","Disponível","https://www.construja.com.br/produto/149412/novacor-tinta-acr-piso-ultra-36l-am-dema"
"GERAL","GERAL","COMPEL - BANDEJA PINTURA PRETA 20","Compel Bandeja Pintura Preta 20","COMPEL","CON-176267","35.40","EMB: 1","Disponível","https://www.construja.com.br/produto/176267/compel-bandeja-pintura-preta-20"
"GERAL","GERAL","ILUMI - MOD SLIM BR (FURO) 8103","Mod Slim (furo) 8103","ILUMI","CON-112244","1.69","EMB: 1","Disponível","https://www.construja.com.br/produto/112244/ilumi-mod-slim-br-furo-8103"
"GERAL","GERAL","EMAVI - GRAFITE  25G","Emavi Grafite 25g","EMAVI","CON-18520","2.87","EMB: 24","Disponível","https://www.construja.com.br/produto/18520/emavi-grafite-25g"
"GERAL","GERAL","ILUMI - MOD SLIM BR (DIMMER LUZ BIV) 8166","Mod Slim (dimmer Luz Biv) 8166","ILUMI","CON-112248","49.00","EMB: 1","Disponível","https://www.construja.com.br/produto/112248/ilumi-mod-slim-br-dimmer-luz-biv-8166"
"GERAL","GERAL","THOMPSON - PULVER MULTI SPRAY  500ML","Thompson Pulver Multi Spray 500ml","THOMPSON","CON-180581","3.89","EMB: 1","Disponível","https://www.construja.com.br/produto/180581/thompson-pulver-multi-spray-500ml"
"GERAL","GERAL","MOMFORT - CAVADEIRA ART C/CABO 1,30M","Momfort Cavadeira Art C Cabo","MOMFORT","CON-173148","39.73","EMB: 2","Disponível","https://www.construja.com.br/produto/173148/momfort-cavadeira-art-ccabo-130m"
"GERAL","GERAL","FERJA - GRAMPO MARCENEIRO C 08 PESADO","Ferja Grampo Marceneiro C 08 Pesado","FERJA","CON-190402","80.83","EMB: 1","Disponível","https://www.construja.com.br/produto/190402/ferja-grampo-marceneiro-c-08-pesado"
"GERAL","GERAL","BRASLIDER - GAVETEIRO AZ N5 ENCAIXAVEL","Braslider Gaveteiro N5 Encaixavel","BRASLIDER","CON-117131","4.07","EMB: 1","Disponível","https://www.construja.com.br/produto/117131/braslider-gaveteiro-az-n5-encaixavel"
"GERAL","GERAL","ANNLUX - FUSIVEL DE VIDRO TIPO  3AG  7,00A","Annlux Fusivel De Vidro Tipo 3ag 7","ANNLUX","CON-139611","0.32","EMB: 50","Disponível","https://www.construja.com.br/produto/139611/annlux-fusivel-de-vidro-tipo-3ag-700a"
"GERAL","GERAL","FERJA - JG CHAVE FIXA 10/19 05PÇS","Ferja Jg Chave Fixa 05pçs","FERJA","CON-190639","49.99","EMB: 1","Disponível","https://www.construja.com.br/produto/190639/ferja-jg-chave-fixa-1019-05ps"
"GERAL","GERAL","GRAP - CHUVEIRO FRIO PVC 04 BR","Grap Chuveiro Frio 04","GRAP","CON-187252","6.32","EMB: 6","Disponível","https://www.construja.com.br/produto/187252/grap-chuveiro-frio-pvc-04-br"
"GERAL","GERAL","CERSAN - TELHA TRANSL PP 305X110X1,1MM LEITOSA","Cersan Telha Transl Pp 305x110x1 Leitosa","CERSAN","CON-12358","122.72","EMB: 1","Disponível","https://www.construja.com.br/produto/12358/cersan-telha-transl-pp-305x110x11mm-leitosa"
"GERAL","GERAL","FERJA - PRUMO PAREDE AÇO MACIÇO  900G","Ferja Prumo Parede Maciço 900g","FERJA","CON-190281","32.70","EMB: 1","Disponível","https://www.construja.com.br/produto/190281/ferja-prumo-parede-ao-macio-900g"
"GERAL","GERAL","AMANCO - ASSENTO SANIT BG OVAL MUNDIAL*","Assento Sanit Bg Oval Mundial*","AMANCO","CON-158291","0.00","EMB: 1","SEM ESTOQUE","https://www.construja.com.br/produto/158291/amanco-assento-sanit-bg-oval-mundial"
"GERAL","GERAL","FP - BOLA MACIÇA CAES CRAVO 70MM**","Fp Bola Maciça Caes Cravo **","FP","CON-165008","12.14","EMB: 1","Disponível","https://www.construja.com.br/produto/165008/fp-bola-macia-caes-cravo-70mm"
"GERAL","GERAL","NEW-FIX - REBITE ALUM REPUXO 419 (5/32) C/200","New Fix Rebite Alum Repuxo 419 () C 200","NEW","CON-185290","16.97","EMB: 1","Disponível","https://www.construja.com.br/produto/185290/new-fix-rebite-alum-repuxo-419-532-c200"
"GERAL","GERAL","FRATI - MOSQUETAO TRAVA SIMPLES GALV 05X50","Frati Mosquetao Trava Simples Galv","FRATI","CON-184139","2.25","EMB: 10","Disponível","https://www.construja.com.br/produto/184139/frati-mosquetao-trava-simples-galv-05x50"
"GERAL","GERAL","FOXLUX - SOQUETE P/ COLUNA ABAJUR BR","Foxlux Soquete P Coluna Abajur","FOXLUX","CON-165255","3.65","EMB: 20","Disponível","https://www.construja.com.br/produto/165255/foxlux-soquete-p-coluna-abajur-br"
"GERAL","GERAL","TEK BOND - SILICONE ACETICO 050G INCOLOR BLISTER","Tek Bond Silicone Acetico 050g Incolor Blister","TEK BOND","CON-185171","5.02","EMB: 12","Disponível","https://www.construja.com.br/produto/185171/tek-bond-silicone-acetico-050g-incolor-blister"
"GERAL","GERAL","CONDOR - CACAMBA PINTURA  3,6L","Condor Cacamba Pintura 3 6l","CONDOR","CON-149338","15.15","EMB: 1","Disponível","https://www.construja.com.br/produto/149338/condor-cacamba-pintura-36l"
"GERAL","GERAL","ART VARAL - PASSA FIO 10M ALMA AÇO","Art Varal Passa Fio Alma","ART VARAL","CON-174449","12.37","EMB: 1","Disponível","https://www.construja.com.br/produto/174449/art-varal-passa-fio-10m-alma-ao"
"GERAL","GERAL","FERJA - LIMPA PEDRA 5L","Ferja Limpa Pedra 5l","FERJA","CON-190455","36.41","EMB: 1","Disponível","https://www.construja.com.br/produto/190455/ferja-limpa-pedra-5l"
"GERAL","GERAL","PADO - CADEADO C/ SEGREDO IGUAIS 50 05PÇ","Cadeado C Segredo Iguais 50 05pç","PADO","CON-179195","264.92","EMB: 1","Disponível","https://www.construja.com.br/produto/179195/pado-cadeado-c-segredo-iguais-50-05p"
"GERAL","GERAL","HAMMER - POLITRIZ PROF ORBITAL 120WX127V GYPZ12**","Hammer Politriz Prof Orbital 120wx127v Gypz12**","HAMMER","CON-135317","299.42","EMB: 1","Disponível","https://www.construja.com.br/produto/135317/hammer-politriz-prof-orbital-120wx127v-gypz12"
"GERAL","GERAL","MUCAMBO - LUVA MAO LATEX LISA AZ 09CM (XG)","Mucambo Luva Mao Latex Lisa 09cm (xg)","MUCAMBO","CON-18813","4.41","EMB: 1","Disponível","https://www.construja.com.br/produto/18813/mucambo-luva-mao-latex-lisa-az-09cm-xg"
"GERAL","GERAL","FERJA - LIXA MASSA 220 A-230","Ferja Lixa Massa 230","FERJA","CON-190467","0.65","EMB: 25","Disponível","https://www.construja.com.br/produto/190467/ferja-lixa-massa-220-a-230"
"GERAL","GERAL","CASTOR - DESEMP PVC CORRUGADA 15X26 PT","Castor Desemp Corrugada","CASTOR","CON-17614","8.30","EMB: 1","Disponível","https://www.construja.com.br/produto/17614/castor-desemp-pvc-corrugada-15x26-pt"
"GERAL","GERAL","ESTRELA - LIGA FACIL LL 32MM","Estrela Liga Facil Ll","ESTRELA","CON-101217","20.76","EMB: 1","Disponível","https://www.construja.com.br/produto/101217/estrela-liga-facil-ll-32mm"
"GERAL","GERAL","TRAMON - CHAVE COMBINADA 21MM","Tramon Chave Combinada","TRAMON","CON-166432","20.20","EMB: 1","Disponível","https://www.construja.com.br/produto/166432/tramon-chave-combinada-21mm"
"GERAL","GERAL","EDA - BOMBA AR VERTICAL METAL","Eda Bomba Ar Vertical Metal","EDA","CON-180459","0.00","EMB: 1","SEM ESTOQUE","https://www.construja.com.br/produto/180459/eda-bomba-ar-vertical-metal"
"GERAL","GERAL","GRAP - TORN JARDIM ABS/PT 3/4**","Grap Torn Jardim Abs **","GRAP","CON-187114","1.52","EMB: 12","Disponível","https://www.construja.com.br/produto/187114/grap-torn-jardim-abspt-34"
"GERAL","GERAL","TRAMON - PA VANGA QUAD CABO Y 071CM","Tramon Pa Vanga Quad Cabo Y 071cm","TRAMON","CON-166309","33.54","EMB: 1","Disponível","https://www.construja.com.br/produto/166309/tramon-pa-vanga-quad-cabo-y-071cm"
"GERAL","GERAL","TEK BOND - FITA DUP FACE ACRI INT 12X2M 400G","Tek Bond Fita Dup Face Acri Int 12x2m 400g","TEK BOND","CON-185192","10.86","EMB: 1","Disponível","https://www.construja.com.br/produto/185192/tek-bond-fita-dup-face-acri-int-12x2m-400g"
"GERAL","GERAL","NOVACOR - TINTA ACR PREM  1/4 BRANCO","Novacor Tinta Acr Prem","NOVACOR","CON-149574","35.88","EMB: 1","Disponível","https://www.construja.com.br/produto/149574/novacor-tinta-acr-prem-14-branco"
"GERAL","GERAL","ADELBRAS - FITA CREPE 18X40 AUTOM VD","Adelbras Fita Crepe Autom","ADELBRAS","CON-171176","6.07","EMB: 6","Disponível","https://www.construja.com.br/produto/171176/adelbras-fita-crepe-18x40-autom-vd"
"GERAL","GERAL","IRWIN - BROCA VIDEA SDS PLUS 08,0X110","Broca Videa Sds Plus 08","IRWIN","CON-170186","12.55","EMB: 1","Disponível","https://www.construja.com.br/produto/170186/irwin-broca-videa-sds-plus-080x110"
"GERAL","GERAL","FOXLUX - PAINEL LED EMB RED 12W 6500K ALUM","Foxlux Painel Led Emb Red 12w 6500k Alum","FOXLUX","CON-107401","15.57","EMB: 1","Disponível","https://www.construja.com.br/produto/107401/foxlux-painel-led-emb-red-12w-6500k-alum"
"GERAL","GERAL","FERJA - LIXA FERRO 080 K-240","Ferja Lixa Ferro 080 K 240","FERJA","CON-190480","2.53","EMB: 25","Disponível","https://www.construja.com.br/produto/190480/ferja-lixa-ferro-080-k-240"
"GERAL","GERAL","EDA - DISCO CORTE INOX  41/2X1,0X7/8 0BF","Eda Disco Corte 41 0x7 8 0bf","EDA","CON-180448","1.27","EMB: 5","Disponível","https://www.construja.com.br/produto/180448/eda-disco-corte-inox-412x10x78-0bf"
"GERAL","GERAL","FERJA - PRUMO PAREDE AÇO MACIÇO  500G","Ferja Prumo Parede Maciço 500g","FERJA","CON-190279","22.25","EMB: 1","Disponível","https://www.construja.com.br/produto/190279/ferja-prumo-parede-ao-macio-500g"
"GERAL","GERAL","TRAMON - PL LIZ 4X2 BR (CEGA) 57106201","Tramon Pl Liz (cega) 57106201","TRAMON","CON-166366","4.17","EMB: 1","Disponível","https://www.construja.com.br/produto/166366/tramon-pl-liz-4x2-br-cega-57106201"
"GERAL","GERAL","EUCATEX - TINTA ACR EXTRA PISO FOSCO  3,6L CZ ESC","Eucatex Tinta Acr Extra Piso Fosco 3 6l Esc","EUCATEX","CON-163364","54.76","EMB: 1","Disponível","https://www.construja.com.br/produto/163364/eucatex-tinta-acr-extra-piso-fosco-36l-cz-esc"
"GERAL","GERAL","ILUMI - CJ BOX SOBR BR (PULSADOR CAMP) 6313","Cj Box So Br (pulsador Camp) 6313","ILUMI","CON-112347","8.69","EMB: 1","Disponível","https://www.construja.com.br/produto/112347/ilumi-cj-box-sobr-br-pulsador-camp-6313"
"GERAL","GERAL","COLORGIN - SPRAY ALUMEN BRONZE 350ML 1001","Colorgin Spray Alumen Bronze 350ml 1001","COLORGIN","CON-159800","38.47","EMB: 1","Disponível","https://www.construja.com.br/produto/159800/colorgin-spray-alumen-bronze-350ml-1001"
"GERAL","GERAL","FERJA - LIXA MADEIRA 080 A-220","Ferja Lixa Madeira 220","FERJA","CON-190470","0.81","EMB: 25","Disponível","https://www.construja.com.br/produto/190470/ferja-lixa-madeira-080-a-220"
"GERAL","GERAL","ASTRA - TANQUE PLAST BR 47X43X27 22L","Astra Tanque Plast 47x43x27 22l","ASTRA","CON-19471","0.00","EMB: 1","SEM ESTOQUE","https://www.construja.com.br/produto/19471/astra-tanque-plast-br-47x43x27-22l"
"GERAL","GERAL","AMANCO - PLUG  3/4.","Plug .","AMANCO","CON-158205","1.14","EMB: 50","Disponível","https://www.construja.com.br/produto/158205/amanco-plug-34"
"GERAL","GERAL","STECK - CONECTOR GENERICO ATE 25MM FRONTAL SF100","Steck Conector Generico Ate Frontal Sf100","STECK","CON-15972","15.95","EMB: 1","Disponível","https://www.construja.com.br/produto/15972/steck-conector-generico-ate-25mm-frontal-sf100"
"GERAL","GERAL","BLUKIT - PROLONGADOR REG CASTELO DOCOL 10MM","Blukit Prolongador Reg Castelo","BLUKIT","CON-182129","8.94","EMB: 1","Disponível","https://www.construja.com.br/produto/182129/blukit-prolongador-reg-castelo-docol-10mm"
"GERAL","GERAL","SILVANA - DOBRADIÇA ZINC T 850X31/2-24PÇ","Silvana Dobradiça Zinc T 2 24pç","SILVANA","CON-19064","59.92","EMB: 1","Disponível","https://www.construja.com.br/produto/19064/silvana-dobradia-zinc-t-850x312-24p"
"GERAL","GERAL","LEGRAND - MOD PIAL PLUS BR (TOM COAXIAL) 615030**","Legrand Mod Pial Plus (tom Coaxial) 615030**","LEGRAND","CON-120196","19.39","EMB: 1","Disponível","https://www.construja.com.br/produto/120196/legrand-mod-pial-plus-br-tom-coaxial-615030"
"GERAL","GERAL","KRONA - TUBO PVC AGUA  60","Tubo Agua 60","KRONA","CON-132434","180.31","EMB: 1","Disponível","https://www.construja.com.br/produto/132434/krona-tubo-pvc-agua-60"
"GERAL","GERAL","STARRETT - SERRA COPO  33MM FCH0156-G","Serra Copo Fch0156 G","STARRETT","CON-156235","52.42","EMB: 1","Disponível","https://www.construja.com.br/produto/156235/starrett-serra-copo-33mm-fch0156-g"
"GERAL","GERAL","VIQUA - TORN BICA MOVEL MESA ABS BR PACIFIC","Viqua Torn Bica Movel Mesa Abs Pacific","VIQUA","CON-124165","18.26","EMB: 1","Disponível","https://www.construja.com.br/produto/124165/viqua-torn-bica-movel-mesa-abs-br-pacific"
"GERAL","GERAL","ADELBRAS - FITA EMBALAGEM TRANSP 48X40","Adelbras Fita Embalagem Transp","ADELBRAS","CON-17461","5.38","EMB: 4","Disponível","https://www.construja.com.br/produto/17461/adelbras-fita-embalagem-transp-48x40"
"GERAL","GERAL","PLASFLEX - PORTA SANF 60 BG","Plasflex Porta Sanf 60 Bg","PLASFLEX","CON-104121","106.52","EMB: 1","Disponível","https://www.construja.com.br/produto/104121/plasflex-porta-sanf-60-bg"
"GERAL","GERAL","BOGNAR - VELA FILTRO CARVAO ATIV GRAVIDADE BR","Bognar Vela Filtro Carvao Ativ Gravidade","BOGNAR","CON-19291","16.43","EMB: 1","Disponível","https://www.construja.com.br/produto/19291/bognar-vela-filtro-carvao-ativ-gravidade-br"
"GERAL","GERAL","MEC - CJ MILL SOBR BR (PULSADOR CAMP) 61010","Mec Cj Mill So Br (pulsador Camp) 61010","MEC","CON-12334","9.44","EMB: 5","Disponível","https://www.construja.com.br/produto/12334/mec-cj-mill-sobr-br-pulsador-camp-61010"
"GERAL","GERAL","POLISTEN - STAIN IMP IMBUIA  900ML","Polisten Stain Imp Imbuia 900ml","POLISTEN","CON-16339","60.00","EMB: 1","Disponível","https://www.construja.com.br/produto/16339/polisten-stain-imp-imbuia-900ml"
"GERAL","GERAL","DOCOL - TORN BICA MOVEL LAV 1/4V PRIMOR**","Torn Bica Movel Lav 1 4v Primor**","DOCOL","CON-133226","178.65","EMB: 1","Disponível","https://www.construja.com.br/produto/133226/docol-torn-bica-movel-lav-14v-primor"
"GERAL","GERAL","ALPHA - PARAF SANIT LATAO B08**","Alpha Paraf Sanit Latao B08**","ALPHA","CON-153830","3.50","EMB: 20","Disponível","https://www.construja.com.br/produto/153830/alpha-paraf-sanit-latao-b08"
"GERAL","GERAL","STECK - DISJ DIN TRIP  20A CURVA C","Steck Disj Din Trip Curva C","STECK","CON-15937","46.00","EMB: 1","Disponível","https://www.construja.com.br/produto/15937/steck-disj-din-trip-20a-curva-c"
"GERAL","GERAL","LORENZETTI - DUCHA TOP JET MULTI 5500X127","Ducha Top Jet Multi","LORENZETTI","CON-127199","170.94","EMB: 1","Disponível","https://www.construja.com.br/produto/127199/lorenzetti-ducha-top-jet-multi-5500x127"
"GERAL","GERAL","MEC - MOD PETRA BR (VISOR C/ FURO) 80013","Mec Mod Petra (visor C Furo) 80013","MEC","CON-126141","1.31","EMB: 5","Disponível","https://www.construja.com.br/produto/126141/mec-mod-petra-br-visor-c-furo-80013"
"GERAL","GERAL","PLASTCOR - MASCARA SOLDA ESCUDO","Plastcor Mascara Solda Escudo","PLASTCOR","CON-151193","11.32","EMB: 1","Disponível","https://www.construja.com.br/produto/151193/plastcor-mascara-solda-escudo"
"GERAL","GERAL","MEGATRON - FILTRO LINHA  4 TOM 1,00M BIV PT","Megatron Filtro Linha 4 Tom Biv","MEGATRON","CON-146293","22.03","EMB: 1","Disponível","https://www.construja.com.br/produto/146293/megatron-filtro-linha-4-tom-100m-biv-pt"
"GERAL","GERAL","GENCO - CLORO MULTIPLA ACAO  1KG 3 EM 1  LE 40%","Genco Cloro Multipla Acao 1kg 3 Em 1 Le 40%","GENCO","CON-129125","27.14","EMB: 1","Disponível","https://www.construja.com.br/produto/129125/genco-cloro-multipla-acao-1kg-3-em-1-le-40"
"GERAL","GERAL","THOMPSON - DISCO BORR ESMER 7 FLEX","Thompson Disco Borr Esmer 7 Flex","THOMPSON","CON-116171","14.68","EMB: 1","Disponível","https://www.construja.com.br/produto/116171/thompson-disco-borr-esmer-7-flex"
"GERAL","GERAL","MTX - DISCO LIXA C/ VELCRO C/F 080 125MM C/5","Disco Lixa C Velcro C F 080 C 5","MTX","CON-199838","4.43","EMB: 1","Disponível","https://www.construja.com.br/produto/199838/mtx-disco-lixa-c-velcro-cf-080-125mm-c5"
"GERAL","GERAL","VIQUA - TORN BICA MOVEL PAREDE ABS BR LONGA LAG","Viqua Torn Bica Movel Parede Abs Longa Lag","VIQUA","CON-124163","20.59","EMB: 1","Disponível","https://www.construja.com.br/produto/124163/viqua-torn-bica-movel-parede-abs-br-longa-lag"
"GERAL","GERAL","CASTOR - DESEMP AÇO DENT 10X35 DENTE 12 PRATICA","Castor Desemp Dent Dente 12 Pratica","CASTOR","CON-151420","24.27","EMB: 1","Disponível","https://www.construja.com.br/produto/151420/castor-desemp-ao-dent-10x35-dente-12-pratica"
"GERAL","GERAL","ROMA - DISCO BORR C/ VELCRO 41/2","Roma Disco Borr C Velcro","ROMA","CON-153304","14.16","EMB: 1","Disponível","https://www.construja.com.br/produto/153304/roma-disco-borr-c-velcro-412"
"GERAL","GERAL","KRONA - CX SIF 250X230X75 QUAD ABS/BR N22","Sif 250x230x75 Quad Abs N22","KRONA","CON-132194","137.01","EMB: 1","Disponível","https://www.construja.com.br/produto/132194/krona-cx-sif-250x230x75-quad-absbr-n22"
"GERAL","GERAL","NEW-FIX - PARAF A.BROCANTE FLANG PHS ZINC 08X2","New Fix Paraf A.brocante Flang Phs Zinc","NEW","CON-191667","13.92","EMB: 2","Disponível","https://www.construja.com.br/produto/191667/new-fix-paraf-abrocante-flang-phs-zinc-08x2"
"GERAL","GERAL","MUCAMBO - LUVA MAO LATEX LISA AZ 08CM (G)","Mucambo Luva Mao Latex Lisa 08cm (g)","MUCAMBO","CON-18812","0.00","EMB: 1","SEM ESTOQUE","https://www.construja.com.br/produto/18812/mucambo-luva-mao-latex-lisa-az-08cm-g"
"GERAL","GERAL","HIGIBAN - VALV RETEN LL VERT/HOR/UNIAO PVC 32MM","Higiban Valv Reten Ll Vert Hor Uniao","HIGIBAN","CON-153204","25.93","EMB: 1","Disponível","https://www.construja.com.br/produto/153204/higiban-valv-reten-ll-verthoruniao-pvc-32mm"
"GERAL","GERAL","NEW-FIX - PARAF R MAQ RED [56] 1/4X31/2","New Fix Paraf R Maq Red [56] 1 2","NEW","CON-191291","38.20","EMB: 1","Disponível","https://www.construja.com.br/produto/191291/new-fix-paraf-r-maq-red-56-14x312"
"GERAL","GERAL","HELLERMANN - FIXA FIO CLIPS 18MM ADES BR 20PÇS RA18**","Hellermann Fixa Fio Clips Ades 20pçs Ra18**","HELLERMANN","CON-130264","44.67","EMB: 1","Disponível","https://www.construja.com.br/produto/130264/hellermann-fixa-fio-clips-18mm-ades-br-20ps-ra18"
"GERAL","GERAL","VULCAFLEX - BOTINA ELASTICO PU/BI B/PVC 10VB48BP 44","Vulcaflex Botina Elastico Pu Bi B 10vb48bp 44","VULCAFLEX","CON-10475","80.91","EMB: 1","Disponível","https://www.construja.com.br/produto/10475/vulcaflex-botina-elastico-pubi-bpvc-10vb48bp-44"
"GERAL","GERAL","NEW-FIX - PARAF FRANCES [13] 1/4X11/2","New Fix Paraf Frances [13] 1 2","NEW","CON-19195","28.64","EMB: 2","Disponível","https://www.construja.com.br/produto/19195/new-fix-paraf-frances-13-14x112"
"GERAL","GERAL","MEGATRON - EXTEN TRIP PP 3P 10A 3X0,75X10M BR","Megatron Exten Trip Pp 3p 75x10m","MEGATRON","CON-146336","55.61","EMB: 1","Disponível","https://www.construja.com.br/produto/146336/megatron-exten-trip-pp-3p-10a-3x075x10m-br"
"GERAL","GERAL","ILUMI - MOD SLIM BR (TOM USB) 8191","Mod Slim (tom Usb) 8191","ILUMI","CON-112252","0.00","EMB: 1","SEM ESTOQUE","https://www.construja.com.br/produto/112252/ilumi-mod-slim-br-tom-usb-8191"
"GERAL","GERAL","CASTOR - DESEMP PVC CORRUGADA 22X34 PT","Castor Desemp Corrugada","CASTOR","CON-17623","11.63","EMB: 1","Disponível","https://www.construja.com.br/produto/17623/castor-desemp-pvc-corrugada-22x34-pt"
"GERAL","GERAL","COBRECOM - CABO FLEX  2,50 VD R/100M","Cabo Flex 2 50 R","COBRECOM","CON-14686","282.17","EMB: 1","Disponível","https://www.construja.com.br/produto/14686/cobrecom-cabo-flex-250-vd-r100m"
"GERAL","GERAL","SANRO - LUVA MAO LATEX FORR VD 07CM TOP (M)","Sanro Luva Mao Latex Forr 07cm Top (m)","SANRO","CON-18806","8.82","EMB: 10","Disponível","https://www.construja.com.br/produto/18806/sanro-luva-mao-latex-forr-vd-07cm-top-m"
"GERAL","GERAL","SPARTA - MARTELO BOLA POLIDO  600G","Martelo Bola Polido 600g","SPARTA","CON-199849","32.09","EMB: 1","Disponível","https://www.construja.com.br/produto/199849/sparta-martelo-bola-polido-600g"
"GERAL","GERAL","ILUMI - CJ STYLUS 4X2 BR (3 TOM 20A MON) 201211","Cj Stylus (3 Tom Mon) 201211","ILUMI","CON-112152","17.27","EMB: 1","Disponível","https://www.construja.com.br/produto/112152/ilumi-cj-stylus-4x2-br-3-tom-20a-mon-201211"
"GERAL","GERAL","ILUMI - CJ SLIM 4X2 BR (1P) 8022","Cj Slim (1p) 8022","ILUMI","CON-112222","9.49","EMB: 1","Disponível","https://www.construja.com.br/produto/112222/ilumi-cj-slim-4x2-br-1p-8022"
"GERAL","GERAL","AMANCO - JOELHO ESG  75X90.","Joelho Esg .","AMANCO","CON-158133","5.11","EMB: 10","Disponível","https://www.construja.com.br/produto/158133/amanco-joelho-esg-75x90"
"GERAL","GERAL","KRONA - PORTA GRELHA PVC QUAD 15CM BR N61","Porta Grelha Quad 15cm N61","KRONA","CON-132441","10.19","EMB: 12","Disponível","https://www.construja.com.br/produto/132441/krona-porta-grelha-pvc-quad-15cm-br-n61"
"GERAL","GERAL","FERJA - CHAVE INGLESA 10 PRO C/EMBORR","Ferja Chave Inglesa 10 Pro C Emborr","FERJA","CON-190173","36.03","EMB: 1","Disponível","https://www.construja.com.br/produto/190173/ferja-chave-inglesa-10-pro-cemborr"
"GERAL","GERAL","SPARTA - CAIXA MEIA ESQUADRIA C/SERRA 300X65MM","Meia Esquadria C Serra 300x65mm","SPARTA","CON-199875","19.24","EMB: 1","Disponível","https://www.construja.com.br/produto/199875/sparta-caixa-meia-esquadria-cserra-300x65mm"
"GERAL","GERAL","PEGAFORTE - BOTA BRANCA C/MEDIO C/FORRO 43","Pegaforte Bota Branca C Medio C Forro 43","PEGAFORTE","CON-15264","43.98","EMB: 1","Disponível","https://www.construja.com.br/produto/15264/pegaforte-bota-branca-cmedio-cforro-43"
"GERAL","GERAL","MEC - MOD PETRA BR (TOM RJ45 CAT6) 41005","Mec Mod Petra (tom Rj45 Cat6) 41005","MEC","CON-126361","22.22","EMB: 5","Disponível","https://www.construja.com.br/produto/126361/mec-mod-petra-br-tom-rj45-cat6-41005"
"GERAL","GERAL","ARGEVVISION - BUCHA TIJOLO FUR 08 CZ C/100PÇ","Argevvision Bucha Tijolo Fur 08 C 100pç","ARGEVVISION","CON-11918","10.94","EMB: 1","Disponível","https://www.construja.com.br/produto/11918/argevvision-bucha-tijolo-fur-08-cz-c100p"
"GERAL","GERAL","SEA - REPARO TORN M18 C/ ACABAMENTO C33","Sea Reparo Torn M18 C Acabamento C33","SEA","CON-132322","13.15","EMB: 1","Disponível","https://www.construja.com.br/produto/132322/sea-reparo-torn-m18-c-acabamento-c33"
"GERAL","GERAL","FOXLUX - LAMP LED A60 12W-1080LM 3000K","Foxlux Lamp Led A60 12w 1080lm 3000k","FOXLUX","CON-107413","0.00","EMB: 10","SEM ESTOQUE","https://www.construja.com.br/produto/107413/foxlux-lamp-led-a60-12w-1080lm-3000k"
"GERAL","GERAL","SAYERLACK - MASSA F12  380G IMBUIA","Sayerlack Massa F12 380g Imbuia","SAYERLACK","CON-18961","13.61","EMB: 1","Disponível","https://www.construja.com.br/produto/18961/sayerlack-massa-f12-380g-imbuia"
"GERAL","GERAL","NEW-FIX - REBITE ALUM REPUXO 416 (5/32) C/200","New Fix Rebite Alum Repuxo 416 () C 200","NEW","CON-18550","15.82","EMB: 1","Disponível","https://www.construja.com.br/produto/18550/new-fix-rebite-alum-repuxo-416-532-c200"
"GERAL","GERAL","PLASTCOR - CAPACETE S/JUG LAR","Plastcor Capacete S Jug Lar","PLASTCOR","CON-15194","13.87","EMB: 1","Disponível","https://www.construja.com.br/produto/15194/plastcor-capacete-sjug-lar"
"GERAL","GERAL","NEW-FIX - PARAF MAD C/CHATA PHS ZINC 4,8X 55","New Fix Paraf Mad C Chata Phs Zinc 4 8x 55","NEW","CON-191460","14.95","EMB: 2","Disponível","https://www.construja.com.br/produto/191460/new-fix-paraf-mad-cchata-phs-zinc-48x-55"
"GERAL","GERAL","SILVANA - FECHO FIO RED 500X5 ZINC","Silvana Fecho Fio Red Zinc","SILVANA","CON-13751","6.30","EMB: 12","Disponível","https://www.construja.com.br/produto/13751/silvana-fecho-fio-red-500x5-zinc"
"GERAL","GERAL","NOVACOR - TINTA ACR PISO 18L MARROM","Novacor Tinta Acr Piso 18l","NOVACOR","CON-14282","0.00","EMB: 1","SEM ESTOQUE","https://www.construja.com.br/produto/14282/novacor-tinta-acr-piso-18l-marrom"
"GERAL","GERAL","FOXLUX - PLUG PORC TRIP 30A","Foxlux Plug Porc Trip","FOXLUX","CON-10892","14.44","EMB: 1","Disponível","https://www.construja.com.br/produto/10892/foxlux-plug-porc-trip-30a"
"GERAL","GERAL","NOVACOR - TINTA ACR PISO   1/4 PRETO","Novacor Tinta Acr Piso","NOVACOR","CON-105114","32.02","EMB: 1","Disponível","https://www.construja.com.br/produto/105114/novacor-tinta-acr-piso-14-preto"
"GERAL","GERAL","ASTRA - MECANISMO ENTRADA UNIV CONV KEU","Astra Mecanismo Entrada Univ Conv Keu","ASTRA","CON-194271","39.25","EMB: 1","Disponível","https://www.construja.com.br/produto/194271/astra-mecanismo-entrada-univ-conv-keu"
"GERAL","GERAL","STECK - BARRAM DIN 3P 80A 16 POLOS 3F285B","Steck Barram Din 3p 16 Polos 3f285b","STECK","CON-15969","49.59","EMB: 1","Disponível","https://www.construja.com.br/produto/15969/steck-barram-din-3p-80a-16-polos-3f285b"
"GERAL","GERAL","ESTRELA - CX INSPEÇAO RED C/TAMPA 340X150X100","Estrela Inspeçao Red C Tampa 340x150x100","ESTRELA","CON-101320","88.39","EMB: 1","Disponível","https://www.construja.com.br/produto/101320/estrela-cx-inspeao-red-ctampa-340x150x100"
"GERAL","GERAL","FAMASTIL - CHAVE CANHAO CRV 06X122MM","Famastil Chave Canhao Crv 06x122mm","FAMASTIL","CON-16794","15.03","EMB: 1","Disponível","https://www.construja.com.br/produto/16794/famastil-chave-canhao-crv-06x122mm"
"GERAL","GERAL","KRONA - TE AZUL 1/2","Krona - Te Azul 1/2","KRONA","CON-13241","9.38","EMB: 20","Disponível","https://www.construja.com.br/produto/13241/krona-te-azul-12"
"GERAL","GERAL","AMANCO - CORPO CX MULTIPLA RED INSPEÇAO.","Corpo Multipla Red Inspeçao.","AMANCO","CON-15873","205.38","EMB: 1","Disponível","https://www.construja.com.br/produto/15873/amanco-corpo-cx-multipla-red-inspeao"
"GERAL","GERAL","LORENZETTI - RESIST ADV/TOP JET MULTI 5500X127 3055Q","Resist Adv Top Jet Multi 3055q","LORENZETTI","CON-127118","56.07","EMB: 1","Disponível","https://www.construja.com.br/produto/127118/lorenzetti-resist-advtop-jet-multi-5500x127-3055q"
"GERAL","GERAL","AMANCO - GRELHA PVC QUAD 10CM BR N20.","Grelha Quad 10cm N20.","AMANCO","CON-158108","0.00","EMB: 1","SEM ESTOQUE","https://www.construja.com.br/produto/158108/amanco-grelha-pvc-quad-10cm-br-n20"
"GERAL","GERAL","BOGNAR - ACABAMENTO  3/4 C40 CLASSIC","Bognar Acabamento C40 Classic","BOGNAR","CON-10230","29.34","EMB: 1","Disponível","https://www.construja.com.br/produto/10230/bognar-acabamento-34-c40-classic"
"GERAL","GERAL","FORTLEV - CX DAGUA C/TAMPA  100L","Dagua C Tampa 100l","FORTLEV","CON-12472","198.71","EMB: 1","Disponível","https://www.construja.com.br/produto/12472/fortlev-cx-dagua-ctampa-100l"
"GERAL","GERAL","GERDAU - PREGO 06X06 S/CABEÇA","Prego S Cabeça","GERDAU","CON-11116","0.00","EMB: 1","SEM ESTOQUE","https://www.construja.com.br/produto/11116/gerdau-prego-06x06-scabea"
"GERAL","GERAL","GERDAU - PREGO 15X18 C/C","Prego C C","GERDAU","CON-11174","14.92","EMB: 1","Disponível","https://www.construja.com.br/produto/11174/gerdau-prego-15x18-cc"
"GERAL","GERAL","FAMASTIL - ALICATE UNIV 5","Famastil Alicate Univ 5","FAMASTIL","CON-17331","15.27","EMB: 1","Disponível","https://www.construja.com.br/produto/17331/famastil-alicate-univ-5"
"GERAL","GERAL","ESTRELA - GRELHA C/CX COLETORA PVC 15X100","Estrela Grelha C Coletora","ESTRELA","CON-101314","131.63","EMB: 1","Disponível","https://www.construja.com.br/produto/101314/estrela-grelha-ccx-coletora-pvc-15x100"
"GERAL","GERAL","NEW-FIX - REBITE ALUM REPUXO 408 (5/32) C/200","New Fix Rebite Alum Repuxo 408 () C 200","NEW","CON-18546","12.12","EMB: 1","Disponível","https://www.construja.com.br/produto/18546/new-fix-rebite-alum-repuxo-408-532-c200"
"GERAL","GERAL","EDA - SERROTE 20 PRO 8YH C/EMB","Eda Serrote 20 Pro 8yh C Emb","EDA","CON-180343","22.93","EMB: 1","Disponível","https://www.construja.com.br/produto/180343/eda-serrote-20-pro-8yh-cemb"
"GERAL","GERAL","TRIONITE - LIXA FERRO 120 K296","Trionite Lixa Ferro 120 K296","TRIONITE","CON-14107","2.23","EMB: 25","Disponível","https://www.construja.com.br/produto/14107/trionite-lixa-ferro-120-k296"
"GERAL","GERAL","PLASFLEX - PORTA SANF 96 BR","Plasflex Porta Sanf 96","PLASFLEX","CON-104119","157.46","EMB: 1","Disponível","https://www.construja.com.br/produto/104119/plasflex-porta-sanf-96-br"
"GERAL","GERAL","FERJA - MARTELO BORRACHA 60 PT","Ferja Martelo Borracha 60","FERJA","CON-190442","12.70","EMB: 1","Disponível","https://www.construja.com.br/produto/190442/ferja-martelo-borracha-60-pt"
"GERAL","GERAL","TRIONITE - LIXA FERRO 150 K296","Trionite Lixa Ferro 150 K296","TRIONITE","CON-14108","2.23","EMB: 25","Disponível","https://www.construja.com.br/produto/14108/trionite-lixa-ferro-150-k296"
"GERAL","GERAL","GENCO - ELEVADOR PH ALCALINIZANTE 2KG","Genco Elevador Ph Alcalinizante 2kg","GENCO","CON-129182","27.76","EMB: 1","Disponível","https://www.construja.com.br/produto/129182/genco-elevador-ph-alcalinizante-2kg"
"GERAL","GERAL","THOMPSON - TRENA EMBOR  5MX19MM IMA","Thompson Trena Embor 5mx19mm Ima","THOMPSON","CON-179140","9.18","EMB: 12","Disponível","https://www.construja.com.br/produto/179140/thompson-trena-embor-5mx19mm-ima"
"GERAL","GERAL","FERJA - PULVER OMBRO 05L C/ ALAVANCA VM","Ferja Pulver Ombro 05l C Alavanca","FERJA","CON-190211","98.14","EMB: 1","Disponível","https://www.construja.com.br/produto/190211/ferja-pulver-ombro-05l-c-alavanca-vm"
"GERAL","GERAL","TAF - CENTRO DIST DISJ DIN  08 EMB BR/FM","Taf Centro Dist Disj Din 08 Emb Fm","TAF","CON-164564","21.11","EMB: 1","Disponível","https://www.construja.com.br/produto/164564/taf-centro-dist-disj-din-08-emb-brfm"
"GERAL","GERAL","FERJA - LIXA SECO 150 EN-852**","Ferja Lixa Seco 150 En 852**","FERJA","CON-190936","3.26","EMB: 25","Disponível","https://www.construja.com.br/produto/190936/ferja-lixa-seco-150-en-852"
"GERAL","GERAL","QUARTZOLIT - REPARO ESTRUTURAL CINZA 20KG","Quartzolit Reparo Estrutural 20kg","QUARTZOLIT","CON-164662","76.39","EMB: 1","Disponível","https://www.construja.com.br/produto/164662/quartzolit-reparo-estrutural-cinza-20kg"
"GERAL","GERAL","FERCAR - CX FERR AÇO BAU 50CM","Fercar Ferr Bau 50cm","FERCAR","CON-173101","73.78","EMB: 1","Disponível","https://www.construja.com.br/produto/173101/fercar-cx-ferr-ao-bau-50cm"
"GERAL","GERAL","FAMASTIL - CHAVE FENDA CRV C/PI 1/4X05 LARANJA","Famastil Chave Fenda Crv C Pi 1 Laranja","FAMASTIL","CON-18465","8.04","EMB: 1","Disponível","https://www.construja.com.br/produto/18465/famastil-chave-fenda-crv-cpi-14x05-laranja"
"GERAL","GERAL","FERJA - PARAF CHIPB C/CHATA PHS BICR 3,0X22","Ferja Paraf Chipb C Chata Phs Bicr 3","FERJA","CON-192241","2.39","EMB: 5","Disponível","https://www.construja.com.br/produto/192241/ferja-paraf-chipb-cchata-phs-bicr-30x22"
"GERAL","GERAL","ESTRELA - ADAPTADOR CONDUTOR CALHA PVC QUAD 75MM","Estrela Adaptador Condutor Calha Quad","ESTRELA","CON-143238","12.71","EMB: 1","Disponível","https://www.construja.com.br/produto/143238/estrela-adaptador-condutor-calha-pvc-quad-75mm"
"GERAL","GERAL","TRAMON - BOX CURVO F 2 56128/006","Tramon Box Curvo F 2","TRAMON","CON-15799","52.14","EMB: 1","Disponível","https://www.construja.com.br/produto/15799/tramon-box-curvo-f-2-56128006"
"GERAL","GERAL","CONDOR - ESPATULA PVC LISA 10","Condor Espatula Lisa 10","CONDOR","CON-149409","3.60","EMB: 12","Disponível","https://www.construja.com.br/produto/149409/condor-espatula-pvc-lisa-10"
"GERAL","GERAL","FERJA - FITA ISOLANTE BRANCA 10M","Ferja Fita Isolante Branca","FERJA","CON-192442","3.52","EMB: 10","Disponível","https://www.construja.com.br/produto/192442/ferja-fita-isolante-branca-10m"
"GERAL","GERAL","LUKMA - QUADRO TELEFONE EMB 400X400X130 CXTE4040","Lukma Quadro Telefone Emb 400x400x130 Cxte4040","LUKMA","CON-159946","150.36","EMB: 1","Disponível","https://www.construja.com.br/produto/159946/lukma-quadro-telefone-emb-400x400x130-cxte4040"
"GERAL","GERAL","NORTON - FIBRA ABRASIVA LIMPEZA SEM RISCO C/2","Norton Fibra Abrasiva Limpeza Sem Risco C 2","NORTON","CON-171215","7.28","EMB: 1","Disponível","https://www.construja.com.br/produto/171215/norton-fibra-abrasiva-limpeza-sem-risco-c2"
"GERAL","GERAL","THOMPSON - LAMP BOLINHA 15X127 SORT","Thompson Lamp Bolinha Sort","THOMPSON","CON-180168","2.80","EMB: 10","Disponível","https://www.construja.com.br/produto/180168/thompson-lamp-bolinha-15x127-sort"
"GERAL","GERAL","PIX - ANTENA EXT UHF-DIGITAL 38 ELEM","Pix Antena Ext Uhf Digital 38 Elem","PIX","CON-146658","48.48","EMB: 1","Disponível","https://www.construja.com.br/produto/146658/pix-antena-ext-uhf-digital-38-elem"
"GERAL","GERAL","FAMASTIL - CHAVE CANHAO CRV 14X122MM","Famastil Chave Canhao Crv 14x122mm","FAMASTIL","CON-16799","28.66","EMB: 1","Disponível","https://www.construja.com.br/produto/16799/famastil-chave-canhao-crv-14x122mm"
"GERAL","GERAL","LUKMA - BOT LK2-ET42 (VERMELHO)  1NF","Lukma Bot Lk2 Et42 () 1nf","LUKMA","CON-159694","20.12","EMB: 1","Disponível","https://www.construja.com.br/produto/159694/lukma-bot-lk2-et42-vermelho-1nf"
"GERAL","GERAL","LUKMA - TERMOMETRO DIGITAL 22MM VM","Lukma Termometro Digital","LUKMA","CON-159912","84.27","EMB: 1","Disponível","https://www.construja.com.br/produto/159912/lukma-termometro-digital-22mm-vm"
"GERAL","GERAL","TEK BOND - SPRAY METALICO CROMADO 350ML","Tek Bond Spray Metalico Cromado 350ml","TEK BOND","CON-185538","21.69","EMB: 1","Disponível","https://www.construja.com.br/produto/185538/tek-bond-spray-metalico-cromado-350ml"
"GERAL","GERAL","BIKI - CENTRO DIST DISJ DIN 24 EMB BR/FUME","Biki Centro Dist Disj Din 24 Emb Fume","BIKI","CON-113247","98.81","EMB: 1","Disponível","https://www.construja.com.br/produto/113247/biki-centro-dist-disj-din-24-emb-brfume"
"GERAL","GERAL","UNIPEGA - ANTIRRESPINGO DE SOLDA S/SILICONE 250G","Unipega Antirrespingo De Solda S Silicone 250g","UNIPEGA","CON-136349","0.00","EMB: 1","SEM ESTOQUE","https://www.construja.com.br/produto/136349/unipega-antirrespingo-de-solda-ssilicone-250g"
"GERAL","GERAL","NEW-FIX - PARAF MAD TAMP 13 PHS ZINC L 5,5X65","New Fix Paraf Mad Tamp 13 Phs Zinc L 5","NEW","CON-191847","22.31","EMB: 2","Disponível","https://www.construja.com.br/produto/191847/new-fix-paraf-mad-tamp-13-phs-zinc-l-55x65"
"GERAL","GERAL","FAMASTIL - ALICATE BICO RETO PVC 6 NIQUELADO","Famastil Alicate Bico Reto 6 Niquelado","FAMASTIL","CON-17333","20.13","EMB: 1","Disponível","https://www.construja.com.br/produto/17333/famastil-alicate-bico-reto-pvc-6-niquelado"
"GERAL","GERAL","PENZEL - TERM COMPRESSAO  16MM 1F 5MM","Penzel Term Compressao 1f 5mm","PENZEL","CON-12288","2.02","EMB: 10","Disponível","https://www.construja.com.br/produto/12288/penzel-term-compressao-16mm-1f-5mm"
"GERAL","GERAL","SEA - JUNÇAO P/ MAQ LAVAR 1/2 LATAO","Sea Junçao P Maq Lavar Latao","SEA","CON-159710","21.84","EMB: 1","Disponível","https://www.construja.com.br/produto/159710/sea-junao-p-maq-lavar-12-latao"
"GERAL","GERAL","FERJA - DESEMP PINUS 15X26","Ferja Desemp Pinus","FERJA","CON-190433","19.00","EMB: 6","Disponível","https://www.construja.com.br/produto/190433/ferja-desemp-pinus-15x26"
"GERAL","GERAL","TEK BOND - COLA FIXA CUBA BR 085G","Tek Bond Cola Fixa Cuba 085g","TEK BOND","CON-185296","19.04","EMB: 1","Disponível","https://www.construja.com.br/produto/185296/tek-bond-cola-fixa-cuba-br-085g"
"GERAL","GERAL","FOXLUX - FIO LUSTRE CRISTAL 2X1,50 (14) R/100M","Foxlux Fio Lustre 50 (14) R","FOXLUX","CON-107392","222.66","EMB: 1","Disponível","https://www.construja.com.br/produto/107392/foxlux-fio-lustre-cristal-2x150-14-r100m"
"GERAL","GERAL","CONDOR - VASSOURA MADRI C/CABO","Condor Vassoura Madri C Cabo","CONDOR","CON-149356","12.14","EMB: 14","Disponível","https://www.construja.com.br/produto/149356/condor-vassoura-madri-ccabo"
"GERAL","GERAL","NORTON - DISCO CORTE INOX  41/2X1,0X7/8 BNA12","Norton Disco Corte 41 0x7 8 Bna12","NORTON","CON-171200","9.20","EMB: 1","Disponível","https://www.construja.com.br/produto/171200/norton-disco-corte-inox-412x10x78-bna12"
"GERAL","GERAL","ANCORA - PROLONG P/BARRA ROSC 1/4-25MM","Ancora Prolong P Rosc 25mm","ANCORA","CON-198164","0.86","EMB: 100","Disponível","https://www.construja.com.br/produto/198164/ancora-prolong-pbarra-rosc-14-25mm"
"GERAL","GERAL","NORTON - DISCO DESBASTE  41/2X6,4X7/8","Norton Disco Desbaste 41 4x7 8","NORTON","CON-171203","9.82","EMB: 1","Disponível","https://www.construja.com.br/produto/171203/norton-disco-desbaste-412x64x78"
"GERAL","GERAL","SIKASEAL - FITA MULTIUSO ADESIVA ALUM 0,15X10MX0,7","Sikaseal Fita Multiuso Adesiva Alum 0 15x10mx0 7","SIKASEAL","CON-164702","29.57","EMB: 1","Disponível","https://www.construja.com.br/produto/164702/sikaseal-fita-multiuso-adesiva-alum-015x10mx07"
"GERAL","GERAL","FERJA - DISCO DESBASTE 07X6,0X7/8","Ferja Disco Desbaste 0x7 8","FERJA","CON-192156","13.03","EMB: 1","Disponível","https://www.construja.com.br/produto/192156/ferja-disco-desbaste-07x60x78"
"GERAL","GERAL","TRAMON - CJ LIZ 4X2 GRAFITE (TOM 10A) 57173010","Tramon Cj Liz Grafite (tom ) 57173010","TRAMON","CON-166676","10.59","EMB: 1","Disponível","https://www.construja.com.br/produto/166676/tramon-cj-liz-4x2-grafite-tom-10a-57173010"
"GERAL","GERAL","HELLERMANN - ORGANIZADOR CABOS PT 12MM 2MT**","Hellermann Organizador Cabos 2mt**","HELLERMANN","CON-130255","0.00","EMB: 1","SEM ESTOQUE","https://www.construja.com.br/produto/130255/hellermann-organizador-cabos-pt-12mm-2mt"
"GERAL","GERAL","FERJA - SELANTE PU40 CINZA 820G SACHE","Ferja Selante Pu40 820g Sache","FERJA","CON-190087","19.84","EMB: 1","Disponível","https://www.construja.com.br/produto/190087/ferja-selante-pu40-cinza-820g-sache"
"GERAL","GERAL","MTX - ESCOVA AÇO LOTONADO CIRC HASTE 75 744489","Escova Lotonado Circ Haste 75 744489","MTX","CON-198942","5.95","EMB: 1","Disponível","https://www.construja.com.br/produto/198942/mtx-escova-ao-lotonado-circ-haste-75-744489"
"GERAL","GERAL","AMANCO - TE AZUL 3/4X1/2.","Te 3 2.","AMANCO","CON-158253","9.66","EMB: 24","Disponível","https://www.construja.com.br/produto/158253/amanco-te-azul-34x12"
"GERAL","GERAL","STECK - PRENSA CABO BSP  3/8 CZ","Steck Prensa Cabo Bsp","STECK","CON-159137","2.62","EMB: 50","Disponível","https://www.construja.com.br/produto/159137/steck-prensa-cabo-bsp-38-cz"
"GERAL","GERAL","BENDOOR - FECHO TOQUE MAGNETICO BR METAL","Bendoor Fecho Toque Magnetico Metal","BENDOOR","CON-125528","1.55","EMB: 20","Disponível","https://www.construja.com.br/produto/125528/bendoor-fecho-toque-magnetico-br-metal"
"GERAL","GERAL","LUKMA - RELE TEMP LK-RTE 0-15S 220V CX ESTR","Lukma Rele Temp Lk Rte 0 15s Estr","LUKMA","CON-159668","53.14","EMB: 1","Disponível","https://www.construja.com.br/produto/159668/lukma-rele-temp-lk-rte-0-15s-220v-cx-estr"
"GERAL","GERAL","EUCALAR - TINTA ESM STAND SINT BRILH 1/4 TABACO","Eucalar Tinta Esm Stand Sint Brilh Tabaco","EUCALAR","CON-163421","25.84","EMB: 1","Disponível","https://www.construja.com.br/produto/163421/eucalar-tinta-esm-stand-sint-brilh-14-tabaco"
"GERAL","GERAL","QUARTZOLIT - ADITIVO PLASTIFICANTE   900ML SACHE","Quartzolit Aditivo Plastificante 900ml Sache","QUARTZOLIT","CON-164763","11.00","EMB: 6","Disponível","https://www.construja.com.br/produto/164763/quartzolit-aditivo-plastificante-900ml-sache"
"GERAL","GERAL","AMANCO - VEDA ROSCA 18X25M","Veda Rosca 18x25m","AMANCO","CON-158103","6.03","EMB: 30","Disponível","https://www.construja.com.br/produto/158103/amanco-veda-rosca-18x25m"
"GERAL","GERAL","NOVACOR - TINTA ESM STAND SINT BRILH 1/16 CZ ESCUR","Novacor Tinta Esm Stand Sint Brilh Escur","NOVACOR","CON-10565","0.00","EMB: 1","SEM ESTOQUE","https://www.construja.com.br/produto/10565/novacor-tinta-esm-stand-sint-brilh-116-cz-escur"
"GERAL","GERAL","TRAMON - CJ LIZ 4X2 BR (2S+TOM 10A) 57170073","Tramon Cj Liz (2s+tom ) 57170073","TRAMON","CON-166338","20.48","EMB: 1","Disponível","https://www.construja.com.br/produto/166338/tramon-cj-liz-4x2-br-2stom-10a-57170073"
"GERAL","GERAL","NEW-FIX - PARAF FRANCES [30] 5/16X21/2","New Fix Paraf Frances [30] 5 2","NEW","CON-191112","66.18","EMB: 2","Disponível","https://www.construja.com.br/produto/191112/new-fix-paraf-frances-30-516x212"
"GERAL","GERAL","MORLAN - TELA GALV MANGUEIRAO 3X16X0,80 50M","Morlan Tela Galv Mangueirao 3x16x0 80","MORLAN","CON-111155","400.58","EMB: 1","Disponível","https://www.construja.com.br/produto/111155/morlan-tela-galv-mangueirao-3x16x080-50m"
"GERAL","GERAL","ISAMAR - TORN BICA MOVEL LAV C67 1/4V JUNIOR","Isamar Torn Bica Movel Lav C67 1 4v Junior","ISAMAR","CON-133465","66.06","EMB: 1","Disponível","https://www.construja.com.br/produto/133465/isamar-torn-bica-movel-lav-c67-14v-junior"
"GERAL","GERAL","TRAMON - PL LUX2 4X4 BR (6 MOD) 57105031","Tramon Pl Lux2 (6 Mod) 57105031","TRAMON","CON-166382","5.62","EMB: 1","Disponível","https://www.construja.com.br/produto/166382/tramon-pl-lux2-4x4-br-6-mod-57105031"
"GERAL","GERAL","ROMA - ESPATULA LAMIN C/PLAST 04","Roma Espatula Lamin C Plast 04","ROMA","CON-199183","3.85","EMB: 12","Disponível","https://www.construja.com.br/produto/199183/roma-espatula-lamin-cplast-04"
"GERAL","GERAL","HIDROLIX - LIXA D AGUA  220 T245","Hidrolix Lixa D Agua 220 T245","HIDROLIX","CON-14140","1.27","EMB: 25","Disponível","https://www.construja.com.br/produto/14140/hidrolix-lixa-d-agua-220-t245"
"GERAL","GERAL","FAMASTIL - CHAVE PHILLIPS CRV C/PI 5/16X06 LARANJA","Famastil Chave Phillips Crv C Pi 5 Laranja","FAMASTIL","CON-18443","12.55","EMB: 1","Disponível","https://www.construja.com.br/produto/18443/famastil-chave-phillips-crv-cpi-516x06-laranja"
"GERAL","GERAL","IRWIN - BROCA AÇO RAPIDO G 5/32","Broca Rapido G","IRWIN","CON-17036","5.42","EMB: 10","Disponível","https://www.construja.com.br/produto/17036/irwin-broca-ao-rapido-g-532"
"GERAL","GERAL","JE - JOELHO ESG 150X90*","Je Joelho Esg *","JE","CON-143847","37.20","EMB: 1","Disponível","https://www.construja.com.br/produto/143847/je-joelho-esg-150x90"
"GERAL","GERAL","TRAMON - PL LUX2 4X4 BR (4 MOD) 5710502","Tramon Pl Lux2 (4 Mod) 5710502","TRAMON","CON-166381","5.62","EMB: 1","Disponível","https://www.construja.com.br/produto/166381/tramon-pl-lux2-4x4-br-4-mod-5710502"
"GERAL","GERAL","THOMPSON - DISCO LIXA C/ VELCRO C/F 080  180MM C/10","Thompson Disco Lixa C Velcro C F 080 C 10","THOMPSON","CON-179240","15.80","EMB: 1","Disponível","https://www.construja.com.br/produto/179240/thompson-disco-lixa-c-velcro-cf-080-180mm-c10"
"GERAL","GERAL","SEA - PARAF SANIT LATAO B10 C/2PÇ","Sea Paraf Sanit Latao B10 C 2pç","SEA","CON-10395","7.86","EMB: 10","Disponível","https://www.construja.com.br/produto/10395/sea-paraf-sanit-latao-b10-c2p"
"GERAL","GERAL","ESTRELA - VALV VEDA AGUA BR 3/4","Estrela Valv Veda Agua","ESTRELA","CON-143223","14.44","EMB: 1","Disponível","https://www.construja.com.br/produto/143223/estrela-valv-veda-agua-br-34"
"GERAL","GERAL","ANNLUX - FUSIVEL DE VIDRO TIPO 20AG  5,00A","Annlux Fusivel De Vidro Tipo 20ag 5","ANNLUX","CON-139627","0.32","EMB: 50","Disponível","https://www.construja.com.br/produto/139627/annlux-fusivel-de-vidro-tipo-20ag-500a"
"GERAL","GERAL","SEA - PARAF SANIT LATAO B08 C/2PÇ","Sea Paraf Sanit Latao B08 C 2pç","SEA","CON-10394","5.55","EMB: 10","Disponível","https://www.construja.com.br/produto/10394/sea-paraf-sanit-latao-b08-c2p"
"GERAL","GERAL","CARBONPEÇAS - CARVAO FURAD BOSCH HOBBY C154G","Carbonpeças Carvao Furad Hobby C154g","CARBONPEÇAS","CON-156339","3.38","EMB: 6","Disponível","https://www.construja.com.br/produto/156339/carbonpeas-carvao-furad-bosch-hobby-c154g"
"GERAL","GERAL","FERJA - LONA POLIETILENO 03X04 100G/M2 AZUL","Ferja Lona Polietileno 100g M2","FERJA","CON-192073","66.52","EMB: 1","Disponível","https://www.construja.com.br/produto/192073/ferja-lona-polietileno-03x04-100gm2-azul"
"GERAL","GERAL","LUKMA - RELE LR2 D1310 4-6A","Lukma Rele Lr2 D1310 4","LUKMA","CON-159630","47.56","EMB: 1","Disponível","https://www.construja.com.br/produto/159630/lukma-rele-lr2-d1310-4-6a"
"GERAL","GERAL","NEW-FIX - ARRUELA LISA ZINC I 5/8","New Fix Arruela Lisa Zinc I","NEW","CON-11628","21.26","EMB: 1","Disponível","https://www.construja.com.br/produto/11628/new-fix-arruela-lisa-zinc-i-58"
"GERAL","GERAL","ESTRELA - COTOVELO CONDUTOR CALHA PVC QUAD 100MM","Estrela Cotovelo Condutor Calha Quad","ESTRELA","CON-143236","25.49","EMB: 1","Disponível","https://www.construja.com.br/produto/143236/estrela-cotovelo-condutor-calha-pvc-quad-100mm"
"GERAL","GERAL","GARDEN - ESPIGÃO FIXO LATÃO  1/2X5/16","Garden Espigão Fixo 1 16","GARDEN","CON-199554","18.36","EMB: 1","Disponível","https://www.construja.com.br/produto/199554/garden-espigo-fixo-lato-12x516"
"GERAL","GERAL","FERJA - ABRAÇ NYLON BR  7,6X400 C/50","Ferja Aaç Br 7 C 50","FERJA","CON-192369","17.50","EMB: 1","Disponível","https://www.construja.com.br/produto/192369/ferja-abra-nylon-br-76x400-c50"
"GERAL","GERAL","ROMA - TRINCHA 413X3 DUPLA**","Roma Trincha Dupla**","ROMA","CON-175141","23.71","EMB: 12","Disponível","https://www.construja.com.br/produto/175141/roma-trincha-413x3-dupla"
"GERAL","GERAL","QUARTZOLIT - REJUNTE ACRILICO ARGILA POTE 1KG","Quartzolit Rejunte Acrilico Argila Pote 1kg","QUARTZOLIT","CON-164632","36.62","EMB: 1","Disponível","https://www.construja.com.br/produto/164632/quartzolit-rejunte-acrilico-argila-pote-1kg"
"GERAL","GERAL","MEC - CJ MILL 4X2 BR (PULSADOR CAMP) 21010","Mec Cj Mill (pulsador Camp) 21010","MEC","CON-12639","6.44","EMB: 5","Disponível","https://www.construja.com.br/produto/12639/mec-cj-mill-4x2-br-pulsador-camp-21010"
"GERAL","GERAL","STAM - FECH EXT CR 804/33","Stam Fech Ext Cr","STAM","CON-128276","63.94","EMB: 1","Disponível","https://www.construja.com.br/produto/128276/stam-fech-ext-cr-80433"
"GERAL","GERAL","SILVANA - MAÇANETA ALAV CR","Silvana Maçaneta Alav Cr","SILVANA","CON-18949","20.30","EMB: 6","Disponível","https://www.construja.com.br/produto/18949/silvana-maaneta-alav-cr"
"GERAL","GERAL","FOXLUX - CABO COAXIAL RGC-59 67% BCO BOB/1200M","Foxlux Cabo Coaxial Rgc 59 67% Bco Bob","FOXLUX","CON-107353","1431.11","EMB: 1","Disponível","https://www.construja.com.br/produto/107353/foxlux-cabo-coaxial-rgc-59-67-bco-bob1200m"
"GERAL","GERAL","TRAMON - CHAVE FIXA 25X28MM","Tramon Chave Fixa 25x28mm","TRAMON","CON-16675","29.39","EMB: 1","Disponível","https://www.construja.com.br/produto/16675/tramon-chave-fixa-25x28mm"
"GERAL","GERAL","ALPHA - BASE REG PRESSAO 3/4 1416","Alpha Base Reg Pressao 1416","ALPHA","CON-153746","36.08","EMB: 1","Disponível","https://www.construja.com.br/produto/153746/alpha-base-reg-pressao-34-1416"
"GERAL","GERAL","TENACE - MARTELO UNHA FUNDIDO 25 C/MAD","Tenace Martelo Unha Fundido 25 C Mad","TENACE","CON-17433","18.29","EMB: 1","Disponível","https://www.construja.com.br/produto/17433/tenace-martelo-unha-fundido-25-cmad"
"GERAL","GERAL","VIQUA - TORN BICA MOVEL PAREDE ABS PT 1/4 ALLURE","Viqua Torn Bica Movel Parede Abs Allure","VIQUA","CON-132799","68.20","EMB: 1","Disponível","https://www.construja.com.br/produto/132799/viqua-torn-bica-movel-parede-abs-pt-14-allure"
"GERAL","GERAL","GERPLAST - ROLDANA PLAST 36X36 C/ PREGO PT C/50*","Gerplast Roldana Plast C Prego C 50*","GERPLAST","CON-181413","16.81","EMB: 1","Disponível","https://www.construja.com.br/produto/181413/gerplast-roldana-plast-36x36-c-prego-pt-c50"
"GERAL","GERAL","FAME - PLUG MACHO PRENSA CABO 2P+T 20A CZ 1482","Fame Plug Macho Prensa Cabo 2p+t 1482","FAME","CON-120492","9.89","EMB: 1","Disponível","https://www.construja.com.br/produto/120492/fame-plug-macho-prensa-cabo-2pt-20a-cz-1482"
"GERAL","GERAL","TAF - CENTRO DIST DISJ DIN 16 EMB BR/FM","Taf Centro Dist Disj Din 16 Emb Fm","TAF","CON-164565","39.87","EMB: 1","Disponível","https://www.construja.com.br/produto/164565/taf-centro-dist-disj-din-16-emb-brfm"
"GERAL","GERAL","FAMASTIL - CHAVE COMBINADA 19MM","Famastil Chave Combinada","FAMASTIL","CON-10877","12.24","EMB: 6","Disponível","https://www.construja.com.br/produto/10877/famastil-chave-combinada-19mm"
"GERAL","GERAL","SUALL - ALGICIDA CHOQUE/MANUTENCAO 1LT","Suall Algicida Choque Manutencao 1lt","SUALL","CON-129214","25.24","EMB: 1","Disponível","https://www.construja.com.br/produto/129214/suall-algicida-choquemanutencao-1lt"
"GERAL","GERAL","PENZEL - TERM PRE-ISOL PINO 10MM C15MM VM","Penzel Term Pre Isol Pino C15mm","PENZEL","CON-122622","0.00","EMB: 10","SEM ESTOQUE","https://www.construja.com.br/produto/122622/penzel-term-pre-isol-pino-10mm-c15mm-vm"
"GERAL","GERAL","LUKMA - CONTATOR CJX2  1810 18A 220V","Lukma Contator Cjx2 1810","LUKMA","CON-159624","62.66","EMB: 1","Disponível","https://www.construja.com.br/produto/159624/lukma-contator-cjx2-1810-18a-220v"
"GERAL","GERAL","NEW-FIX - PARAF FRANCES [51] 3/8X4","New Fix Paraf Frances [51] 3","NEW","CON-191130","124.50","EMB: 1","Disponível","https://www.construja.com.br/produto/191130/new-fix-paraf-frances-51-38x4"
"GERAL","GERAL","ATLAS - TRINCHA 319X2","Atlas Trincha","ATLAS","CON-14921","6.11","EMB: 12","Disponível","https://www.construja.com.br/produto/14921/atlas-trincha-319x2"
"GERAL","GERAL","NEW-FIX - PARAF ROSCA METRICA PAN PHS 5X30 C/200","New Fix Paraf Rosca Metrica Pan Phs C 200","NEW","CON-191726","0.00","EMB: 1","SEM ESTOQUE","https://www.construja.com.br/produto/191726/new-fix-paraf-rosca-metrica-pan-phs-5x30-c200"
"GERAL","GERAL","TENACE - ROLDANA POÇO 16","Tenace Roldana Poço 16","TENACE","CON-17936","61.04","EMB: 1","Disponível","https://www.construja.com.br/produto/17936/tenace-roldana-poo-16"
"GERAL","GERAL","COLORGIN - SPRAY METALLIK INT PRATA 350ML 53","Colorgin Spray Metallik Int Prata 350ml 53","COLORGIN","CON-10129","23.62","EMB: 1","Disponível","https://www.construja.com.br/produto/10129/colorgin-spray-metallik-int-prata-350ml-53"
"GERAL","GERAL","STARRETT - DISCO DESBASTE  41/2X3/16X7/8","Disco Desbaste 41 16x7 8","STARRETT","CON-156347","7.70","EMB: 1","Disponível","https://www.construja.com.br/produto/156347/starrett-disco-desbaste-412x316x78"
"GERAL","GERAL","THOMPSON - DISCO FLAP CONICO 115X080","Thompson Disco Flap Conico","THOMPSON","CON-180554","4.70","EMB: 1","Disponível","https://www.construja.com.br/produto/180554/thompson-disco-flap-conico-115x080"
"GERAL","GERAL","WS - ESCAPULA P/ MADEIRA BICR 17X40","Ws Escapula P Madeira Bicr","WS","CON-191746","15.16","EMB: 1","Disponível","https://www.construja.com.br/produto/191746/ws-escapula-p-madeira-bicr-17x40"
"GERAL","GERAL","TRAMON - CJ LIZ 4X2 BR (TOM COAXIAL) 57170017","Tramon Cj Liz (tom Coaxial) 57170017","TRAMON","CON-166335","11.57","EMB: 1","Disponível","https://www.construja.com.br/produto/166335/tramon-cj-liz-4x2-br-tom-coaxial-57170017"
"GERAL","GERAL","VIQUA - TORN JARDIM ABS/PT 1/2-3/4*","Viqua Torn Jardim Abs 3 4*","VIQUA","CON-132791","2.04","EMB: 10","ESTOQUE BAIXO","https://www.construja.com.br/produto/132791/viqua-torn-jardim-abspt-12-34"
"GERAL","GERAL","VENTISOL - VENT PAREDE 50CM 200W PT BIV","Ventisol Vent Parede 50cm 200w Biv","VENTISOL","CON-100138","249.46","EMB: 1","Disponível","https://www.construja.com.br/produto/100138/ventisol-vent-parede-50cm-200w-pt-biv"
"GERAL","GERAL","LUKMA - QUADRO COMANDO SOBR 600X600X200 PML6060","Lukma Quadro Comando Sobr 600x600x200 Pml6060","LUKMA","CON-159943","392.48","EMB: 1","Disponível","https://www.construja.com.br/produto/159943/lukma-quadro-comando-sobr-600x600x200-pml6060"
"GERAL","GERAL","AROUCA - FECH INT CR 402526/55 STRADA","Arouca Fech Int Cr Strada","AROUCA","CON-128305","112.56","EMB: 1","Disponível","https://www.construja.com.br/produto/128305/arouca-fech-int-cr-40252655-strada"
"GERAL","GERAL","AMAPÁ - GANCHEIRA GONDOLA 0,30 C/12 BR","Amapá Gancheira Gondola 0 30 C 12","AMAPÁ","CON-162246","88.26","EMB: 1","Disponível","https://www.construja.com.br/produto/162246/amap-gancheira-gondola-030-c12-br"
"GERAL","GERAL","DECA - ACABAMENTO  1/2-3/4 BETA*","Acabamento 3 4 Beta*","DECA","CON-133581","170.83","EMB: 1","Disponível","https://www.construja.com.br/produto/133581/deca-acabamento-12-34-beta"
"GERAL","GERAL","THOMPSON - CHAVE CANHAO CRV 14X125MM","Thompson Chave Canhao Crv 14x125mm","THOMPSON","CON-180810","20.35","EMB: 1","Disponível","https://www.construja.com.br/produto/180810/thompson-chave-canhao-crv-14x125mm"
"GERAL","GERAL","CONDOR - GARFO C/GAIOLA C/ROSCA 900/23","Condor Garfo C Gaiola C Rosca","CONDOR","CON-149381","13.72","EMB: 1","Disponível","https://www.construja.com.br/produto/149381/condor-garfo-cgaiola-crosca-90023"
"GERAL","GERAL","MTX - ESCOVA AÇO CARB COPO TRANÇ  65XM14","Escova Carb Copo Tranç 65xm14","MTX","CON-199075","11.87","EMB: 1","Disponível","https://www.construja.com.br/produto/199075/mtx-escova-ao-carb-copo-tran-65xm14"
"GERAL","GERAL","SIEG - UNIDUT RETO 1 CR100","Sieg Unidut Reto 1 Cr100","SIEG","CON-166536","2.59","EMB: 1","Disponível","https://www.construja.com.br/produto/166536/sieg-unidut-reto-1-cr100"
"GERAL","GERAL","SCHNEIDER - MOD MILUZ BR (PULSADOR CAMP) S3B72460","Schneider Mod Miluz (pulsador Camp) S3b72460","SCHNEIDER","CON-122134","7.79","EMB: 1","Disponível","https://www.construja.com.br/produto/122134/schneider-mod-miluz-br-pulsador-camp-s3b72460"
"GERAL","GERAL","JNG - DISJ DIN TRIP  50A CURVA C","Jng Disj Din Trip Curva C","JNG","CON-159341","35.62","EMB: 1","Disponível","https://www.construja.com.br/produto/159341/jng-disj-din-trip-50a-curva-c"
"GERAL","GERAL","STARRETT - LIMA SERROTE 04 C/CABO","Lima Serrote 04 C Cabo","STARRETT","CON-156361","17.29","EMB: 1","Disponível","https://www.construja.com.br/produto/156361/starrett-lima-serrote-04-ccabo"
"GERAL","GERAL","DANTAS TUBOS - ELETRODUTO PVC  11/4","Dantas Tubos Eletroduto","DANTAS TUBOS","CON-130343","15.58","EMB: 1","Disponível","https://www.construja.com.br/produto/130343/dantas-tubos-eletroduto-pvc-114"
"GERAL","GERAL","LUKMA - TERM PRE-ISOL ARGOLA 10MM F6  VM","Lukma Term Pre Isol Argola F6","LUKMA","CON-159876","2.12","EMB: 50","Disponível","https://www.construja.com.br/produto/159876/lukma-term-pre-isol-argola-10mm-f6-vm"
"GERAL","GERAL","ZAGONEL - DUCHA FLUIR 4T 5500X127","Zagonel Ducha Fluir 4t","ZAGONEL","CON-120357","80.14","EMB: 1","Disponível","https://www.construja.com.br/produto/120357/zagonel-ducha-fluir-4t-5500x127"
"GERAL","GERAL","FERJA - LIXA FERRO 050 K-240","Ferja Lixa Ferro 050 K 240","FERJA","CON-190478","2.53","EMB: 25","Disponível","https://www.construja.com.br/produto/190478/ferja-lixa-ferro-050-k-240"
"GERAL","GERAL","BENDOOR - PUXADOR PRINCES ABS/FOSCO 128MM","Bendoor Puxador Princes Abs Fosco","BENDOOR","CON-125533","2.02","EMB: 20","Disponível","https://www.construja.com.br/produto/125533/bendoor-puxador-princes-absfosco-128mm"
"GERAL","GERAL","FERJA - BICO/UNIAO P/ TORN 3/4X1/2 PLAST","Ferja Bico Uniao P Torn 3 2 Plast","FERJA","CON-192322","2.53","EMB: 1","Disponível","https://www.construja.com.br/produto/192322/ferja-bicouniao-p-torn-34x12-plast"
"GERAL","GERAL","LUKMA - CHAVE GANGORRA RET ON-OFF LK2-201N AZ","Lukma Chave Gangorra Ret On Off Lk2 201n","LUKMA","CON-159828","6.99","EMB: 5","Disponível","https://www.construja.com.br/produto/159828/lukma-chave-gangorra-ret-on-off-lk2-201n-az"
"GERAL","GERAL","BLUKIT - ACABAMENTO VALV PT HYDRA MAX","Blukit Acabamento Valv Hydra Max","BLUKIT","CON-182463","37.57","EMB: 1","Disponível","https://www.construja.com.br/produto/182463/blukit-acabamento-valv-pt-hydra-max"
"GERAL","GERAL","IMBAT - LUVA MAO NITRILICA FORR VD 09CM (G)","Imbat Luva Mao Nitrilica Forr 09cm (g)","IMBAT","CON-188309","0.00","EMB: 12","SEM ESTOQUE","https://www.construja.com.br/produto/188309/imbat-luva-mao-nitrilica-forr-vd-09cm-g"
"GERAL","GERAL","STARRETT - LAMINA SERRA BIMETAL BS1224D","Lamina Serra Bimetal Bs1224d","STARRETT","CON-15608","12.58","EMB: 10","Disponível","https://www.construja.com.br/produto/15608/starrett-lamina-serra-bimetal-bs1224d"
"GERAL","GERAL","SEA - AUMENTO (A) CURTO LATAO 3/4","Sea Aumento (a) Curto Latao","SEA","CON-13364","7.96","EMB: 4","Disponível","https://www.construja.com.br/produto/13364/sea-aumento-a-curto-latao-34"
"GERAL","GERAL","FERJA - ARCO SERRA FIXO","Ferja Arco Serra Fixo","FERJA","CON-190707","25.16","EMB: 1","Disponível","https://www.construja.com.br/produto/190707/ferja-arco-serra-fixo"
"GERAL","GERAL","AMAPÁ - TESTEIRA FRONTAL 0,90 BR*","Amapá Testeira Frontal 0 90 *","AMAPÁ","CON-162284","127.55","EMB: 1","Disponível","https://www.construja.com.br/produto/162284/amap-testeira-frontal-090-br"
"GERAL","GERAL","ESTRELA - RALO LINEAR ABS 05X70CM CINZA SMART","Estrela Ralo Linear Abs 05x70cm Smart","ESTRELA","CON-143229","84.79","EMB: 1","Disponível","https://www.construja.com.br/produto/143229/estrela-ralo-linear-abs-05x70cm-cinza-smart"
"GERAL","GERAL","PORTOKOLL - REJUNTE PORCELANATO MARFIM 1KG","Portokoll Rejunte Porcelanato Marfim 1kg","PORTOKOLL","CON-164547","3.79","EMB: 20","Disponível","https://www.construja.com.br/produto/164547/portokoll-rejunte-porcelanato-marfim-1kg"
"GERAL","GERAL","DETONI - ROLDANA CX FECHADA RED ZC 21/2","Detoni Roldana Fechada Red Zc","DETONI","CON-142286","26.75","EMB: 2","Disponível","https://www.construja.com.br/produto/142286/detoni-roldana-cx-fechada-red-zc-212"
"GERAL","GERAL","LORD - PE CABRA VERGALHAO 5/8X60","Lord Pe Cabra Vergalhao 5","LORD","CON-16754","11.89","EMB: 1","Disponível","https://www.construja.com.br/produto/16754/lord-pe-cabra-vergalhao-58x60"
"GERAL","GERAL","ESTRELA - PRESSURIZADOR CX DAGUA C/FILTRO ACQUATUR","Estrela Pressurizador Dagua C Filtro Acquatur","ESTRELA","CON-143242","87.89","EMB: 1","Disponível","https://www.construja.com.br/produto/143242/estrela-pressurizador-cx-dagua-cfiltro-acquatur"
"GERAL","GERAL","GERDAU - ELETRODO 2,50 E-6013 CZ LATA","Eletrodo 2 50 E 6013 Lata","GERDAU","CON-136512","18.64","EMB: 20","Disponível","https://www.construja.com.br/produto/136512/gerdau-eletrodo-250-e-6013-cz-lata"
"GERAL","GERAL","KRONA - VALV  LAV/TANQUE S/LADRAO ABS/BR 7/8 V8","Valv Lav Tanque S Ladrao Abs V8","KRONA","CON-132522","3.48","EMB: 1","Disponível","https://www.construja.com.br/produto/132522/krona-valv-lavtanque-sladrao-absbr-78-v8"
"GERAL","GERAL","CADIZ - VARAO CORT SIMPLES 3,00-28MM MARFIM","Cadiz Varao Cort Simples 3 00 Marfim","CADIZ","CON-182289","34.15","EMB: 1","Disponível","https://www.construja.com.br/produto/182289/cadiz-varao-cort-simples-300-28mm-marfim"
"GERAL","GERAL","TRAMON - COLHER PEDR SOLDADA 08 RETO","Tramon Colher Pedr Soldada 08 Reto","TRAMON","CON-16691","23.10","EMB: 1","Disponível","https://www.construja.com.br/produto/16691/tramon-colher-pedr-soldada-08-reto"
"GERAL","GERAL","THOMPSON - DISCO LIXA DIAM C/ VELCRO  200 100MM","Thompson Disco Lixa Diam C Velcro 200","THOMPSON","CON-180596","13.85","EMB: 1","Disponível","https://www.construja.com.br/produto/180596/thompson-disco-lixa-diam-c-velcro-200-100mm"
"GERAL","GERAL","TRAMON - CHAVE COMBINADA 09MM","Tramon Chave Combinada","TRAMON","CON-16604","9.90","EMB: 1","Disponível","https://www.construja.com.br/produto/16604/tramon-chave-combinada-09mm"
"GERAL","GERAL","FERJA - CAVADEIRA TRADO 08 C/CABO 075CM*","Ferja Cavadeira Trado 08 C Cabo 075cm*","FERJA","CON-192708","105.32","EMB: 1","Disponível","https://www.construja.com.br/produto/192708/ferja-cavadeira-trado-08-ccabo-075cm"
"GERAL","GERAL","NEW-FIX - PARAF AA PANELA PHS ZINC F 3,9X32","New Fix Paraf Aa Panela Phs Zinc F 3","NEW","CON-191817","5.74","EMB: 5","Disponível","https://www.construja.com.br/produto/191817/new-fix-paraf-aa-panela-phs-zinc-f-39x32"
"GERAL","GERAL","CONDUSCABOS - CABO FLEX  4,00 BR R/100M","Conduscabos Cabo Flex 4 00 R","CONDUSCABOS","CON-146360","361.11","EMB: 1","Disponível","https://www.construja.com.br/produto/146360/conduscabos-cabo-flex-400-br-r100m"
"GERAL","GERAL","HYDRONORTH - RESINA B. SOLV FOSCO  1/4 INCOLOR","Hydronorth Resina B. Solv Fosco Incolor","HYDRONORTH","CON-105753","45.91","EMB: 1","Disponível","https://www.construja.com.br/produto/105753/hydronorth-resina-b-solv-fosco-14-incolor"
"GERAL","GERAL","ASTRA - KIT P/ CX ACOPL UNIV SUP BR 3/6L MDU3/RP","Astra Kit P Acopl Univ Sup 3 6l Mdu3 Rp","ASTRA","CON-196180","108.93","EMB: 1","Disponível","https://www.construja.com.br/produto/196180/astra-kit-p-cx-acopl-univ-sup-br-36l-mdu3rp"
"GERAL","GERAL","COLORGIN - SPRAY USO GERAL BRANCO ACAB 400ML 55011","Colorgin Spray Uso Geral Acab 400ml 55011","COLORGIN","CON-149452","20.63","EMB: 1","Disponível","https://www.construja.com.br/produto/149452/colorgin-spray-uso-geral-branco-acab-400ml-55011"
"GERAL","GERAL","S.ROMAO - MACHADINHA S/UNHA C/CABO","S.romao Machadinha S Unha C Cabo","S.ROMAO","CON-168156","34.92","EMB: 1","Disponível","https://www.construja.com.br/produto/168156/sromao-machadinha-sunha-ccabo"
"GERAL","GERAL","ANNLUX - SPOT C/ALETA 2 BOCAL BR/PT","Annlux Spot C Aleta 2 Bocal Pt","ANNLUX","CON-139750","15.55","EMB: 1","Disponível","https://www.construja.com.br/produto/139750/annlux-spot-caleta-2-bocal-brpt"
"GERAL","GERAL","INCA - ABRAÇ RSF (M) 31/2X4 14MM (89X101) 25PÇ","Inca Abraç Rsf (m) 31 14mm (89x101) 25pç","INCA","CON-161240","150.73","EMB: 1","Disponível","https://www.construja.com.br/produto/161240/inca-abra-rsf-m-312x4-14mm-89x101-25p"
"GERAL","GERAL","CONDUSCABOS - CABO FLEX 750V  6,0MM AM/VD BOB/ 600M","Conduscabos Cabo Flex Vd Bob","CONDUSCABOS","CON-146409","3164.14","EMB: 1","Disponível","https://www.construja.com.br/produto/146409/conduscabos-cabo-flex-750v-60mm-amvd-bob-600m"
"GERAL","GERAL","FERJA - APLICADOR SILICONE ECON","Ferja Aplicador Silicone Econ","FERJA","CON-192320","0.00","EMB: 1","SEM ESTOQUE","https://www.construja.com.br/produto/192320/ferja-aplicador-silicone-econ"
"GERAL","GERAL","REBOUCAS - BRAÇO CHUVEIRO PVC 30CM 1/2 BR FRIO","Reboucas Chuveiro Pvc 30cm Br Frio","REBOUCAS","CON-132738","3.76","EMB: 12","Disponível","https://www.construja.com.br/produto/132738/reboucas-brao-chuveiro-pvc-30cm-12-br-frio"
"GERAL","GERAL","BARONE - COLA EPOXI BICOMP SUBAQUATICO  2H  100G","Cola Epoxi Bicomp Subaquatico 2h 100g","BARONE","CON-136433","0.00","EMB: 1","SEM ESTOQUE","https://www.construja.com.br/produto/136433/barone-cola-epoxi-bicomp-subaquatico-2h-100g"
"GERAL","GERAL","COLSON - RODIZIO PLACA FIXO LAR 4 139MM","Colson Rodizio Placa Fixo Lar 4","COLSON","CON-177286","0.00","EMB: 4","Disponível","https://www.construja.com.br/produto/177286/colson-rodizio-placa-fixo-lar-4-139mm"
"GERAL","GERAL","BRASFORT - LUMINARIA MESA ABAJUR BR LED FLEX USB**","Luminaria Mesa Abajur Led Flex Usb**","BRASFORT","CON-176170","50.17","EMB: 1","Disponível","https://www.construja.com.br/produto/176170/brasfort-luminaria-mesa-abajur-br-led-flex-usb"
"GERAL","GERAL","ANNLUX - NUMERO RESIDENCIAL 8 COLONIAL","Annlux Numero Residencial 8 Colonial","ANNLUX","CON-139737","2.00","EMB: 10","Disponível","https://www.construja.com.br/produto/139737/annlux-numero-residencial-8-colonial"
"GERAL","GERAL","AVANT - PAINEL LED SOBR RED 24W 3000K ALUM","Avant Painel Led Sobr Red 24w 3000k Alum","AVANT","CON-160666","32.98","EMB: 1","Disponível","https://www.construja.com.br/produto/160666/avant-painel-led-sobr-red-24w-3000k-alum"
"GERAL","GERAL","TEK BOND - COLA INST 100G MOVELEIRO","Tek Bond Cola Inst 100g Moveleiro","TEK BOND","CON-185590","32.57","EMB: 1","Disponível","https://www.construja.com.br/produto/185590/tek-bond-cola-inst-100g-moveleiro"
"GERAL","GERAL","FERJA - ABRAÇ NYLON BR  3,6X300","Ferja Aaç Br 3","FERJA","CON-192366","11.05","EMB: 1","Disponível","https://www.construja.com.br/produto/192366/ferja-abra-nylon-br-36x300"
"GERAL","GERAL","TRAMON - CJ LIZFLEX SOBR BR (TOM 10A) 57304002","Tramon Cj Lizflex So Br (tom ) 57304002","TRAMON","CON-166700","9.43","EMB: 1","Disponível","https://www.construja.com.br/produto/166700/tramon-cj-lizflex-sobr-br-tom-10a-57304002"
"GERAL","GERAL","STECK - BOTAO COMUTADOR MAN LONGA PT 1-0-2","Steck Botao Comutador Man Longa 1 0 2","STECK","CON-159755","13.40","EMB: 10","Disponível","https://www.construja.com.br/produto/159755/steck-botao-comutador-man-longa-pt-1-0-2"
"GERAL","GERAL","TEK BOND - SILICONE ACETICO 256G BRANCO","Tek Bond Silicone Acetico 256g","TEK BOND","CON-185117","11.75","EMB: 1","Disponível","https://www.construja.com.br/produto/185117/tek-bond-silicone-acetico-256g-branco"
"GERAL","GERAL","FAMASTIL - CHAVE FENDA CRV C/PI 5/16X10 LARANJA","Famastil Chave Fenda Crv C Pi 5 Laranja","FAMASTIL","CON-18488","14.41","EMB: 1","Disponível","https://www.construja.com.br/produto/18488/famastil-chave-fenda-crv-cpi-516x10-laranja"
"GERAL","GERAL","BOGNAR - TORN LAV CUBA SOBR 90º 3497 C61","Bognar Torn Lav Cuba Sobr 90º 3497 C61","BOGNAR","CON-15367","175.64","EMB: 1","Disponível","https://www.construja.com.br/produto/15367/bognar-torn-lav-cuba-sobr-90-3497-c61"
"GERAL","GERAL","MEC - PL MILL 4X2 BR (1 INT+TOM) 39094","Mec Pl Mill (1 Int+tom) 39094","MEC","CON-126182","2.42","EMB: 5","Disponível","https://www.construja.com.br/produto/126182/mec-pl-mill-4x2-br-1-inttom-39094"
"GERAL","GERAL","LINHAL - GRAXA GRAFITADA CALCIO 080G","Linhal Graxa Grafitada Calcio 080g","LINHAL","CON-136217","5.16","EMB: 12","Disponível","https://www.construja.com.br/produto/136217/linhal-graxa-grafitada-calcio-080g"
"GERAL","GERAL","KEM TONE - TINTA ACR ECON  3,6L MARROM HISTORICO**","Kem Tone Tinta Acr Econ 3 6l Historico**","KEM TONE","CON-149596","58.34","EMB: 1","Disponível","https://www.construja.com.br/produto/149596/kem-tone-tinta-acr-econ-36l-marrom-historico"
"GERAL","GERAL","ANNLUX - CAPACITOR   15UF 250VAC 2 FIOS 1247","Annlux Capacitor 15uf 250vac 2 Fios 1247","ANNLUX","CON-139651","13.54","EMB: 1","Disponível","https://www.construja.com.br/produto/139651/annlux-capacitor-15uf-250vac-2-fios-1247"
"GERAL","GERAL","ILUMI - PÇ STYLUS 4X2 PT (TOM 10A RED) 201440/0","Pç Stylus (tom Red) 201440 0","ILUMI","CON-122590","4.86","EMB: 1","Disponível","https://www.construja.com.br/produto/122590/ilumi-p-stylus-4x2-pt-tom-10a-red-2014400"
"GERAL","GERAL","ROMA - ROLO LA 09 C/G EPOXI 282-09","Roma La 09 C G Epoxi 282 09","ROMA","CON-175154","0.00","EMB: 1","SEM ESTOQUE","https://www.construja.com.br/produto/175154/roma-rolo-la-09-cg-epoxi-282-09"
"GERAL","GERAL","FERJA - ABRAÇ NYLON PT  2,5X150","Ferja Abraç 2","FERJA","CON-192371","3.86","EMB: 1","Disponível","https://www.construja.com.br/produto/192371/ferja-abra-nylon-pt-25x150"
"GERAL","GERAL","MORLAN - ARAME GALV 14X1KG (2,11MMX36,39M)","Morlan Arame Galv 14x1kg (2 11mmx36 )","MORLAN","CON-111181","15.98","EMB: 10","Disponível","https://www.construja.com.br/produto/111181/morlan-arame-galv-14x1kg-211mmx3639m"
"GERAL","GERAL","AMAPÁ - BANDEJA MINI PORTA PALETE 0,80 MAD C/3","Amapá Bandeja Mini Porta Palete 0 80 Mad C 3","AMAPÁ","CON-162270","183.37","EMB: 1","Disponível","https://www.construja.com.br/produto/162270/amap-bandeja-mini-porta-palete-080-mad-c3"
"GERAL","GERAL","TRAMON - CJ ARIA 4X2 BR (1P+TOM 10A) 57241050","Tramon Cj Aria (1p+tom ) 57241050","TRAMON","CON-166725","15.04","EMB: 1","Disponível","https://www.construja.com.br/produto/166725/tramon-cj-aria-4x2-br-1ptom-10a-57241050"
"GERAL","GERAL","FERJA - CORRENTE SOLD  8,0MM 25KG(22M)","Ferja Corrente Sold 25kg()","FERJA","CON-192569","608.84","EMB: 1","Disponível","https://www.construja.com.br/produto/192569/ferja-corrente-sold-80mm-25kg22m"
"GERAL","GERAL","PIX - ANTENA EXT UHF-DIGITAL 28 ELEM","Pix Antena Ext Uhf Digital 28 Elem","PIX","CON-146657","38.18","EMB: 1","Disponível","https://www.construja.com.br/produto/146657/pix-antena-ext-uhf-digital-28-elem"
"GERAL","GERAL","TRAMON - CHAVE FENDA J 1/4X06 AMARELO","Tramon Chave Fenda J 1","TRAMON","CON-16649","8.87","EMB: 1","Disponível","https://www.construja.com.br/produto/16649/tramon-chave-fenda-j-14x06-amarelo"
"GERAL","GERAL","HERC - TORN BICA MOVEL LAV ABS CR TIVOLI","Herc Torn Bica Movel Lav Abs Cr Tivoli","HERC","CON-187286","40.79","EMB: 1","Disponível","https://www.construja.com.br/produto/187286/herc-torn-bica-movel-lav-abs-cr-tivoli"
"GERAL","GERAL","KALIPSO - LUVA MAO TRIC EMBORR AZ 10CM (XG)","Kalipso Luva Mao Tric Emborr 10cm (xg)","KALIPSO","CON-134221","13.66","EMB: 1","Disponível","https://www.construja.com.br/produto/134221/kalipso-luva-mao-tric-emborr-az-10cm-xg"
"GERAL","GERAL","FERJA - ESPATULA AÇO INOX C/PLAST 06","Ferja Espatula Inox C Plast 06","FERJA","CON-160526","7.17","EMB: 1","Disponível","https://www.construja.com.br/produto/160526/ferja-espatula-ao-inox-cplast-06"
"GERAL","GERAL","FERJA - BROCA AÇO RAPIDO  7,0MM","Ferja Broca Rapido","FERJA","CON-192337","6.72","EMB: 10","Disponível","https://www.construja.com.br/produto/192337/ferja-broca-ao-rapido-70mm"
"GERAL","GERAL","FERJA - ENXADA ESTREITA GOIV 2,0 CABO MAD 1,30M","Ferja Enxada Estreita Goiv 2 0 Cabo Mad","FERJA","CON-190021","34.67","EMB: 1","Disponível","https://www.construja.com.br/produto/190021/ferja-enxada-estreita-goiv-20-cabo-mad-130m"
"GERAL","GERAL","CASTOR - ROLO LÃ 05 S/RESPINGO C/G HOBBY 136","Castor Lã 05 S Respingo C G Hobby 136","CASTOR","CON-151423","4.54","EMB: 1","Disponível","https://www.construja.com.br/produto/151423/castor-rolo-l-05-srespingo-cg-hobby-136"
"GERAL","GERAL","REBOUCAS - ADAPTADOR INT C/ROSCA EXT  11/2  AZ","Reboucas Adaptador Int C Rosca Ext","REBOUCAS","CON-132761","2.35","EMB: 10","Disponível","https://www.construja.com.br/produto/132761/reboucas-adaptador-int-crosca-ext-112-az"
"GERAL","GERAL","VITORIA - PENEIRA ARO AÇO 40CMX3CM ARROZ TELA EXP","Vitoria Peneira Aro 40cmx3cm Arroz Tela Exp","VITORIA","CON-175106","31.07","EMB: 1","Disponível","https://www.construja.com.br/produto/175106/vitoria-peneira-aro-ao-40cmx3cm-arroz-tela-exp"
"GERAL","GERAL","JUNTALIDER - ESPAÇADOR NIVEL TRAD 3,0MM C/50PÇS**","Juntalider Espaçador Nivel Trad C 50pçs**","JUNTALIDER","CON-164686","6.59","EMB: 1","Disponível","https://www.construja.com.br/produto/164686/juntalider-espaador-nivel-trad-30mm-c50ps"
"GERAL","GERAL","ZAGONEL - DUCHA MOMENT 4T 5500X127","Zagonel Ducha Moment 4t","ZAGONEL","CON-120361","103.29","EMB: 1","Disponível","https://www.construja.com.br/produto/120361/zagonel-ducha-moment-4t-5500x127"
"GERAL","GERAL","SFOR - FIXA FIO GRAMPO/BUCHA 08MM BR C/100PÇ","Sfor Fixa Fio Grampo Bucha C 100pç","SFOR","CON-118272","13.01","EMB: 1","Disponível","https://www.construja.com.br/produto/118272/sfor-fixa-fio-grampobucha-08mm-br-c100p"
"GERAL","GERAL","DETONI - ESTICADOR ARAME LISO","Detoni Esticador Arame Liso","DETONI","CON-142271","9.47","EMB: 1","Disponível","https://www.construja.com.br/produto/142271/detoni-esticador-arame-liso"
"GERAL","GERAL","REBOUCAS - RALO INVISIVEL 15X15 BEGE","Reboucas Ralo Invisivel Bege","REBOUCAS","CON-132725","25.17","EMB: 1","Disponível","https://www.construja.com.br/produto/132725/reboucas-ralo-invisivel-15x15-bege"
"GERAL","GERAL","FERJA - PARAF SANIT LATONADO B12","Ferja Paraf Sanit Latonado B12","FERJA","CON-107508","2.27","EMB: 1","Disponível","https://www.construja.com.br/produto/107508/ferja-paraf-sanit-latonado-b12"
"GERAL","GERAL","BENDOOR - SUPORTE FENDA 8MM CROMADO METAL","Bendoor Suporte Fenda Cromado Metal","BENDOOR","CON-125542","2.48","EMB: 20","Disponível","https://www.construja.com.br/produto/125542/bendoor-suporte-fenda-8mm-cromado-metal"
"GERAL","GERAL","FERJA - CHAVE ESTRELA 16X17MM PRO","Ferja Chave Estrela 16x17mm Pro","FERJA","CON-192418","17.49","EMB: 1","Disponível","https://www.construja.com.br/produto/192418/ferja-chave-estrela-16x17mm-pro"
"GERAL","GERAL","QUIMATIC - LIMPA ALUMINIO 500ML**","Quimatic Limpa 500ml**","QUIMATIC","CON-102910","36.88","EMB: 1","Disponível","https://www.construja.com.br/produto/102910/quimatic-limpa-aluminio-500ml"
"GERAL","GERAL","OVERTIME - PROTETOR CALHA SAIDA AGUA PVC N2 4POL","Overtime Protetor Calha Saida Agua N2","OVERTIME","CON-15521","6.59","EMB: 1","Disponível","https://www.construja.com.br/produto/15521/overtime-protetor-calha-saida-agua-pvc-n2-4pol"
"GERAL","GERAL","STECK - SIST STECK BR (COTOVELO INT CANAL 20X10)","Steck Sist Steck (cotovelo Int Canal )","STECK","CON-159298","1.01","EMB: 25","Disponível","https://www.construja.com.br/produto/159298/steck-sist-steck-br-cotovelo-int-canal-20x10"
"GERAL","GERAL","KRONA - LUVA CPVC TRANS 22X3/4 RF ULTRATERM","Luva Cpvc Trans 4 Rf Ultraterm","KRONA","CON-132500","10.24","EMB: 1","Disponível","https://www.construja.com.br/produto/132500/krona-luva-cpvc-trans-22x34-rf-ultraterm"
"GERAL","GERAL","FERJA - LIXA MADEIRA 120 A-220","Ferja Lixa Madeira 220","FERJA","CON-190472","0.63","EMB: 25","Disponível","https://www.construja.com.br/produto/190472/ferja-lixa-madeira-120-a-220"
"GERAL","GERAL","LUKMA - SUP DISJ DIN GALV TRILHO 14CM 35X7,5","Lukma Sup Disj Din Galv Trilho 14cm 5","LUKMA","CON-159953","1.58","EMB: 1","Disponível","https://www.construja.com.br/produto/159953/lukma-sup-disj-din-galv-trilho-14cm-35x75"
"GERAL","GERAL","SPARTA - DISCO DIAM SEGM 9X7/8","Disco Diam Segm 8","SPARTA","CON-199039","51.24","EMB: 1","Disponível","https://www.construja.com.br/produto/199039/sparta-disco-diam-segm-9x78"
"GERAL","GERAL","STECK - BOTAO COMUTADOR MAN CURTA PT 1-0-2 RET","Steck Botao Comutador Man Curta 1 0 2 Ret","STECK","CON-159754","15.57","EMB: 10","Disponível","https://www.construja.com.br/produto/159754/steck-botao-comutador-man-curta-pt-1-0-2-ret"
"GERAL","GERAL","CORTAG - DISCO DIAM TURBO 43/8X3/4 ECO","Cortag Disco Diam Turbo 43 4 Eco","CORTAG","CON-181232","12.95","EMB: 1","Disponível","https://www.construja.com.br/produto/181232/cortag-disco-diam-turbo-438x34-eco"
"GERAL","GERAL","AMANCO - TAMPA VALV PIA LAV 1*","Tampa Valv Pia Lav 1*","AMANCO","CON-158724","1.01","EMB: 100","ESTOQUE BAIXO","https://www.construja.com.br/produto/158724/amanco-tampa-valv-pia-lav-1"
"GERAL","GERAL","FERJA - FITA ISOLANTE PRETA 05M","Ferja Fita Isolante Preta","FERJA","CON-192439","1.46","EMB: 10","Disponível","https://www.construja.com.br/produto/192439/ferja-fita-isolante-preta-05m"
"GERAL","GERAL","REBOUCAS - REG ESFERA PVC IRRIGAÇAO  25MM AZ","Reboucas Reg Esfera Irrigaçao","REBOUCAS","CON-132969","6.21","EMB: 10","Disponível","https://www.construja.com.br/produto/132969/reboucas-reg-esfera-pvc-irrigaao-25mm-az"
"GERAL","GERAL","FERJA - CHAVE COMBINADA 06MM CRV PRO","Ferja Chave Combinada Crv Pro","FERJA","CON-192385","4.78","EMB: 1","Disponível","https://www.construja.com.br/produto/192385/ferja-chave-combinada-06mm-crv-pro"
"GERAL","GERAL","MOMFORT - ESPATULA PVC LISA 10","Momfort Espatula Lisa 10","MOMFORT","CON-173117","5.35","EMB: 12","Disponível","https://www.construja.com.br/produto/173117/momfort-espatula-pvc-lisa-10"
"GERAL","GERAL","VIQUA - TORN B.MOVEL C/FILTRO ABS PT ALLURE*","Viqua Torn B.movel C Filtro Abs Allure*","VIQUA","CON-132804","148.74","EMB: 1","Disponível","https://www.construja.com.br/produto/132804/viqua-torn-bmovel-cfiltro-abs-pt-allure"
"GERAL","GERAL","ROMA - PINCEL ARTESANATO 22","Roma Pincel Artesanato 22","ROMA","CON-199193","5.72","EMB: 12","Disponível","https://www.construja.com.br/produto/199193/roma-pincel-artesanato-22"
"GERAL","GERAL","NOVACOR - TINTA ESM STAND SINT BRILH 1/16 VM CHAS","Novacor Tinta Esm Stand Sint Brilh Chas","NOVACOR","CON-10557","13.61","EMB: 1","Disponível","https://www.construja.com.br/produto/10557/novacor-tinta-esm-stand-sint-brilh-116-vm-chas"
"GERAL","GERAL","NOVACOR - TINTA ACR PISO ULTRA 18L CONCRETO","Novacor Tinta Acr Piso Ultra 18l Concreto","NOVACOR","CON-149423","0.00","EMB: 1","SEM ESTOQUE","https://www.construja.com.br/produto/149423/novacor-tinta-acr-piso-ultra-18l-concreto"
"GERAL","GERAL","ESTRELA - ABRAÇ IMPACTO P/ TUBO  1/2 PRETA","Estrela Abraç Impacto P Tubo Preta","ESTRELA","CON-101463","1.45","EMB: 30","Disponível","https://www.construja.com.br/produto/101463/estrela-abra-impacto-p-tubo-12-preta"
"GERAL","GERAL","STECK - BOTAO LIGA/DESLIGA DUPLO SLPDN","Steck Botao Liga Desliga Duplo Slpdn","STECK","CON-159756","27.23","EMB: 10","Disponível","https://www.construja.com.br/produto/159756/steck-botao-ligadesliga-duplo-slpdn"
"GERAL","GERAL","CORTAG - RISCADOR FORMICA CABO PLASTICO*","Cortag Riscador Formica Cabo Plastico*","CORTAG","CON-181250","23.56","EMB: 1","Disponível","https://www.construja.com.br/produto/181250/cortag-riscador-formica-cabo-plastico"
"GERAL","GERAL","VIQUA - TORN B.MOVEL C/FILTRO ABS BR LAGUNE*","Viqua Torn B.movel C Filtro Abs Lagune*","VIQUA","CON-132801","0.00","EMB: 1","SEM ESTOQUE","https://www.construja.com.br/produto/132801/viqua-torn-bmovel-cfiltro-abs-br-lagune"
"GERAL","GERAL","FORTLEV - TAMPA CX DAGUA 1500L","Tampa Dagua 1500l","FORTLEV","CON-10790","455.52","EMB: 1","Disponível","https://www.construja.com.br/produto/10790/fortlev-tampa-cx-dagua-1500l"
"GERAL","GERAL","FC - TOMADA BARRA DUPLA 2P+T 20A PT**","Fc Tomada Dupla 2p+t **","FC","CON-186009","9.47","EMB: 1","Disponível","https://www.construja.com.br/produto/186009/fc-tomada-barra-dupla-2pt-20a-pt"
"GERAL","GERAL","OVERTIME - CANTON MOVEIS BR 1 50PÇ LEVE","Overtime Canton Moveis 1 50pç Leve","OVERTIME","CON-155133","28.24","EMB: 1","Disponível","https://www.construja.com.br/produto/155133/overtime-canton-moveis-br-1-50p-leve"
"GERAL","GERAL","METALATEX - TINTA ESM PREM B.AGUA ACET 1/4 BR","Metalatex Tinta Esm Prem B.agua Acet","METALATEX","CON-13893","40.45","EMB: 1","Disponível","https://www.construja.com.br/produto/13893/metalatex-tinta-esm-prem-bagua-acet-14-br"
"GERAL","GERAL","BLUKIT - OBTURADOR UNIV C/ CORRENTE","Blukit Obturador Univ C Corrente","BLUKIT","CON-182192","10.91","EMB: 1","Disponível","https://www.construja.com.br/produto/182192/blukit-obturador-univ-c-corrente"
"GERAL","GERAL","NEW-FIX - PARAF SEXT SOBERBA [19] 1/4X65","New Fix Paraf Sext Soberba [19] 1","NEW","CON-191336","29.91","EMB: 2","Disponível","https://www.construja.com.br/produto/191336/new-fix-paraf-sext-soberba-19-14x65"
"GERAL","GERAL","NOVACOR - TINTA ESM STAND SINT BRILH 3,6L MARROM","Novacor Tinta Esm Stand Sint Brilh 3 6l","NOVACOR","CON-10550","110.61","EMB: 1","Disponível","https://www.construja.com.br/produto/10550/novacor-tinta-esm-stand-sint-brilh-36l-marrom"
"GERAL","GERAL","DETONI - FECHO PORTAO 120MMX52MM ZC/AM","Detoni Fecho Portao 120mmx52mm Zc","DETONI","CON-142278","9.36","EMB: 1","Disponível","https://www.construja.com.br/produto/142278/detoni-fecho-portao-120mmx52mm-zcam"
"GERAL","GERAL","FERJA - ENGATE TRANÇ INOX  60","Ferja Engate Tranç 60","FERJA","CON-192160","0.00","EMB: 1","SEM ESTOQUE","https://www.construja.com.br/produto/192160/ferja-engate-tran-inox-60"
"GERAL","GERAL","LUZARTE - LAV BRANCO EVORA","Luzarte Lav Evora","LUZARTE","CON-193201","122.23","EMB: 1","Disponível","https://www.construja.com.br/produto/193201/luzarte-lav-branco-evora"
"GERAL","GERAL","MEGATRON - CABO FLEX 10,00 VD R/100M","Megatron Cabo Flex 10 00 R","MEGATRON","CON-146255","1160.34","EMB: 1","Disponível","https://www.construja.com.br/produto/146255/megatron-cabo-flex-1000-vd-r100m"
"GERAL","GERAL","MEGATRON - CABO PP 0500V 2X4,00 R/100M","Megatron Cabo Pp 0500v 00 R","MEGATRON","CON-146269","1231.91","EMB: 1","Disponível","https://www.construja.com.br/produto/146269/megatron-cabo-pp-0500v-2x400-r100m"
"GERAL","GERAL","FERJA - TRENA EMBOR  7,5MX25MM IMA PRO","Ferja Trena Embor 7 5mx25mm Ima Pro","FERJA","CON-192064","20.40","EMB: 1","Disponível","https://www.construja.com.br/produto/192064/ferja-trena-embor-75mx25mm-ima-pro"
"GERAL","GERAL","ANCORA - TELA AMARRAÇAO 12X50CM C/100 PÇS","Ancora Tela Amarraçao 12x50cm C 100 Pçs","ANCORA","CON-198178","188.26","EMB: 1","Disponível","https://www.construja.com.br/produto/198178/ancora-tela-amarraao-12x50cm-c100-ps"
"GERAL","GERAL","FAME - RESIST SD+/FAMINHO 4T 5400X127 VIDA LONG","Fame Resist Sd+ Faminho 4t Vida Long","FAME","CON-120560","39.08","EMB: 1","Disponível","https://www.construja.com.br/produto/120560/fame-resist-sdfaminho-4t-5400x127-vida-long"
"GERAL","GERAL","BENDOOR - BUCHA PE NIVELADOR  1/4 PT","Bendoor Bucha Pe Nivelador","BENDOOR","CON-125511","0.38","EMB: 20","Disponível","https://www.construja.com.br/produto/125511/bendoor-bucha-pe-nivelador-14-pt"
"GERAL","GERAL","FERJA - ABRAÇ NYLON PT  4,8X300 C/50","Ferja Abraç 4 C 50","FERJA","CON-192378","8.87","EMB: 1","Disponível","https://www.construja.com.br/produto/192378/ferja-abra-nylon-pt-48x300-c50"
"GERAL","GERAL","DECA - TORN BICA MOVEL MESA 1/4V BETA*","Torn Bica Movel Mesa 1 4v Beta*","DECA","CON-133588","552.02","EMB: 1","ESTOQUE BAIXO","https://www.construja.com.br/produto/133588/deca-torn-bica-movel-mesa-14v-beta"
"GERAL","GERAL","TRAMON - BOX RETO F 2 56127/026","Tramon Box Reto F 2","TRAMON","CON-16080","22.21","EMB: 1","Disponível","https://www.construja.com.br/produto/16080/tramon-box-reto-f-2-56127026"
"GERAL","GERAL","FERJA - DESEMP PINUS 12X24","Ferja Desemp Pinus","FERJA","CON-190432","17.30","EMB: 6","Disponível","https://www.construja.com.br/produto/190432/ferja-desemp-pinus-12x24"
"GERAL","GERAL","ANAUGER - BOMBA DAGUA SAPPO 800 110X3/4","Anauger Bomba Dagua Sappo 800 4","ANAUGER","CON-12307","445.70","EMB: 1","Disponível","https://www.construja.com.br/produto/12307/anauger-bomba-dagua-sappo-800-110x34"
"GERAL","GERAL","NEW-FIX - PARAF MAD C/CHATA PHS ZINC 4,2X75","New Fix Paraf Mad C Chata Phs Zinc 4","NEW","CON-191574","14.75","EMB: 2","Disponível","https://www.construja.com.br/produto/191574/new-fix-paraf-mad-cchata-phs-zinc-42x75"
"GERAL","GERAL","NEW-FIX - PARAF SEXT [31] 3/8X2","New Fix Paraf Sext [31] 3","NEW","CON-191316","57.98","EMB: 2","Disponível","https://www.construja.com.br/produto/191316/new-fix-paraf-sext-31-38x2"
"GERAL","GERAL","BIANPLAST - ADAPTADOR INT C/ROSCA EXT  11/4 AZ**","Bianplast Adaptador Int C Rosca Ext **","BIANPLAST","CON-132624","2.93","EMB: 10","Disponível","https://www.construja.com.br/produto/132624/bianplast-adaptador-int-crosca-ext-114-az"
"GERAL","GERAL","AMANCO - CAP LL  1/2.","Cap Ll .","AMANCO","CON-15859","1.55","EMB: 50","Disponível","https://www.construja.com.br/produto/15859/amanco-cap-ll-12"
"GERAL","GERAL","ASTRA - LAV PLAST BR C/ VALV OVAL 36X28","Astra Lav Plast C Valv Oval","ASTRA","CON-19474","22.84","EMB: 1","Disponível","https://www.construja.com.br/produto/19474/astra-lav-plast-br-c-valv-oval-36x28"
"GERAL","GERAL","IRWIN - BROCA AÇO RAPIDO  4,0MM","Broca Rapido","IRWIN","CON-17007","5.26","EMB: 10","Disponível","https://www.construja.com.br/produto/17007/irwin-broca-ao-rapido-40mm"
"GERAL","GERAL","REBOUCAS - CHUVEIRO FRIO PP 04 PAR ART CR C/REG","Reboucas Chuveiro Frio Pp 04 Par Art Cr C Reg","REBOUCAS","CON-132695","17.54","EMB: 1","Disponível","https://www.construja.com.br/produto/132695/reboucas-chuveiro-frio-pp-04-par-art-cr-creg"
"GERAL","GERAL","QUARTZOLIT - TECPLUS 1 C 18L","Quartzolit Tecplus 1 C 18l","QUARTZOLIT","CON-164427","82.67","EMB: 1","Disponível","https://www.construja.com.br/produto/164427/quartzolit-tecplus-1-c-18l"
"GERAL","GERAL","ZAGONEL - RESIST MOMENT ELETR 5500X127","Zagonel Resist Moment Eletr","ZAGONEL","CON-120369","27.48","EMB: 1","Disponível","https://www.construja.com.br/produto/120369/zagonel-resist-moment-eletr-5500x127"
"GERAL","GERAL","AC VENT - GRELHA C/PORTA GRELHA ALUM POLIDA 20X020","Ac Vent Grelha C Porta Grelha Alum Polida","AC VENT","CON-15470","35.53","EMB: 1","Disponível","https://www.construja.com.br/produto/15470/ac-vent-grelha-cporta-grelha-alum-polida-20x020"
"GERAL","GERAL","COMPEL - ROLO LA 05 S/RESPINGO C/G 1405","Compel La 05 S Respingo C G 1405","COMPEL","CON-199617","3.11","EMB: 1","Disponível","https://www.construja.com.br/produto/199617/compel-rolo-la-05-srespingo-cg-1405"
"GERAL","GERAL","NEW-FIX - PARAF SEXT SOBERBA [04] 3/16X40-B6","New Fix Paraf Sext Soberba [04] 3 B6","NEW","CON-191438","11.97","EMB: 2","Disponível","https://www.construja.com.br/produto/191438/new-fix-paraf-sext-soberba-04-316x40-b6"
"GERAL","GERAL","FERJA - LAMINA ESTILETE TRAPEZ 10PÇ","Ferja Lamina Estilete Trapez 10pç","FERJA","CON-190338","6.94","EMB: 1","Disponível","https://www.construja.com.br/produto/190338/ferja-lamina-estilete-trapez-10p"
"GERAL","GERAL","TEK BOND - FELTRO ADESIVO RED 2,0CM PT 24PÇ","Tek Bond Feltro Adesivo Red 2 0cm 24pç","TEK BOND","CON-185202","7.10","EMB: 1","Disponível","https://www.construja.com.br/produto/185202/tek-bond-feltro-adesivo-red-20cm-pt-24p"
"GERAL","GERAL","TEK BOND - FITA DEMARC SOLO VM 48X15","Tek Bond Fita Demarc Solo","TEK BOND","CON-185222","20.20","EMB: 1","Disponível","https://www.construja.com.br/produto/185222/tek-bond-fita-demarc-solo-vm-48x15"
"GERAL","GERAL","TEK BOND - SILICONE ACETICO 050G INCOLOR GRANEL","Tek Bond Silicone Acetico 050g Incolor Granel","TEK BOND","CON-185115","4.30","EMB: 24","Disponível","https://www.construja.com.br/produto/185115/tek-bond-silicone-acetico-050g-incolor-granel"
"GERAL","GERAL","SIL - CABO PP 0500V 2X4,00 R/100M","Cabo Pp 0500v 00 R","SIL","CON-185547","1267.86","EMB: 1","Disponível","https://www.construja.com.br/produto/185547/sil-cabo-pp-0500v-2x400-r100m"
"GERAL","GERAL","COLSON - RODIZIO PLACA FIXO LAR 6 185MM**","Colson Rodizio Placa Fixo Lar 6 **","COLSON","CON-177288","87.52","EMB: 4","Disponível","https://www.construja.com.br/produto/177288/colson-rodizio-placa-fixo-lar-6-185mm"
"GERAL","GERAL","AMANCO - JOELHO AZUL C/ANEL 40X90.","Joelho C Anel .","AMANCO","CON-158127","4.12","EMB: 25","Disponível","https://www.construja.com.br/produto/158127/amanco-joelho-azul-canel-40x90"
"GERAL","GERAL","TEK BOND - COLA AZULEJO  750G","Tek Bond Cola Azulejo 750g","TEK BOND","CON-185563","0.00","EMB: 1","SEM ESTOQUE","https://www.construja.com.br/produto/185563/tek-bond-cola-azulejo-750g"
"GERAL","GERAL","MEC - PL PETRA 4X4 BR (4 MOD) 82022","Mec Pl Petra (4 Mod) 82022","MEC","CON-126249","6.68","EMB: 5","Disponível","https://www.construja.com.br/produto/126249/mec-pl-petra-4x4-br-4-mod-82022"
"GERAL","GERAL","MEC - MOD PETRA BR (1P) 80002/80044","Mec Mod Petra (1p)","MEC","CON-126125","4.12","EMB: 5","Disponível","https://www.construja.com.br/produto/126125/mec-mod-petra-br-1p-8000280044"
"GERAL","GERAL","OVERTIME - ORGANIZADOR CABOS 16MM BR 1MT","Overtime Organizador Cabos 1mt","OVERTIME","CON-155146","3.88","EMB: 1","Disponível","https://www.construja.com.br/produto/155146/overtime-organizador-cabos-16mm-br-1mt"
"GERAL","GERAL","NEW-FIX - PARAF SEXT SOBERBA [29] 5/16X60","New Fix Paraf Sext Soberba [29] 5","NEW","CON-191343","46.43","EMB: 1","Disponível","https://www.construja.com.br/produto/191343/new-fix-paraf-sext-soberba-29-516x60"
"GERAL","GERAL","S.ROMAO - CHAVE VIRAR FERRO 5/16","S.romao Chave Virar Ferro","S.ROMAO","CON-16814","26.99","EMB: 1","Disponível","https://www.construja.com.br/produto/16814/sromao-chave-virar-ferro-516"
"GERAL","GERAL","EDA - ABRAÇ NYLON PT  4,8X300 9LQ","Eda Abraç 4 9lq","EDA","CON-180420","13.88","EMB: 1","Disponível","https://www.construja.com.br/produto/180420/eda-abra-nylon-pt-48x300-9lq"
"GERAL","GERAL","AMANCO - CURVA ELETRODUTO (E) 1X180.","Curva Eletroduto (e) .","AMANCO","CON-15876","9.59","EMB: 10","Disponível","https://www.construja.com.br/produto/15876/amanco-curva-eletroduto-e-1x180"
"GERAL","GERAL","3M - FITA ISOLANTE PRETA 05M 33+","Fita Isolante Preta 05m 33+","3M","CON-18673","10.60","EMB: 1","Disponível","https://www.construja.com.br/produto/18673/3m-fita-isolante-preta-05m-33"
"GERAL","GERAL","THOMPSON - ABRAÇ NYLON PT  4,8X200","Thompson Abraç 4","THOMPSON","CON-11652","13.12","EMB: 1","Disponível","https://www.construja.com.br/produto/11652/thompson-abra-nylon-pt-48x200"
"GERAL","GERAL","FOXLUX - PISTOLA COLA 15W BIV","Foxlux Pistola Cola 15w Biv","FOXLUX","CON-18081","21.72","EMB: 1","Disponível","https://www.construja.com.br/produto/18081/foxlux-pistola-cola-15w-biv"
"GERAL","GERAL","ESPIRATEC - CONDUITE ESPIRAFLEX 1 R/25M","Espiratec Conduite Espiraflex 1 R","ESPIRATEC","CON-11093","119.44","EMB: 1","Disponível","https://www.construja.com.br/produto/11093/espiratec-conduite-espiraflex-1-r25m"
"GERAL","GERAL","MORLAN - TELA GALV MANGUEIRAO 3X16X1,00 50M","Morlan Tela Galv Mangueirao 3x16x1 00","MORLAN","CON-111156","498.19","EMB: 1","Disponível","https://www.construja.com.br/produto/111156/morlan-tela-galv-mangueirao-3x16x100-50m"
"GERAL","GERAL","EDA - SERRA COPO DIAM PRO SECO  50MM","Eda Serra Copo Diam Pro Seco","EDA","CON-180716","68.34","EMB: 1","Disponível","https://www.construja.com.br/produto/180716/eda-serra-copo-diam-pro-seco-50mm"
"GERAL","GERAL","FERJA - BROCA AÇO RAPIDO  2,5MM","Ferja Broca Rapido","FERJA","CON-192329","2.00","EMB: 10","Disponível","https://www.construja.com.br/produto/192329/ferja-broca-ao-rapido-25mm"
"GERAL","GERAL","AMANCO - ADESIVO PVC 850G","Adesivo 850g","AMANCO","CON-15804","56.20","EMB: 1","Disponível","https://www.construja.com.br/produto/15804/amanco-adesivo-pvc-850g"
"GERAL","GERAL","JE - REDUÇAO ESG  200X150 MOLD.","Je Reduçao Esg Mold.","JE","CON-143267","46.64","EMB: 1","Disponível","https://www.construja.com.br/produto/143267/je-reduao-esg-200x150-mold"
"GERAL","GERAL","PIX - CABO HDMI 2.0 4K ULTRAHD 15 PINOS  3MT","Pix Cabo Hdmi 2.0 4k Ultrahd 15 Pinos 3mt","PIX","CON-146610","14.87","EMB: 1","Disponível","https://www.construja.com.br/produto/146610/pix-cabo-hdmi-20-4k-ultrahd-15-pinos-3mt"
"GERAL","GERAL","FERJA - PARAF CHIPB C/CHATA PHS BICR 3,5X22","Ferja Paraf Chipb C Chata Phs Bicr 3","FERJA","CON-192249","3.23","EMB: 5","Disponível","https://www.construja.com.br/produto/192249/ferja-paraf-chipb-cchata-phs-bicr-35x22"
"GERAL","GERAL","FERJA - ABRAÇ NYLON BR  2,5X100","Ferja Aaç Br 2","FERJA","CON-192360","2.48","EMB: 1","Disponível","https://www.construja.com.br/produto/192360/ferja-abra-nylon-br-25x100"
"GERAL","GERAL","ANNLUX - FILTRO LINHA METAL 3 TOM 0,85M BIV PT*","Annlux Filtro Linha Metal 3 Tom Biv *","ANNLUX","CON-139757","33.34","EMB: 1","Disponível","https://www.construja.com.br/produto/139757/annlux-filtro-linha-metal-3-tom-085m-biv-pt"
"GERAL","GERAL","THOMPSON - SERROTE PROF 22 C/EMB","Thompson Serrote Prof 22 C Emb","THOMPSON","CON-180578","23.91","EMB: 1","Disponível","https://www.construja.com.br/produto/180578/thompson-serrote-prof-22-cemb"
"GERAL","GERAL","NOVACOR - TINTA ACR PISO ULTRA 18L BRANCO","Novacor Tinta Acr Piso Ultra 18l","NOVACOR","CON-149417","0.00","EMB: 1","SEM ESTOQUE","https://www.construja.com.br/produto/149417/novacor-tinta-acr-piso-ultra-18l-branco"
"GERAL","GERAL","CRIVAL - BOTINA ELASTICO PU/BI B/AÇO CP081 41","Crival Botina Elastico Pu Bi B Cp081 41","CRIVAL","CON-160852","60.95","EMB: 1","Disponível","https://www.construja.com.br/produto/160852/crival-botina-elastico-pubi-bao-cp081-41"
"GERAL","GERAL","DETONI - PUXADOR PORTA ALCA CR 144MM","Detoni Puxador Porta Alca Cr","DETONI","CON-142280","5.15","EMB: 1","Disponível","https://www.construja.com.br/produto/142280/detoni-puxador-porta-alca-cr-144mm"
"GERAL","GERAL","AIÉDEM - SUP DISJ DIN ZINC TRILHO 2M 35X15**","Aiédem Sup Disj Din Zinc Trilho **","AIÉDEM","CON-159705","43.33","EMB: 1","Disponível","https://www.construja.com.br/produto/159705/aidem-sup-disj-din-zinc-trilho-2m-35x15"
"GERAL","GERAL","NOVACOR - TINTA ACR PISO  3,6L AMARELO DEMARC","Novacor Tinta Acr Piso 3 6l Demarc","NOVACOR","CON-14261","104.95","EMB: 1","Disponível","https://www.construja.com.br/produto/14261/novacor-tinta-acr-piso-36l-amarelo-demarc"
"GERAL","GERAL","ASTRA - TANQUE PLAST BR 41X38X29 18L","Astra Tanque Plast 41x38x29 18l","ASTRA","CON-196181","0.00","EMB: 1","SEM ESTOQUE","https://www.construja.com.br/produto/196181/astra-tanque-plast-br-41x38x29-18l"
"GERAL","GERAL","STECK - SIST STECK BR (COTOVELO 90 CANAL 20X10)","Steck Sist Steck (cotovelo 90 Canal )","STECK","CON-159296","1.01","EMB: 25","Disponível","https://www.construja.com.br/produto/159296/steck-sist-steck-br-cotovelo-90-canal-20x10"
"GERAL","GERAL","FAME - DUCHA SUPER DUCHA+ BR 6800X220*","Fame Ducha Super Ducha+ *","FAME","CON-120559","67.99","EMB: 1","Disponível","https://www.construja.com.br/produto/120559/fame-ducha-super-ducha-br-6800x220"
"GERAL","GERAL","QUARTZOLIT - REJUNTE PORCELANATO YPE 1KG","Quartzolit Rejunte Porcelanato Ype 1kg","QUARTZOLIT","CON-164418","9.83","EMB: 15","Disponível","https://www.construja.com.br/produto/164418/quartzolit-rejunte-porcelanato-ype-1kg"
"GERAL","GERAL","LUKMA - FITA ISOLANTE PRETA 20M","Lukma Fita Isolante Preta","LUKMA","CON-159636","4.54","EMB: 10","Disponível","https://www.construja.com.br/produto/159636/lukma-fita-isolante-preta-20m"
"GERAL","GERAL","IMBAT - LUVA MAO LATEX LISA AZ 08CM (M)","Imbat Luva Mao Latex Lisa 08cm (m)","IMBAT","CON-188430","5.35","EMB: 1","Disponível","https://www.construja.com.br/produto/188430/imbat-luva-mao-latex-lisa-az-08cm-m"
"GERAL","GERAL","BENDOOR - BOTAO FRANCES CR ABS","Bendoor Botao Frances Cr Abs","BENDOOR","CON-125523","0.84","EMB: 20","Disponível","https://www.construja.com.br/produto/125523/bendoor-botao-frances-cr-abs"
"GERAL","GERAL","COLORGIN - SPRAY USO GERAL GRAFITE RODA 400ML 57001","Colorgin Spray Uso Geral Grafite Roda 400ml 57001","COLORGIN","CON-10156","20.63","EMB: 1","Disponível","https://www.construja.com.br/produto/10156/colorgin-spray-uso-geral-grafite-roda-400ml-57001"
"GERAL","GERAL","THOMPSON - ABRAÇ NYLON BR  3,6X250","Thompson Aaç Br 3","THOMPSON","CON-11638","11.22","EMB: 1","Disponível","https://www.construja.com.br/produto/11638/thompson-abra-nylon-br-36x250"
"GERAL","GERAL","INTERNEED - EXTEN TRIP PL 2P 10A 2X0,75X10M PT AXIAL","Interneed Exten Trip Pl 2p 75x10m Axial","INTERNEED","CON-186128","31.99","EMB: 1","Disponível","https://www.construja.com.br/produto/186128/interneed-exten-trip-pl-2p-10a-2x075x10m-pt-axial"
"GERAL","GERAL","MEC - PL PETRA 4X2 BR (3 MOD)  82003","Mec Pl Petra (3 Mod) 82003","MEC","CON-126128","3.70","EMB: 5","Disponível","https://www.construja.com.br/produto/126128/mec-pl-petra-4x2-br-3-mod-82003"
"GERAL","GERAL","ISAMAR - REG PRESSAO 3/4 1416 ACAB METAL C50","Isamar Reg Pressao 1416 Acab Metal C50","ISAMAR","CON-133361","54.97","EMB: 1","Disponível","https://www.construja.com.br/produto/133361/isamar-reg-pressao-34-1416-acab-metal-c50"
"GERAL","GERAL","ESTRELA - RALO LINEAR INOX LISA 05X1,00CM","Estrela Ralo Linear Lisa 00cm","ESTRELA","CON-101331","154.24","EMB: 1","Disponível","https://www.construja.com.br/produto/101331/estrela-ralo-linear-inox-lisa-05x100cm"
"GERAL","GERAL","VIQUA - TORN B.MOVEL HORIZ PAR ABS PT 1/4 MARUJA","Viqua Torn B.movel Horiz Par Abs Maruja","VIQUA","CON-132785","24.28","EMB: 1","Disponível","https://www.construja.com.br/produto/132785/viqua-torn-bmovel-horiz-par-abs-pt-14-maruja"
"GERAL","GERAL","VEDACIT - IMPERMEABILIZANTE 400GR ACQUELLA BLOCK*","Impermeabilizante 400gr Acquella Block*","VEDACIT","CON-164334","75.63","EMB: 1","Disponível","https://www.construja.com.br/produto/164334/vedacit-impermeabilizante-400gr-acquella-block"
"GERAL","GERAL","PRATIMIX - RESIST TIPO SUPER DUCHA ELETR 6800X220V","Pratimix Resist Tipo Super Ducha Eletr 6800x220v","PRATIMIX","CON-127465","21.40","EMB: 1","Disponível","https://www.construja.com.br/produto/127465/pratimix-resist-tipo-super-ducha-eletr-6800x220v"
"GERAL","GERAL","FOXLUX - CABO REDE CFTV CX/305M C/ANATEL AZ","Foxlux Cabo Rede Cftv C Anatel","FOXLUX","CON-107398","260.39","EMB: 1","Disponível","https://www.construja.com.br/produto/107398/foxlux-cabo-rede-cftv-cx305m-canatel-az"
"GERAL","GERAL","NOVACOR - TINTA ACR STAND COBRE+  3,6L CONCRETO","Novacor Tinta Acr Stand + 3 6l Concreto","NOVACOR","CON-105173","76.11","EMB: 1","Disponível","https://www.construja.com.br/produto/105173/novacor-tinta-acr-stand-cobre-36l-concreto"
"GERAL","GERAL","THOMPSON - TESOURA CORTA VERGALHAO 36 CRV PRO","Thompson Tesoura Corta Vergalhao 36 Crv Pro","THOMPSON","CON-180816","257.30","EMB: 1","Disponível","https://www.construja.com.br/produto/180816/thompson-tesoura-corta-vergalhao-36-crv-pro"
"GERAL","GERAL","FERJA - BROCA AÇO RAPIDO  3,0MM*","Ferja Broca Rapido *","FERJA","CON-192330","0.00","EMB: 10","SEM ESTOQUE","https://www.construja.com.br/produto/192330/ferja-broca-ao-rapido-30mm"
"GERAL","GERAL","AMANCO - CONECTOR CPVC 22MMX3/4 SUPER CPVC.","Conector Cpvc 22mmx3 4 Super Cpvc.","AMANCO","CON-15867","19.34","EMB: 1","Disponível","https://www.construja.com.br/produto/15867/amanco-conector-cpvc-22mmx34-super-cpvc"
"GERAL","GERAL","MAXEB - SUP CORTINA RETO BR 0,90X1,03M","Maxeb Sup Cortina Reto 0","MAXEB","CON-196139","17.09","EMB: 1","Disponível","https://www.construja.com.br/produto/196139/maxeb-sup-cortina-reto-br-090x103m"
"GERAL","GERAL","FERJA - ABRAÇ NYLON BR  4,8X400 C/50","Ferja Aaç Br 4 C 50","FERJA","CON-192368","10.80","EMB: 1","Disponível","https://www.construja.com.br/produto/192368/ferja-abra-nylon-br-48x400-c50"
"GERAL","GERAL","HIDROLAR - BARRA APOIO ALUM 60CM 45º","Hidrolar Apoio Alum 60cm 45º","HIDROLAR","CON-153266","83.83","EMB: 1","Disponível","https://www.construja.com.br/produto/153266/hidrolar-barra-apoio-alum-60cm-45"
"GERAL","GERAL","IRWIN - BROCA AÇO RAPIDO  7,0MM","Broca Rapido","IRWIN","CON-17013","10.45","EMB: 10","Disponível","https://www.construja.com.br/produto/17013/irwin-broca-ao-rapido-70mm"
"GERAL","GERAL","HERC - TORN BICA MOVEL LAV ABS BR/CR TIVOLI","Herc Torn Bica Movel Lav Abs Cr Tivoli","HERC","CON-187285","31.19","EMB: 1","Disponível","https://www.construja.com.br/produto/187285/herc-torn-bica-movel-lav-abs-brcr-tivoli"
"GERAL","GERAL","DETONI - FECHO PORTAO 150MMX52MM ZC/AM","Detoni Fecho Portao 150mmx52mm Zc","DETONI","CON-142279","10.49","EMB: 1","Disponível","https://www.construja.com.br/produto/142279/detoni-fecho-portao-150mmx52mm-zcam"
"GERAL","GERAL","FERJA - TESOURA CORTA VERGALHAO 36 CRV PRO","Ferja Tesoura Corta Vergalhao 36 Crv Pro","FERJA","CON-192429","210.03","EMB: 1","Disponível","https://www.construja.com.br/produto/192429/ferja-tesoura-corta-vergalhao-36-crv-pro"
"GERAL","GERAL","NEW-FIX - PARAF DRYWALL FLANG AGULHA PHS RI 4,2X19","New Fix Paraf Drywall Flang Agulha Phs Ri 4","NEW","CON-191661","5.66","EMB: 5","Disponível","https://www.construja.com.br/produto/191661/new-fix-paraf-drywall-flang-agulha-phs-ri-42x19"
"GERAL","GERAL","NEW-FIX - PARAF R MAQ RED [06] 1/8X3/4","New Fix Paraf R Maq Red [06] 1 4","NEW","CON-191248","2.96","EMB: 5","Disponível","https://www.construja.com.br/produto/191248/new-fix-paraf-r-maq-red-06-18x34"
"GERAL","GERAL","AMANCO - JOELHO LL 21/2X90","Joelho Ll 21","AMANCO","CON-158150","99.53","EMB: 1","Disponível","https://www.construja.com.br/produto/158150/amanco-joelho-ll-212x90"
"GERAL","GERAL","LUKMA - TERM PRE-ISOL ILHOS TUBO DUPLO 0,75MM CZ","Lukma Term Pre Isol Ilhos Tubo Duplo","LUKMA","CON-159898","16.59","EMB: 1","Disponível","https://www.construja.com.br/produto/159898/lukma-term-pre-isol-ilhos-tubo-duplo-075mm-cz"
"GERAL","GERAL","AROUCA - FECH PORTAO CR ZAMAC 7072","Arouca Fech Portao Cr Zamac 7072","AROUCA","CON-128307","0.00","EMB: 1","SEM ESTOQUE","https://www.construja.com.br/produto/128307/arouca-fech-portao-cr-zamac-7072"
"GERAL","GERAL","SIL - CABO FLEX 25,00 BR R/100M**","Cabo Flex 25 00 R **","SIL","CON-185560","3207.23","EMB: 1","Disponível","https://www.construja.com.br/produto/185560/sil-cabo-flex-2500-br-r100m"
"GERAL","GERAL","HYDRA - ACABAMENTO VALV BG","Hydra Acabamento Valv Bg","HYDRA","CON-133255","81.44","EMB: 1","Disponível","https://www.construja.com.br/produto/133255/hydra-acabamento-valv-bg"
"GERAL","GERAL","LUKMA - CONECTOR DERIVAÇAO PT  35MM/240MM","Lukma Conector Derivaçao 240mm","LUKMA","CON-159841","95.07","EMB: 2","Disponível","https://www.construja.com.br/produto/159841/lukma-conector-derivaao-pt-35mm240mm"
"GERAL","GERAL","TRAMON - BOX RETO E 11/2 56127/025","Tramon Box Reto E 56127 025","TRAMON","CON-16079","14.29","EMB: 1","Disponível","https://www.construja.com.br/produto/16079/tramon-box-reto-e-112-56127025"
"GERAL","GERAL","THOMPSON - LAMINA ESTILETE 09MM 10PÇ","Thompson Lamina Estilete 10pç","THOMPSON","CON-116112","3.73","EMB: 1","Disponível","https://www.construja.com.br/produto/116112/thompson-lamina-estilete-09mm-10p"
"GERAL","GERAL","NEW-FIX - PARAF MAD C/CHATA PHS ZINC 4,8X 40","New Fix Paraf Mad C Chata Phs Zinc 4 8x 40","NEW","CON-191590","0.00","EMB: 2","SEM ESTOQUE","https://www.construja.com.br/produto/191590/new-fix-paraf-mad-cchata-phs-zinc-48x-40"
"GERAL","GERAL","SERLONAS - LONA PLAST BOB 6X100 PT 30KG","Serlonas Lona Plast Bob 30kg","SERLONAS","CON-128165","386.82","EMB: 1","Disponível","https://www.construja.com.br/produto/128165/serlonas-lona-plast-bob-6x100-pt-30kg"
"GERAL","GERAL","ATLAS - PINCEL ARTESANATO 18","Atlas Pincel Artesanato 18","ATLAS","CON-149126","5.26","EMB: 12","Disponível","https://www.construja.com.br/produto/149126/atlas-pincel-artesanato-18"
"GERAL","GERAL","LORENZETTI - DUCHA MAXI DUCHA ULTRA 5500X220","Ducha Maxi Ducha Ultra","LORENZETTI","CON-127131","89.61","EMB: 1","Disponível","https://www.construja.com.br/produto/127131/lorenzetti-ducha-maxi-ducha-ultra-5500x220"
"GERAL","GERAL","FERJA - LIXA FERRO 040 K-240","Ferja Lixa Ferro 040 K 240","FERJA","CON-190477","2.92","EMB: 25","Disponível","https://www.construja.com.br/produto/190477/ferja-lixa-ferro-040-k-240"
"GERAL","GERAL","TRAMON - PLACA PISO ALUM CZ 4X4 CEGA 56121/150","Tramon Placa Piso Alum Cega 56121 150","TRAMON","CON-166179","23.92","EMB: 1","Disponível","https://www.construja.com.br/produto/166179/tramon-placa-piso-alum-cz-4x4-cega-56121150"
"GERAL","GERAL","NEW-FIX - REBITE ALUM REPUXO 408 (5/32) C/1000","New Fix Rebite Alum Repuxo 408 () C 1000","NEW","CON-185105","53.96","EMB: 1","Disponível","https://www.construja.com.br/produto/185105/new-fix-rebite-alum-repuxo-408-532-c1000"
"GERAL","GERAL","KRONA - LUVA LR   3/4X1/2","Luva Lr 3 2","KRONA","CON-13273","1.49","EMB: 50","Disponível","https://www.construja.com.br/produto/13273/krona-luva-lr-34x12"
"GERAL","GERAL","GARDEN - AUMENTO (B) MEDIO ZAMAC 3/4","Garden Aumento (b) Medio Zamac","GARDEN","CON-187175","5.85","EMB: 1","Disponível","https://www.construja.com.br/produto/187175/garden-aumento-b-medio-zamac-34"
"GERAL","GERAL","DOCOL - TORN BICA MOVEL PAREDE 1/4V PRIMOR**","Torn Bica Movel Parede 1 4v Primor**","DOCOL","CON-133232","170.11","EMB: 1","Disponível","https://www.construja.com.br/produto/133232/docol-torn-bica-movel-parede-14v-primor"
"GERAL","GERAL","MORLAN - TELA GALV VIVEIRO 1/2X26X1,00 50M","Morlan Tela Galv Viveiro 1 2x26x1 00","MORLAN","CON-111154","328.32","EMB: 1","Disponível","https://www.construja.com.br/produto/111154/morlan-tela-galv-viveiro-12x26x100-50m"
"GERAL","GERAL","TEK BOND - FITA CREPE 48X50 USO GERAL","Tek Bond Fita Crepe Uso Geral","TEK BOND","CON-185228","10.55","EMB: 1","Disponível","https://www.construja.com.br/produto/185228/tek-bond-fita-crepe-48x50-uso-geral"
"GERAL","GERAL","CADIZ - VARAO CORT SIMPLES 3,00-19MM IMBUIA","Cadiz Varao Cort Simples 3 00 Imbuia","CADIZ","CON-11898","23.97","EMB: 1","Disponível","https://www.construja.com.br/produto/11898/cadiz-varao-cort-simples-300-19mm-imbuia"
"GERAL","GERAL","ILUMI - PL I9 4X2 BR (1 MOD) 96070","Pl I9 (1 Mod) 96070","ILUMI","CON-122581","3.19","EMB: 1","Disponível","https://www.construja.com.br/produto/122581/ilumi-pl-i9-4x2-br-1-mod-96070"
"GERAL","GERAL","GERDAU - PREGO 17X24 C/C","Prego C C","GERDAU","CON-11130","12.78","EMB: 1","Disponível","https://www.construja.com.br/produto/11130/gerdau-prego-17x24-cc"
"GERAL","GERAL","FERJA - SERRA CIRC WIDEA 71/4X24D PRO*","Ferja Serra Circ Widea 71 4x24d Pro*","FERJA","CON-192194","0.00","EMB: 1","SEM ESTOQUE","https://www.construja.com.br/produto/192194/ferja-serra-circ-widea-714x24d-pro"